movie_id,title
tt0000001,Carmencita
tt0000002,Le clown et ses chiens
tt0000003,Poor Pierrot
tt0000004,Un bon bock
tt0000005,Blacksmith Scene
tt0000007,Corbett and Courtney Before the Kinetograph
tt0000008,Edison Kinetoscopic Record of a Sneeze
tt0000009,Miss Jerry
tt0000010,Leaving the Factory
tt0000011,Acrobatic Potpourri
tt0000012,The Arrival of a Train
tt0000013,The Photographical Congress Arrives in Lyon
tt0000014,The Waterer Watered
tt0000015,Around a Cabin
tt0000016,Boat Leaving the Port
tt0000017,Italian Peasant Dance
tt0000018,Das boxende Känguruh
tt0000019,The Clown Barber
tt0000020,The Derby 1895
tt0000022,Blacksmith Scene
tt0000023,The Sea
tt0000024,Opening of the Kiel Canal
tt0000025,The Oxford and Cambridge University Boat Race
tt0000026,The Messers. Lumière at Cards
tt0000027,Cordeliers' Square in Lyon
tt0000028,Fishing for Goldfish
tt0000029,Baby's Meal
tt0000030,Rough Sea at Dover
tt0000031,Jumping the Blanket
tt0000032,The serpentine dancer
tt0000033,Horse Trick Riders
tt0000034,Arrivée d'un train gare de Vincennes
tt0000035,Watering the Flowers
tt0000036,Awakening of Rip
tt0000037,Sea Bathing
tt0000038,The Ball Game
tt0000040,Barque sortant du port de Trouville
tt0000041,Bataille de neige
tt0000042,Bateau-mouche sur la Seine
tt0000043,Batteuse à vapeur
tt0000044,Le bivouac
tt0000045,Les blanchisseuses
tt0000046,Bois de Boulogne
tt0000047,Boulevard des Italiens
tt0000048,The Boxing Kangaroo
tt0000049,Boxing Match; or  Glove Contest
tt0000050,Bébé et fillettes
tt0000051,The Bohemian Encampment
tt0000052,Ruraux au galop
tt0000053,A Chegada do Comboio Inaugural à Estação Central do Porto
tt0000054,A Merry-Go-Round
tt0000055,Le chiffonnier
tt0000056,Uma Corrida de Touros no Campo Pequeno
tt0000057,Cortège de tzar allant à Versailles
tt0000058,Cortège de tzar au Bois de Boulogne
tt0000059,Coronation of a Village Maiden
tt0000060,Dancing Darkies
tt0000061,Dancing Girls
tt0000062,Danse serpentine
tt0000063,Dessinateur express
tt0000064,Dessinateur: Chamberlain
tt0000065,Dessinateur: Reine Victoria
tt0000066,Dessinateur: Von Bismark
tt0000067,Conjurer Making Ten Hats in Sixty Seconds
tt0000068,Unloading the Boat
tt0000069,Post No Bills
tt0000070,Demolition of a Wall
tt0000071,Automobiles Starting a Race
tt0000072,Officers of French Army Leaving Service
tt0000073,Effets de mer sur les rochers
tt0000074,Enfants jouant sur la plage
tt0000075,The Conjuring of a Woman at the House of Robert Houdin
tt0000076,Exit of Rip and the Dwarf
tt0000077,Le fakir  mystère indien
tt0000078,Feira de Gado na Corujeira
tt0000079,La gare Saint-Lazare
tt0000080,Grandes manoeuvres
tt0000081,Towing a Boat on the River
tt0000082,A Hard Wash
tt0000083,Les indiscrets
tt0000084,Les ivrognes
tt0000085,Gardener Burning Weeds
tt0000086,Beach and Pier at Trouville  1st part
tt0000087,Beach and Pier at Trouville  2nd part
tt0000088,Market Day
tt0000089,Leaving Jerusalem by Railway
tt0000090,Libération des territoriaux
tt0000091,The House of the Devil
tt0000092,Marée montante sur Brise-Larmes
tt0000093,Melbourne
tt0000094,Miss de Vere
tt0000095,The Mysterious Paper
tt0000096,Place Saint-Augustin
tt0000097,Place de l'Opéra  First View
tt0000098,Place de l'Opéra  Second View
tt0000099,Place de la Bastille
tt0000100,Place de la Concorde
tt0000101,Place du théâtre français
tt0000102,The Beach at Villiers in a Gale
tt0000103,Smarter than the Teacher
tt0000105,The Docks at Marseilles
tt0000106,Retour au cantonnement
tt0000107,Naval Review at Cherburg
tt0000108,Rip Leaving Sleepy Hollow
tt0000109,Rip Meeting the Dwarf
tt0000110,Rip Passing Over the Mountain
tt0000111,Rip's Toast
tt0000112,Rip's Toast to Hudson
tt0000113,Rip's Twenty Years' Sleep
tt0000114,French Regiment Going to the Parade
tt0000115,Réunion d'officiers
tt0000116,Sac au dos
tt0000117,Saída do Pessoal Operário da Fábrica Confiança
tt0000118,Salut malencontreux d'un déserteur
tt0000119,Rescue on the River  Pt. 2
tt0000120,Rescue on the River  Pt. 1
tt0000121,The Soldier's Courtship
tt0000122,Closing Hours at Vibert's Perfume Factory
tt0000123,Conjuring
tt0000124,Tempête sur la jetée du treport
tt0000126,Tom Old Boot
tt0000127,Les tribulations d'un concierge
tt0000128,Academy for Young Ladies
tt0000129,Un petit diable
tt0000130,Une altercation au café
tt0000131,A Terrible Night
tt0000132,Card Party
tt0000133,La voiture du potier
tt0000135,A Watermelon Feast
tt0000137,Au réfectoire
tt0000138,The Bewitched Inn
tt0000139,L'aveugle
tt0000140,Baignade dans le torrent
tt0000141,Ballet libella
tt0000142,Buffalo Bill and Escort
tt0000143,Les cambrioleurs
tt0000144,Chez le magnétiseur
tt0000145,En classe
tt0000146,Le cocher de fiacre endormi
tt0000147,The Corbett-Fitzsimmons Fight
tt0000148,Le Coucher d'Yvette
tt0000149,Behind the Scenes
tt0000150,Danse fleur de lotus
tt0000151,Faust et Marguerite
tt0000152,The Hallucinated Alchemist
tt0000153,The Haunted Castle
tt0000154,Henley Regatta
tt0000155,The Hypnotist at Work
tt0000156,A Badly Managed Hotel
tt0000157,Idylle
tt0000158,Idylle interrompue
tt0000159,The Devil's Laboratory
tt0000160,The Last Days of Pompeii
tt0000161,Leçon de danse
tt0000162,Niagara Falls
tt0000163,Le planton du colonel
tt0000164,Le pêcheur dans le torrent
tt0000165,Riña en un café
tt0000166,Salida de los trabajadores de la fábrica España Industrial
tt0000167,Salida de misa de doce del Pilar de Zaragoza
tt0000168,Salida del público de la iglesia parroquial de Santa María de Sans
tt0000169,Slagsmål i gamla Stockholm
tt0000170,The Twins' Tea Party
tt0000171,Une nuit agitée
tt0000172,The X-Ray Fiend
tt0000173,Battle of Santiago Bay
tt0000174,Výstavní párkar a lepic plakátù
tt0000175,A Sea Cave Near Lisbon
tt0000177,The Burglar on the Roof
tt0000178,The Cavalier's Dream
tt0000179,The Cave of the Demons
tt0000180,Le chemin de croix
tt0000181,Cinderella
tt0000182,Come Along  Do!
tt0000183,The Corsican Brothers
tt0000184,Cripple Creek Bar-Room Scene
tt0000185,La crèche à Bethléem
tt0000186,Le cuirassé Maine
tt0000187,La cène
tt0000188,The Deserter
tt0000189,Dorotea
tt0000190,Dostavenícko ve mlýnici
tt0000191,Déménagement à la cloche de bois
tt0000192,Ella Lola  a la Trilby
tt0000193,L'entrée à Jérusalem
tt0000194,Express Train on a Railway Cutting
tt0000195,Les farces de Jocko
tt0000196,Faust and Mephistopheles
tt0000197,La flagellation
tt0000198,La fuite en Égypte
tt0000201,Indian War Council
tt0000202,Le jardin des oliviers
tt0000203,Je vous y prrrrends!
tt0000204,Jésus devant Pilate
tt0000205,Leçons de boxe
tt0000206,Llegada de un tren a la estación de ferrocarril del Norte  de Barcelona
tt0000208,The Miller and Chimney Sweep
tt0000209,Photographing a Ghost
tt0000210,A Novice at X-rays
tt0000211,The Astronomer's Dream; or  The Man in the Moon
tt0000212,Saida do Paquete Duque de Braganca
tt0000213,Scène d'escamotage
tt0000214,Tearing Down the Spanish Flag
tt0000215,Smích a plác
tt0000216,Visita de Doña María Cristina y Alfonso XIII a Barcelona
tt0000217,Waves and Spray
tt0000218,L'affaire Dreyfus
tt0000219,Aladdin and the Wonderful Lamp
tt0000221,Aspectos da Praia de Cascais
tt0000222,Au cabaret
tt0000223,L'aveugle
tt0000227,Bombardment of Mafeking
tt0000228,La bonne absinthe
tt0000229,Casey at the Bat
tt0000230,Cinderella
tt0000232,Le chiffonnier
tt0000233,Choque de dos transatlánticos
tt0000234,Cleopatra's Tomb
tt0000235,Haggard's She: The Pillar of Fire
tt0000236,Courte échelle
tt0000237,Le crucifiement
tt0000238,Les dangers de l'alcoolisme
tt0000239,Danse serpentine par Mme. Bob Walter
tt0000241,La descente de croix
tt0000242,The Sign of the Cross
tt0000243,Le déjeuner des enfants
tt0000244,Erreur judiciaire
tt0000246,A Turn of the Century Illusionist
tt0000247,King John
tt0000248,A Kiss in the Tunnel
tt0000249,The Legacy
tt0000250,Llegada del vapor Bellver a Mallorca
tt0000251,Matches: An Appeal
tt0000252,La mauvaise soupe
tt0000253,The Miser's Doom
tt0000254,Monnaie de lapin
tt0000255,Mésaventure d'un charbonnier
tt0000257,La résurrection
tt0000258,Le tondeur de chiens
tt0000259,Le tonnelier
tt0000260,Transformations
tt0000261,A Midnight Episode
tt0000262,Un lunch
tt0000264,Summoning the Spirits
tt0000265,Above the Limit
tt0000267,L'angélus
tt0000268,L'arléquine
tt0000269,Army Life; or  How Soldiers Are Made: Mounted Infantry
tt0000270,Arrivée d'Arléquin
tt0000271,Arrivée de Pierette et Pierrot
tt0000272,As Seen Through a Telescope
tt0000273,Attack on a China Mission
tt0000274,Avenue de l'opéra
tt0000275,Badinage
tt0000276,Bataille d'oreillers
tt0000277,Bataille de boules de neige
tt0000279,Buffalo Bill's Wild West Parade
tt0000280,Buffalo Bill's Wild West Parade
tt0000281,Buffalo Bill's Wild West Show
tt0000282,Le bébé
tt0000283,Chez le Maréchal-Ferrant
tt0000284,Chez le photographe
tt0000285,Chinese Magic
tt0000286,Chirurgie fin de siècle
tt0000287,The Clown and the Alchemist
tt0000288,La concierge
tt0000289,Coucher d'une Parisienne
tt0000290,Dance de l'ivresse
tt0000291,Dans les coulisses
tt0000292,Danse du papillon
tt0000293,Danse du pas des foulards par des almées
tt0000294,La danse du ventre
tt0000295,Danse du voile
tt0000296,Danse serpentine
tt0000297,Danses
tt0000298,Déclaration d'amour
tt0000299,Le départ d'Arlequin et de Pierrette
tt0000300,The Enchanted Drawing
tt0000301,Faust and Marguerite
tt0000302,La fée aux choux  ou la naissance des enfants
tt0000303,Gavotte directoire
tt0000304,Grandma's Reading Glass
tt0000305,L'Habanera
tt0000306,Hamlet  Duel Scene with Laertes
tt0000307,Happy Hooligan
tt0000308,The House That Jack Built
tt0000309,How It Feels to Be Run Over
tt0000310,Chimmie Hicks and the Rum Omelet
tt0000312,Le lapin
tt0000313,Let Me Dream Again
tt0000314,Leçon de danse
tt0000315,Le marchand de coco
tt0000316,Marché à la volaille
tt0000317,Le matelot
tt0000318,Eine moderne Jungfrau von Orleans
tt0000319,Maple Leaf Viewing
tt0000320,Mort d'Adonis
tt0000321,The Mystic Swing
tt0000322,Panorama de Barcelona: monumentos y fiestas
tt0000323,Pas Japonais
tt0000324,Pas de grâce
tt0000325,Pas des éventails
tt0000326,Pas du poignard
tt0000327,La paysanne
tt0000328,La petite magicienne
tt0000329,Le Polichinelle
tt0000330,La poupée noire
tt0000331,La reine des jouets
tt0000332,Retour des champs
tt0000333,Le sang d'Adonis donnant naissance à la rose rouge
tt0000334,Saut humidifié de M. Plick
tt0000335,Soldiers of the Cross
tt0000336,La source
tt0000338,Suite de la danse
tt0000339,La tarentelle
tt0000340,Uncle Josh in a Spooky Hotel
tt0000341,Uncle Josh's Nightmare
tt0000342,Une rage de dents
tt0000343,Valse directoire
tt0000344,Valse lente
tt0000345,L'écossaise
tt0000346,Another Job for the Undertaker
tt0000347,Buffalo Bill's Wild West Parade
tt0000348,Charmant froufrou
tt0000349,What Came Out of the Cheese; or  The Lilliputians in a New York Restaurant
tt0000350,The Countryman's First Sight of the Animated Pictures
tt0000351,Danses basques
tt0000352,Day at the Circus
tt0000354,Exercício de Artilharia no Hipódromo de Belém
tt0000355,Fire!
tt0000356,Frivolité
tt0000357,The Haunted Curiosity Shop
tt0000358,History of a Crime
tt0000359,The India Rubber Head
tt0000360,Hussards et grisettes
tt0000361,Lavatory moderne
tt0000362,Lecture quotidienne
tt0000363,Magical Sword
tt0000364,Panorama of Esplanade by Night
tt0000365,Parada de Bombeiros
tt0000366,Uma Parada dos Alunos da Casa Pia de Lisboa
tt0000367,Pas de colombine
tt0000368,Little Red Riding Hood
tt0000369,A Road for Children's Bicycles in Barcelona
tt0000370,Scrooge; or Marley's Ghost
tt0000371,Scène d'amour
tt0000372,Scène d'ivresse
tt0000373,The Devil's Seven Castles
tt0000374,Tel est pris qui croyait prendre
tt0000375,Uma Tourada à Antiga Portuguesa
tt0000376,A táncz
tt0000377,Undressing Extraordinary
tt0000378,Les vagues
tt0000379,Visita de la escuadra inglesa a Barcelona
tt0000381,Buffalo Bill's Wild West Show
tt0000382,Carnaval en las ramblas
tt0000383,Carreras de caballos en el hipódromo de Barcelona
tt0000384,Miss Dundee and Her Performing Dogs
tt0000385,Les clowns
tt0000386,La cour des miracles
tt0000387,The Coronation of King Edward VII
tt0000388,Danse excentrique
tt0000389,Danse fantaisiste
tt0000390,Danse mauresque
tt0000391,La dent récalcitrante
tt0000392,The Enchanted Cup
tt0000393,En faction
tt0000394,Farces de cuisinière
tt0000395,La fiole enchantée
tt0000396,Fruits de saison
tt0000397,La gavotte
tt0000398,La gigue
tt0000399,Jack and the Beanstalk
tt0000400,Le lion savant
tt0000401,Le marchand de ballons
tt0000402,Mother Goose Nursery Rhymes
tt0000403,Le pommier
tt0000404,Pour secouer la salade
tt0000405,La première gamelle
tt0000407,Procesión de las hijas de María de la parroquia de Sans
tt0000408,Quadrille réaliste
tt0000409,Midwife to the Upper Classes
tt0000411,Trompé mais content
tt0000412,The Troublesome Fly
tt0000413,The Devil's Money Bags
tt0000414,Uncle Josh at the Moving Picture Show
tt0000415,A Peculiar Cabinet
tt0000416,Alcohol and Its Victims
tt0000417,A Trip to the Moon
tt0000418,The Wild Man of Borneo
tt0000419,L'équilibriste
tt0000420,Alice in Wonderland
tt0000421,Les apaches pas veinards
tt0000422,Les aventures d'un voyageur trop pressé
tt0000423,The Enchanted Box
tt0000424,Les braconniers
tt0000425,Buffalo Bill's Parade
tt0000426,Buffalo Bill's Street Parade
tt0000427,Cake-walk de la pendule
tt0000428,Carreras de bicicletas en el parque
tt0000429,La chasse au cambrioleur
tt0000430,A Chess Dispute
tt0000431,Comme on fait son lit on se couche
tt0000432,How Monsieur Takes His Bath
tt0000433,Compagnons de voyage encombrants
tt0000434,Dorothy's Dream
tt0000435,Enlèvement en automobile et mariage précipité
tt0000436,An Extraordinary Cab Accident
tt0000437,Faust and Mephistopheles
tt0000438,Le fiancé ensorcelé
tt0000439,The Great Train Robbery
tt0000440,La guirlande merveilleuse
tt0000441,Gulliver en el país de los gigantes
tt0000442,Capital Execution
tt0000443,Hiawatha
tt0000444,Illusionniste renversant
tt0000445,Jocko musicien
tt0000446,Kit Carson
tt0000447,Life of an American Fireman
tt0000448,Le liqueur du couvent
tt0000449,Lutteurs américains
tt0000450,La main du professeur Hamilton ou le roi des dollars
tt0000451,Mary Jane's Mishap
tt0000452,The Messenger Boy's Mistake
tt0000453,Modelage express
tt0000454,La mouche
tt0000455,The Music Lover
tt0000457,Ne bougeons plus
tt0000458,Nos bons étudiants
tt0000460,The Pioneers
tt0000461,Potage indigeste
tt0000462,La poule fantaisiste
tt0000463,Puerto de Barcelona
tt0000464,Rip Van Winkle
tt0000465,The Kingdom of the Fairies
tt0000466,Répétition dans un cirque
tt0000467,Secours aux naufragés
tt0000468,Service précipité
tt0000469,The Sick Kitten
tt0000470,Les surprises de l'affichage
tt0000472,Uncle Tom's Cabin
tt0000473,La valise enchantée
tt0000474,Le voleur sacrilège
tt0000475,Voyage of the 'Arctic'
tt0000476,Après la fête
tt0000477,L'assassinat du courrier de Lyon
tt0000478,Behind the Scenes
tt0000479,Rum vs. Cherries
tt0000480,Le coffre enchanté
tt0000482,Comment on disperse les foules
tt0000483,Les deux rivaux
tt0000484,Les enfants du miracle
tt0000485,La gavotte de la reine
tt0000486,A Gentleman of France
tt0000487,The Great Train Robbery
tt0000488,The Land Beyond the Sunset
tt0000489,La leçon de pipeau
tt0000490,L'oiseau envolé
tt0000492,Personal
tt0000493,Pierrot  Murderer
tt0000494,Le pompon malencontreux
tt0000495,The Pearl Fisher
tt0000498,Rescued by Rover
tt0000499,An Impossible Voyage
tt0000501,Adventures of Sherlock Holmes
tt0000502,Bohemios
tt0000503,Corrida de beneficencia celebrada por Quinito y Montes
tt0000504,Coso y Paseo de Santa Engracia (Calles y plazas de Zaragoza)
tt0000505,The Wig Chase
tt0000506,The Effects of Too Much Scotch
tt0000508,Desde el coso a la calle Cerdán (Calles y plazas de Zaragoza)
tt0000509,The Inexperienced Chauffeur
tt0000510,El dúo de la Africana
tt0000511,Esmeralda
tt0000513,Gigantes y cabezudos
tt0000514,Los guapos de la Vaquería del Parque
tt0000515,El heredero de casa Pruna
tt0000516,The Electric Hotel
tt0000517,El húsar de la guardia
tt0000518,Juanito el forzudo
tt0000519,The Kleptomaniac
tt0000520,The Life of Charles Peace
tt0000521,The Little Train Robbery
tt0000524,New York Subway
tt0000525,Hanging at Jefferson City
tt0000527,Plaza de la Magdalena (Calles y plazas de Zaragoza)
tt0000528,Raffles  the Amateur Cracksman
tt0000530,Se da de comer
tt0000531,Los sitios de Chile
tt0000532,Torrero y la ribera (Calles y plazas de Zaragoza)
tt0000534,The '?' Motorist
tt0000535,The Anarchist's Mother-in-Law
tt0000536,Apachentanz
tt0000538,Bilbao  Portugalete y los Altos Hornos
tt0000539,Bonden i København
tt0000541,Caros død
tt0000542,Cerveza gratis
tt0000543,Kong Christian d. IXs Bisættelse
tt0000544,The Dancer's Dream
tt0000546,Dream of a Rarebit Fiend
tt0000547,Ferias en San Sebastián y Cabalgata en la Ría
tt0000548,Fiskerliv i Norden
tt0000549,En foræring til min Kone
tt0000550,Proklamationen af Kong Frederik d. VIII
tt0000552,The Hand of the Artist
tt0000553,The Haunted Hotel
tt0000554,Humorous Phases of Funny Faces
tt0000555,Den hvide slavinde
tt0000556,Hævnet
tt0000557,Kathleen Mavourneen
tt0000558,Los kikos
tt0000559,Konfirmanden
tt0000560,Ladrones burlados
tt0000561,The Life of a Cowboy
tt0000564,A Modern Oliver Twist
tt0000565,The Night Before Christmas
tt0000566,Professorens Morgenavis
tt0000567,The 400 Tricks of the Devil
tt0000568,Rosenborg Have
tt0000569,Røverhøvdingens Flugt og Død
tt0000571,The San Francisco Earthquake
tt0000572,Secreto de confesión
tt0000573,Den sorte maske
tt0000574,The Story of the Kelly Gang
tt0000575,20 000 Leagues Under the Sea
tt0000576,Ali Baba and the Forty Thieves
tt0000577,Angelo  Tyrant of Padua
tt0000578,An Awful Skate; or  the Hobo on Rollers
tt0000579,The Bandit Makes Good
tt0000580,A Batalha das Flores no Campo Grande
tt0000581,Bauernhaus und Grafenschloß
tt0000582,Ben Hur
tt0000583,The Lady with the Camellias
tt0000584,El ciego de la aldea
tt0000585,Concurso de sardanas en el parque Guell
tt0000586,A Curious Dream
tt0000587,La dea del mare
tt0000588,Der var engang
tt0000590,Dr. Skinum
tt0000591,The Prodigal Son
tt0000592,Eureka Stockade
tt0000593,Fiestas de San Antonio
tt0000594,The Flight from the Seraglio
tt0000595,From the Rococo Times
tt0000596,Fyrtøjet
tt0000597,The Magic Mirror
tt0000598,Hamlet  Prince of Denmark
tt0000599,Polar Bear Hunt
tt0000601,Lohengrin
tt0000602,Lion Hunting
tt0000603,The Magic Fountain Pen
tt0000604,A Misalliance
tt0000605,Mordet paa Fyn
tt0000606,Mr. Gay and Mrs.
tt0000607,La muerte del tirano
tt0000608,En ny hat til Madammen
tt0000609,Othello
tt0000610,Othello
tt0000611,In the Sultan's Power
tt0000612,Procesión marítima en Santa Cristina
tt0000613,O Rapto de Uma Actriz
tt0000614,The Red Spectre
tt0000615,Robbery Under Arms
tt0000616,Romería a San Medín
tt0000617,The Robber's Sweetheart
tt0000618,Salaviinanpolttajat
tt0000620,The Will
tt0000621,That Fatal Sneeze
tt0000622,Tierra baja
tt0000623,The Magic Bag
tt0000624,The Ugly Duckling
tt0000625,Villafranca: Fiestas del Drac y bailes típicos
tt0000626,Yale Laundry
tt0000627,'Ostler Joe
tt0000628,The Adventures of Dollie
tt0000629,After Many Years
tt0000630,Hamlet
tt0000631,Hamlet
tt0000632,Love That Kills
tt0000633,The Anarchist's Sweetheart
tt0000634,Antony and Cleopatra
tt0000636,As You Like It
tt0000637,The Assassination of the Duke de Guise
tt0000638,At the Crossroads of Life
tt0000639,At the French Ball
tt0000640,An Awful Moment
tt0000641,Balked at the Altar
tt0000642,The Bandit's Waterloo
tt0000643,Barbara Fritchie: The Story of a Patriotic American Woman
tt0000644,Behind the Scenes
tt0000645,Betrayed by a Handprint
tt0000647,Bjørnejagten
tt0000648,The Black Viper
tt0000649,Bobby's Kodak
tt0000650,The Boston Tea Party
tt0000651,The Boy Detective  or the Abductors Foiled
tt0000653,A Calamitous Elopement
tt0000654,The Call of the Wild
tt0000655,Los calzoncillos de Tony
tt0000656,The Grateful Dog
tt0000657,Carreras de caballos de 1908
tt0000658,The Puppet's Nightmare
tt0000659,Caught by Wireless
tt0000660,The Christmas Burglars
tt0000661,Humanity Through the Ages
tt0000662,Classmates
tt0000663,The Clubman and the Tramp
tt0000664,Los competidores
tt0000665,Concealing a Burglar
tt0000666,Corrida de toros con Antonio Fuentes
tt0000667,Corrida de toros con Ricardo Torres 'Bombita'
tt0000668,The Count of Monte Cristo
tt0000669,Cupid's Pranks
tt0000670,El curioso impertinente
tt0000671,Desdemona
tt0000672,The Devil
tt0000673,La Dolores
tt0000674,Don Juan Tenorio
tt0000675,Don Quijote
tt0000676,Don Álvaro o la fuerza del sino
tt0000677,Ex-Convict No. 900
tt0000678,Excursión a Montserrat
tt0000679,The Fairylogue and Radio-Plays
tt0000680,Falsely Accused!
tt0000681,A Famous Escape
tt0000682,A Fantasy
tt0000683,The Fatal Hour
tt0000684,Father Gets in the Game
tt0000685,The Feud and the Turkey
tt0000686,Fiestas del carnaval de 1908 en Barcelona
tt0000687,A Florida Feud: or  Love in the Everglades
tt0000688,The Flower Girl of Paris
tt0000689,For Love of Gold
tt0000690,For a Wife's Honor
tt0000691,The French Maid
tt0000692,El fusilamiento de Dorrego
tt0000693,Gerona monumental
tt0000694,The Girl and the Outlaw
tt0000695,The Greaser's Gauntlet
tt0000696,El guardia burlado
tt0000697,The Guerrilla
tt0000698,The Heart of O Yama
tt0000699,The Helping Hand
tt0000700,Her First Adventure
tt0000701,His Day of Rest
tt0000703,Hulda's Lovers
tt0000704,The Humpty Dumpty Circus
tt0000705,Inauguración de la exposición hispano-francesa
tt0000706,Ingomar  the Barbarian
tt0000707,The Ingrate
tt0000708,The Invisible Fluid
tt0000709,Julius Caesar
tt0000711,The Kentuckian
tt0000712,King of the Cannibal Islands
tt0000713,The King's Messenger
tt0000714,Leah the Forsaken
tt0000715,The Life of an American Cowboy
tt0000716,Lonesome Junction
tt0000717,Macbeth
tt0000718,Making Moving Pictures
tt0000719,Mallorca  isla dorada
tt0000720,The Man and the Woman
tt0000721,The Man in the Box
tt0000722,The Red Barn Mystery
tt0000723,María Rosa
tt0000724,The Merchant of Venice
tt0000725,Mixed Babies
tt0000726,Monasterio de Poblet
tt0000727,Monday Morning in a Coney Island Police Court
tt0000728,Money Mad
tt0000730,Mr. Jones at the Ball
tt0000731,Mrs. Jones Entertains
tt0000732,The Music Master
tt0000733,Old Isaacs  the Pawnbroker
tt0000734,Othello
tt0000736,The Outlaw
tt0000737,Over the Hill to the Poorhouse
tt0000738,The Paris Hat
tt0000739,El pastorcito de Torrente
tt0000740,The Pirate's Gold
tt0000741,The Planter's Wife
tt0000742,Poverty and Compassion
tt0000743,The Princess in the Vase
tt0000744,Professional Jealousy
tt0000746,The Reckoning
tt0000747,The Reg Girl
tt0000748,The Red Man and the Child
tt0000749,Rescued from an Eagle's Nest
tt0000750,Richard III
tt0000751,The Roman
tt0000752,Romance of a Jewess
tt0000753,The Romance of an Egg
tt0000754,Romeo and Juliet
tt0000755,The Dream of an Opium Fiend
tt0000756,The Sculptor's Nightmare
tt0000757,She
tt0000758,Sherlock Holmes
tt0000759,Sherlock Holmes II: Raffles Escaped from Prison
tt0000760,Sherlock Holmes III: The Detective's Adventure in the Gas Cellar
tt0000761,Simulacro de bomberos en la Plaza de Cataluña  de Barcelona
tt0000762,A Smoked Husband
tt0000763,The Snowman
tt0000764,The Song of the Shirt
tt0000765,The Stage Rustler
tt0000766,The Stage-Struck Daughter
tt0000767,The Stolen Jewels
tt0000768,Svend Dyrings hus
tt0000769,Knight of Black Art
tt0000770,The Taming of the Shrew
tt0000771,The Tavern Keeper's Daughter
tt0000772,The Test of Friendship
tt0000773,Thompson's Night Out
tt0000774,To the Custody of the Father
tt0000775,Susceptible Youth
tt0000776,The Last Days of Pompeii
tt0000777,An Unexpected Santa Claus
tt0000778,The Valet's Wife
tt0000779,The Vaquero's Vow
tt0000780,Hercules the Athlete; or  Love Behind the Scenes
tt0000781,The Viking's Daughter: The Story of the Ancient Norsemen
tt0000782,A Visit to the Seaside at Brighton Beach  England
tt0000783,When Knighthood Was in Flower
tt0000784,When Knights Were Bold
tt0000785,Where the Breakers Roar
tt0000786,Wiegenlied
tt0000787,A Woman's Way
tt0000788,The Yellow Peril
tt0000789,The Zulu's Heart
tt0000790,The Battle in the Clouds
tt0000791,Amor heroico
tt0000792,And a Little Child Shall Lead Them
tt0000793,Andreas Hofer
tt0000794,The Apache Girl's Revenge
tt0000795,The Artist's Revenge
tt0000797,At the Altar
tt0000798,An Attempt to Smash a Bank
tt0000799,Aventuras de Pepín
tt0000800,The Awakening
tt0000801,A Baby's Shoe
tt0000802,The Bailiff and the Dressmakers
tt0000803,The Child Benefactor
tt0000805,Baño imprevisto
tt0000806,The Best Man Wins
tt0000807,The Better Way
tt0000808,Betty's Choice
tt0000809,Bill Sharkey's Last Game
tt0000810,The Black Sheep
tt0000811,The Blind Man
tt0000812,El blocao Velarde
tt0000813,Bluebeard
tt0000814,La bocana de Mar Chica
tt0000815,The Brahma Diamond
tt0000816,The Broken Locket
tt0000817,A Message to Napoleon
tt0000818,The Burglar and the Child
tt0000819,A Burglar's Mistake
tt0000820,Campaña del Riff
tt0000821,The Cardinal's Conspiracy
tt0000822,Celos gitanos
tt0000823,A Change of Heart
tt0000824,A Child of the Forest
tt0000825,The Children's Friend
tt0000826,Choosing a Husband
tt0000827,Comata  the Sioux
tt0000828,Confidence
tt0000829,A Convict's Sacrifice
tt0000830,Corazón de madre
tt0000831,The Cord of Life
tt0000832,A Corner in Wheat
tt0000833,The Country Doctor
tt0000834,A Coward's Courage
tt0000835,The Cricket on the Hearth
tt0000836,Os Crimes de Diogo Alves
tt0000837,The Criminal Hypnotist
tt0000838,A Cultura do Cacau
tt0000839,The Curse of Money
tt0000840,The Curtain Pole
tt0000841,The Day After
tt0000842,De Garraf a Barcelona
tt0000843,The Death Disc: A Story of the Cromwellian Period
tt0000844,The Death of Ivan the Terrible
tt0000845,The Deception
tt0000846,Un día en Xochimilco
tt0000847,Don Juan heiratet
tt0000848,The Painting of a Miraculous Spider
tt0000849,Dos guapos frente a frente
tt0000850,Los dos hermanos
tt0000851,The Drive for a Life
tt0000852,A Drunkard's Reformation
tt0000853,The Eavesdropper
tt0000854,Edgar Allan Poe
tt0000855,Eloping with Auntie
tt0000856,Entrevista de los Presidentes Díaz-Taft
tt0000857,Eradicating Aunty
tt0000858,The Expiation
tt0000859,Fabricación del corcho en Sant Feliu de Guixols
tt0000860,The Faded Lilies
tt0000861,A Fair Exchange
tt0000862,Faldgruben
tt0000863,Farmer Giles' Visit to London
tt0000864,The Fascinating Mrs. Francis
tt0000865,A Father's Mistake
tt0000866,Fellow Clerks
tt0000867,Fiesta de toros
tt0000868,Fiestas de Santa Lucía - Belenes
tt0000869,Fiestas en La Garriga
tt0000870,A Fool's Revenge
tt0000871,Fools of Fate
tt0000872,The Foundling
tt0000873,Bakchisarayskiy fontan
tt0000874,The French Duel
tt0000875,The Friend of the Family
tt0000876,Fuss and Feathers
tt0000877,Getting Even
tt0000878,The Gibson Goddess
tt0000879,Gira política de Madero y Pino Suárez
tt0000880,The Girls and Daddy
tt0000882,The Golden Louis
tt0000883,The Grey Lady
tt0000884,The Red Domino
tt0000885,Guzmán el Bueno
tt0000886,Hamlet  Prince of Denmark
tt0000887,Hansel and Gretel
tt0000888,The Heart of a Clown
tt0000889,The Heart of a Cowboy
tt0000890,The Heart of an Outlaw
tt0000891,Cycle Rider and the Witch
tt0000892,Her First Biscuits
tt0000893,Her Indian Hero
tt0000894,The Farmer's Grandson
tt0000895,The Hessian Renegades
tt0000896,The Hindoo Dagger
tt0000897,His Duty
tt0000898,His Lost Love
tt0000899,His Reformation
tt0000900,His Ward's Love
tt0000901,His Wife's Mother
tt0000902,His Wife's Visitor
tt0000903,The Honor of Thieves
tt0000904,The House of Cards
tt0000905,I Did It
tt0000906,The Idiot of the Mountains
tt0000907,In Little Italy
tt0000908,In Old Kentucky
tt0000909,In a Hempen Bag
tt0000910,In the Watches of the Night
tt0000911,In the Window Recess
tt0000912,The Indian Runner's Romance
tt0000913,The Indian Trailer
tt0000914,Industria del corcho
tt0000915,Jailbird in Borrowed Feathers
tt0000916,Je voudrais un enfant
tt0000917,Jealousy and the Man
tt0000918,Jessie  the Stolen Child
tt0000919,The Jilt
tt0000920,Jones and His New Neighbors
tt0000921,Jones and the Lady Book Agent
tt0000922,The Joneses Have Amateur Theatricals
tt0000923,El joyero
tt0000924,A Bad Case
tt0000925,Judgment
tt0000926,Justicia de Felipe II
tt0000927,Kinemacolor Puzzle
tt0000928,King Lear
tt0000929,Klebolin klebt alles
tt0000930,Der kleine Detektiv
tt0000931,Dødsspringet
tt0000932,A Woman of the People
tt0000933,Lady Helen's Escapade
tt0000934,Leather Stocking
tt0000935,The Light That Came
tt0000936,Lines of White on a Sullen Sea
tt0000938,The Little Darling
tt0000939,The Little Teacher
tt0000940,Lochinvar
tt0000941,Locura de amor
tt0000942,The Lonely Villa
tt0000943,Love Finds a Way
tt0000944,The Luck of the Cards
tt0000945,Lucky Jim
tt0000946,The Lure of the Gown
tt0000947,Lægens offer
tt0000950,Macbeth
tt0000951,Madam Sans Gene
tt0000952,Madame de Langeais
tt0000953,A Maid of the Mountains
tt0000954,Mamma
tt0000955,A Man with Three Wives
tt0000956,The Maniac Cook
tt0000957,Mariage forcé
tt0000958,The Medicine Bottle
tt0000959,Melilla y el Gurugu
tt0000960,The Mended Lute
tt0000961,The Message
tt0000962,The Mexican Sweethearts
tt0000963,A Mexican's Gratitude
tt0000964,A Midnight Adventure
tt0000965,Midnight Disturbance
tt0000966,A Midsummer Night's Dream
tt0000967,The Mills of the Gods
tt0000968,Mistaken Identity
tt0000969,Les Misérables
tt0000970,The Life of Moliere
tt0000971,The Mill
tt0000972,The Mountaineer's Honor
tt0000974,Mr. Jones Has a Card Party
tt0000975,Mr. Jones' Burglar
tt0000976,Mrs. Jones' Lover; or  'I Want My Hat'
tt0000977,Mutterliebe
tt0000978,Napoleon og hans lille Trompetist
tt0000979,Napoleon  the Man of Destiny
tt0000980,A Narrow Escape from Lynching
tt0000981,The Necklace
tt0000982,The New Servant
tt0000983,A New Trick
tt0000984,Niños en la alameda
tt0000985,The Note in the Shoe
tt0000986,Nursing a Viper
tt0000987,How Brother Cook was Taught a Lesson
tt0000988,The Short-Sighted Governess
tt0000989,Oh  Uncle!
tt0000990,Oliver Twist
tt0000991,On the Little Big Horn or Custer's Last Stand
tt0000992,De onde Veje
tt0000993,One Busy Hour
tt0000994,One Good Turn Deserves Another
tt0000995,One Touch of Nature
tt0000996,Only a Tramp
tt0000997,The Open Gate
tt0000998,Othello
tt0000999,Paul Wang's Destiny
tt0001000,The Peachbasket Hat
tt0001001,Pippa Passes; or  the Song of Conscience
tt0001002,The Politician's Love Story
tt0001003,Por un ratón
tt0001004,Portrait of Mireille
tt0001005,Pranks
tt0001006,Primera carrera internacional de automóviles 'Peña-Rhin'
tt0001007,La primera y segunda casetas
tt0001008,The Prince and the Pauper
tt0001009,Princess Nicotine; or  The Smoke Fairy
tt0001010,Protección de un convoy de víveres en el puente de camellos
tt0001011,The Prussian Spy
tt0001012,The Ranchman's Rival
tt0001013,The Redman's View
tt0001014,The Renunciation
tt0001015,The Restoration
tt0001016,Resurrection
tt0001017,A Wedding During the French Revolution
tt0001018,Richelieu; or: The Conspiracy
tt0001019,The Road Agents
tt0001020,The Road to the Heart
tt0001021,Robbing the Widowed and Fatherless
tt0001022,A Rose of the Tenderloin
tt0001023,The Roue's Heart
tt0001024,A Rude Hostess
tt0001025,A Rural Elopement
tt0001026,Ruy Blas
tt0001027,The Sacrifice
tt0001028,Salome Mad
tt0001029,The Salvation Army Lass
tt0001030,Saul and David
tt0001031,Schneider's Anti-Noise Crusade
tt0001032,The Sealed Room
tt0001033,The Seventh Day
tt0001034,Shanghaied
tt0001036,Sherlock Holmes IV
tt0001037,Sherlock Holmes V
tt0001039,A Sinner's Repentance
tt0001040,A Sister's Love: A Tale of the Franco-Prussian War
tt0001041,The Slave
tt0001042,The Sleepwalker
tt0001043,Smith's Knockabout Theatre
tt0001044,The Son's Return
tt0001045,A Midsummer Night's Dream
tt0001046,A Sound Sleeper
tt0001047,The Spanish Girl
tt0001048,The Special License
tt0001049,Gøngehøvdingen
tt0001050,A Strange Meeting
tt0001051,El sueño milagroso
tt0001052,The Suicide Club
tt0001053,A Sweet Revenge
tt0001054,Sweet and Twenty
tt0001055,A Tale of the West
tt0001056,Teaching a Husband a Lesson
tt0001057,Ten Nights in a Barroom
tt0001058,Tender Hearts
tt0001059,O Terremoto de Benavente
tt0001060,The Test
tt0001061,They Would Elope
tt0001062,Those Awful Hats
tt0001063,Those Boys!
tt0001064,Through the Breakers
tt0001065,Tis an Ill Wind That Blows No Good
tt0001066,De to guldgravere
tt0001067,To Save Her Soul
tt0001068,Toma caseta Z
tt0001069,Toma del Gurugu
tt0001070,Tragedia torera
tt0001071,Tragic Love
tt0001072,A Trap for Santa Claus
tt0001073,The Treacherous Policeman
tt0001074,The Trick That Failed
tt0001075,A Troublesome Satchel
tt0001076,Trying to Get Arrested
tt0001077,Twin Brothers
tt0001078,Two Memories
tt0001079,Two Women and a Man
tt0001080,Two of the Boys
tt0001081,La vida en el campamento
tt0001082,Viernes de dolores
tt0001083,The Violin Maker of Cremona
tt0001084,The Voice of the Violin
tt0001085,Wanted  a Child
tt0001086,Was Justice Served?
tt0001087,Washington Under the American Flag
tt0001088,The Way of Man
tt0001089,We Must Do Our Best
tt0001090,The Welcome Burglar
tt0001091,What Drink Did
tt0001092,What's Your Hurry?
tt0001093,When Thieves Fall Out
tt0001094,The Winning Coat
tt0001095,With Her Card
tt0001096,Within an Ace
tt0001097,A Woman's Vanity
tt0001098,The Wooden Leg
tt0001099,A Wreath in Time
tt0001100,The Wrong Coat
tt0001101,Abraham Lincoln's Clemency
tt0001102,Across the Plains
tt0001103,An Affair of Hearts
tt0001104,The Affair of an Egg
tt0001105,The Woman Always Pays
tt0001106,Alice's Adventures in Wonderland
tt0001107,All on Account of the Milk
tt0001108,Almost
tt0001110,Amateur Night
tt0001111,Ambrosius
tt0001112,Hamlet
tt0001113,Amor gitano
tt0001114,The Angel of the Studio
tt0001115,Ansigttyven I
tt0001116,Ansigttyven II
tt0001117,Cleopatra
tt0001118,An Arcadian Maid
tt0001119,Arms and the Woman
tt0001120,As It Is in Life
tt0001121,As the Bells Rang Out!
tt0001122,The Red Inn
tt0001123,Away Out West
tt0001124,The Bad Man's Christmas Gift
tt0001125,The Bad Man's Last Deed
tt0001126,A Rough Night on the Bridge
tt0001127,Baixant de la font del Gat
tt0001128,The Bandit's Wife
tt0001129,The Banker's Daughters
tt0001130,The Bearded Bandit
tt0001131,Behind the Scenes
tt0001132,The Bewitched Boxing Gloves
tt0001133,The Blue Bird
tt0001134,Briton and Boer
tt0001135,The Broken Doll
tt0001136,A Broken Spell
tt0001137,Broncho Billy's Redemption
tt0001138,The Brothers
tt0001139,Buffalo Bill's Wild West and Pawnee Bill's Far East
tt0001140,The Bully
tt0001141,The Butterfly
tt0001142,By Order of Napoleon
tt0001143,The Call to Arms
tt0001144,The Call
tt0001145,Carceleras
tt0001146,Carminella
tt0001148,Chantecler Atraiçoado
tt0001149,The Child and the Fiddler
tt0001150,A Child of the Ghetto
tt0001151,A Child's Faith
tt0001152,A Child's Impulse
tt0001153,A Child's Stratagem
tt0001154,Circle C Ranch's Wedding Present
tt0001155,The Clerk's Downfall
tt0001156,The Cloister's Touch
tt0001157,The Common Enemy
tt0001158,Concurso de niños
tt0001159,The Connecticut Yankee
tt0001160,Conscience
tt0001161,The Converts
tt0001162,Un corpus de sangre
tt0001164,The Coster's Wedding
tt0001165,The Course of True Love
tt0001166,The Courtship of Miles Standish
tt0001167,The Cowboy and the Squaw
tt0001168,A Cowboy's Mother-in-Law
tt0001169,The Cowboy's Sweetheart
tt0001170,A Cowboy's Vindication
tt0001171,The Cowpuncher's Ward
tt0001172,Cretinetti e le donne
tt0001173,The Crime of a Grandfather
tt0001174,Cyclone Pete's Matrimony
tt0001175,Camille
tt0001176,The Dancing Girl of Butte
tt0001177,Davy Crockett
tt0001178,The Deputy's Love Affair
tt0001179,Desfile histórico del centenario
tt0001180,The Desperado
tt0001181,El diablo está en Zaragoza
tt0001182,A Dixie Mother
tt0001183,Djævlesonaten
tt0001184,Don Juan de Serrallonga
tt0001185,Dorian Grays Portræt
tt0001186,Dorothy and the Scarecrow in Oz
tt0001187,The Duke's Plan
tt0001188,The Dumb Half Breed's Defense
tt0001189,Den døde Rotte
tt0001190,Døden
tt0001191,Effecting a Cure
tt0001192,The Electrical Vitalizer
tt0001193,Elektra
tt0001194,Elskovsleg
tt0001195,Elverhøj
tt0001196,Elverhøj
tt0001197,Les enfants d'Édouard
tt0001198,The Engineer's Romance
tt0001199,The Engineer's Daughter
tt0001200,The Englishman and the Girl
tt0001201,La esclusa
tt0001202,Examination Day at School
tt0001203,Excursión al Gombreny
tt0001204,La expiación
tt0001205,Fabricación del cemento Asland
tt0001206,The Face at the Window
tt0001207,Faithful
tt0001208,The Farmer's Daughter
tt0001209,Una farsa de colas
tt0001211,Faust
tt0001212,La fecha de Pepín
tt0001213,The Fence on 'Bar Z' Ranch
tt0001214,The Vow; or  Jephthah's Daughter
tt0001215,The End of Paganini
tt0001216,The Final Settlement
tt0001217,A Flash of Light
tt0001218,A Fallen Spirit
tt0001219,Flores y perlas
tt0001220,The Flower of the Ranch
tt0001221,For Her Sister's Sake
tt0001222,The Forest Ranger
tt0001223,Frankenstein
tt0001224,The Freezing Mixture
tt0001225,From Storm to Sunshine
tt0001226,From Tyranny to Liberty
tt0001227,The Fugitive
tt0001228,A Gambler of the West
tt0001229,Et gensyn
tt0001230,Gentleman Joe
tt0001231,The Girl and the Fugitive
tt0001232,The Girl from Arizona
tt0001233,The Girl on Triple X
tt0001234,Gold Is Not All
tt0001235,A Gold Necklace
tt0001236,The Gold Seekers
tt0001237,The Golden Supper
tt0001238,Great Fight at All-Sereno
tt0001239,Los guapos
tt0001240,Hamlet
tt0001241,Hamlet
tt0001242,Hamlet
tt0001243,Her Father's Pride
tt0001244,Her Photograph
tt0001245,Her Terrible Ordeal
tt0001246,La hija del guardacostas
tt0001247,His Brother's Wife
tt0001248,His Last Burglary
tt0001249,His Last Dollar
tt0001250,His Mother's Necklace
tt0001251,His New Lid
tt0001252,His Only Daughter
tt0001253,His Sister-in-Law
tt0001254,The Honor of His Family
tt0001255,The Hoodoo
tt0001256,The House with Closed Shutters
tt0001257,The House of the Seven Gables
tt0001258,The White Slave Trade
tt0001259,The Iconoclast
tt0001260,The Impalement
tt0001261,Impersonating the Policeman Lodger
tt0001262,In Life's Cycle
tt0001263,In Neighboring Kingdoms
tt0001264,In Old California
tt0001265,In the Border States
tt0001266,In the Hands of the Enemy
tt0001267,In the Mission Shadows
tt0001268,In the Season of Buds
tt0001269,An Indian Girl's Love
tt0001270,An Indian Wife's Devotion
tt0001271,Inundaciones en Lérida
tt0001272,Jake's Daughter
tt0001273,The Jewel Case
tt0001274,John Dough and the Cherub
tt0001275,Juggling on the Brain
tt0001276,Justicias del rey Don Pedro
tt0001277,Kapergasten
tt0001278,A Knot in the Plot
tt0001279,Kærlighed og selvmord
tt0001280,Copenhagen by Night
tt0001281,The Lady and the Burglar
tt0001282,The Land of Oz
tt0001283,The Last Deal
tt0001284,The Lesson
tt0001285,The Life of Moses
tt0001286,Little Angels of Luck
tt0001287,The Little Orphan
tt0001288,The Little Prospector
tt0001289,Llegada del marqués de Polavieja a Veracruz
tt0001290,The Long Trail
tt0001291,Lord Blend's Love Story
tt0001292,Love Among the Roses
tt0001293,Love of Chrysanthemum
tt0001294,Love's C. Q. D.
tt0001295,Lucha fratricida o Nobleza aragonesa
tt0001296,La lucha por la divisa
tt0001297,Luck of Roaring Camp
tt0001298,A Lucky Toothache
tt0001299,Macbeth
tt0001300,A Mad Infatuation
tt0001301,Madre mía
tt0001302,The Maid of Niagara
tt0001303,The Man
tt0001304,Mannequins
tt0001305,La manta del caballo
tt0001306,The Fairy Bookseller
tt0001307,The Marked Time-Table
tt0001308,The Marked Trail
tt0001309,The Masher
tt0001310,May and December
tt0001311,Mazeppa  or the Wild Horse of Tartary
tt0001312,Mellem pligt og kærlighed
tt0001313,Et Menneskeliv
tt0001314,Il mercante di Venezia
tt0001315,The Message of the Violin
tt0001316,Messaline
tt0001317,The Mexican's Faith
tt0001318,Michael Strogoff
tt0001319,A Midnight Cupid
tt0001320,Os Milagres de Nossa Senhora da Penha
tt0001321,The Cowboy Millionaire
tt0001322,The Millionaire and the Ranch Girl
tt0001323,The Miser's Child
tt0001324,The Missing Bridegroom
tt0001325,The Mistaken Bandit
tt0001326,The Modern Prodigal
tt0001327,A Mohawk's Way
tt0001328,Montblanc la serra
tt0001329,El moscardón
tt0001330,A Mother's Devotion; or  the Firing of the Patchwork Quilt
tt0001331,A Moving Picture Rehearsal
tt0001332,Muggsy Becomes a Hero
tt0001333,Muggsy's First Sweetheart
tt0001334,Never Again
tt0001335,The New Magdalen
tt0001336,The New Stenographer
tt0001337,The Newlyweds
tt0001338,A Night in May
tt0001339,Not So Bad as It Seemed
tt0001340,The Oath and the Man
tt0001341,Jarní sen starého mládence
tt0001342,The Old Hat
tt0001343,The Old Soldier
tt0001344,An Old Story with a New Ending
tt0001345,On the Reef
tt0001346,One Night  and Then --
tt0001347,Ononko's Vow
tt0001349,Our Darling
tt0001350,The Outlaw's Sacrifice
tt0001351,Over Silent Paths
tt0001352,The Padre's Secret
tt0001353,Paganini
tt0001354,Pals of the Range
tt0001355,Para domar la suegra
tt0001356,Parada militar en el paseo
tt0001357,Patricia of the Plains
tt0001358,Peder Tordenskjold
tt0001360,The Phoenix
tt0001361,The Picture Thieves
tt0001362,A Plain Song
tt0001363,The Plans of the Fortress
tt0001364,El pobre Valbuena
tt0001365,The Pony Express Rider
tt0001366,Un portero modelo
tt0001367,Pride of the Range
tt0001368,The Princess and the Peasant
tt0001369,The Purgation
tt0001370,Rainha Depois de Morta Inês de Castro
tt0001371,Ramona
tt0001372,The Ranch Girl's Legacy
tt0001373,Ranch Life in the Great Southwest
tt0001374,The Ranchman's Feud
tt0001375,The Range Riders
tt0001376,The Ranger's Bride
tt0001377,Re Lear
tt0001378,Re Lear
tt0001379,A Record Hustle Through Foggy London
tt0001380,Regina von Emmeritz och konung Gustaf II Adolf
tt0001381,A Recruit from 64
tt0001382,Revolução de 5 de Outubro
tt0001383,Ribera del Llobregat
tt0001384,A Rich Revenge
tt0001385,The Rocky Road
tt0001387,A Romance of the Western Hills
tt0001388,Rose o' Salem Town
tt0001389,A Sailor's Sacrifice
tt0001390,A Salutary Lesson
tt0001391,The Seal of the Church
tt0001392,Segunda carrera automovilista 'Peña-Rhin' (Mataró-Argentona)
tt0001393,Serious Sixteen
tt0001394,The Sheriff's Sacrifice
tt0001395,The Silent Message
tt0001396,Simple Charity
tt0001397,Sisters
tt0001398,The Son of the Executioner
tt0001399,The Smoker
tt0001400,The Song of the Wildwood Flute
tt0001401,The Sorrows of the Unfaithful
tt0001402,The Stricken Home
tt0001403,The Suffragettes and the Hobble Skirt
tt0001404,A Summer Flirtation
tt0001405,A Summer Idyll
tt0001406,A Summer Tragedy
tt0001407,Sunshine Sue
tt0001408,Take Me Out to the Ball Game
tt0001409,Taming Wild Animals
tt0001410,Taming a Husband
tt0001411,Teatro de la naturaleza en Sabadell
tt0001412,The Tenderfoot Messenger
tt0001413,The Tenderfoot's Triumph
tt0001414,That Chink at Golden Gulch
tt0001415,Thou Shalt Not
tt0001416,The Thread of Destiny
tt0001417,Through Fire to Fortune
tt0001418,Tommy Gets His Sister Married
tt0001419,The Tout's Remembrance
tt0001420,A Tragedy of the Olden Times
tt0001421,Le tragique amour de Mona Lisa
tt0001422,Trail to the West
tt0001423,A Woman's Treachery
tt0001424,Trimming of Paradise Gulch
tt0001425,True to His Duty
tt0001426,The Truth Will Out
tt0001427,The Twisted Trail
tt0001428,The Two Brothers
tt0001429,The Two Fathers
tt0001430,Two Little Waifs
tt0001431,The Unchanging Sea
tt0001432,Uncle Tom's Cabin
tt0001434,Under Western Skies
tt0001435,Unexpected Help
tt0001436,The Unknown Claim
tt0001437,Up San Juan Hill
tt0001438,Up a Tree
tt0001439,The Usurer
tt0001440,Valdemar Sejr
tt0001441,The Vampire
tt0001442,A Vein of Gold
tt0001443,A Victim of Jealousy
tt0001444,Värmlänningarne
tt0001445,Waiter No. 5
tt0001446,The Way of the World
tt0001447,The Wedding That Didn't Come Off
tt0001448,Western Chivalry
tt0001449,A Western Maid
tt0001450,A Western Woman's Way
tt0001451,A Westerner's Way
tt0001452,What the Daisy Said
tt0001453,When We Called the Plumber In
tt0001454,When We Were in Our Teens
tt0001455,When the World Sleeps
tt0001456,White Roses
tt0001457,Who Is She?
tt0001458,Wilful Peggy
tt0001459,Winning Back His Love
tt0001460,The Woman from Mellon's
tt0001461,The Woman Hater
tt0001462,A Woman's Folly
tt0001463,The Wonderful Wizard of Oz
tt0001464,A Worker's Wife
tt0001466,'Tween Two Loves
tt0001467,Across the Plains
tt0001468,The Adopted Child
tt0001469,The Adventures of Billy
tt0001470,The Adventures of a Baby
tt0001471,En Opfinders Skæbne
tt0001472,After the Ball
tt0001473,The Aggressor
tt0001474,Aida
tt0001475,Amor fatal
tt0001476,Amor que mata
tt0001477,The Amorous Doctor
tt0001478,The Angel of Paradise Ranch
tt0001479,The Angel of the Slums
tt0001480,Arizona Bill
tt0001481,Artful Kate
tt0001482,As in a Looking Glass
tt0001483,At a Quarter of Two
tt0001484,At the Break of Dawn
tt0001485,At the Duke's Command
tt0001486,At the Threshold of Life
tt0001487,The Christian Martyrs
tt0001488,The Hallucinations of Baron Munchausen
tt0001489,The Awakening of John Bond
tt0001490,Back to the Primitive
tt0001491,Back to the Soil
tt0001492,The Backwoodsman's Suspicion
tt0001493,The Bad Man's Downfall
tt0001494,The Bad Man's First Prayer
tt0001495,A Balkan Episode
tt0001496,The Baron
tt0001497,The Battle of Bunker Hill
tt0001498,The Battle of Trafalgar
tt0001499,The Battle
tt0001500,Bedraget i døden
tt0001501,Behind the Stockade
tt0001502,The Best Man Wins
tt0001503,The Better Way
tt0001504,Betty Becomes a Maid
tt0001505,Bill Bumper's Bargain
tt0001506,The Black Arrow
tt0001507,The Blackmailer
tt0001508,The Blind Princess and the Poet
tt0001509,Die Blinde
tt0001510,Bobby  the Coward
tt0001511,Bondefangeri i Vaterland
tt0001512,The Border Ranger
tt0001513,A Boy of the Revolution
tt0001514,Boys Will Be Boys
tt0001515,The Brand
tt0001516,Branding a Bad Man
tt0001517,The Broken Cross
tt0001518,Broncho Billy's Adventure
tt0001519,Broncho Billy's Christmas Dinner
tt0001520,Brown's German Liver Cure
tt0001521,En bryllupsaften
tt0001522,Buffalo Bill on the Brain
tt0001523,The Bunco Game at Lizardhead
tt0001524,The Burglar as Father Christmas
tt0001525,Caesar's Prisoners
tt0001526,The Call of the Song
tt0001527,The Cameraman's Revenge
tt0001528,Captain Barnacle's Courtship
tt0001529,Captain Kate
tt0001530,The Bushranger's Bride
tt0001531,Captain Starlight  or Gentleman of the Road
tt0001532,Carmen o la hija del contrabandista
tt0001533,Carmenita the Faithful
tt0001534,Carnaval en Palamós
tt0001535,Castillo de Arampruña
tt0001536,A Cattle Rustler's Father
tt0001537,The Cattleman's Daughter
tt0001538,Caught with the Goods
tt0001539,Cain and Abel
tt0001540,The Changing of Silas Warner
tt0001541,Checkmated
tt0001542,The Chief's Daughter
tt0001543,The Child Crusoes
tt0001544,A Christmas Carol
tt0001545,Cinderella
tt0001546,Cinderella
tt0001547,A Citizeness of Paris
tt0001548,The Clown's Sacrifice
tt0001550,The Coffin Ship
tt0001551,Comrades
tt0001552,Conscience
tt0001553,A Conspiracy Against the King
tt0001554,The Corporation and the Ranch Girl
tt0001556,The Count and the Cowboys
tt0001557,A Country Cupid
tt0001558,The Country Lovers
tt0001559,The Courting of Mary
tt0001560,The Cowboy Coward
tt0001562,The Puncher's Law
tt0001563,Os Crimes de Diogo Alves
tt0001564,The Crooked Road
tt0001565,The Crusader
tt0001566,A Cure for Crime
tt0001567,Cyrano et d'Assoucy
tt0001568,Dad's Girls
tt0001569,The Caddy's Dream
tt0001570,The Daisy Cowboys
tt0001571,Dan the Dandy
tt0001572,Dandy Dick of Bishopsgate
tt0001573,De Gerona a Olot en ferrocarril (De Olot a Gerona en ferrocarril)
tt0001574,A Dead Man's Honor
tt0001575,The Death of Nathan Hale
tt0001576,The Declaration of Independence
tt0001577,A Decree of Destiny
tt0001578,The Desert Claim
tt0001579,Detective Henry and the Paris Apaches
tt0001580,Le devoir et l'honneur
tt0001581,A Devoted Friend
tt0001582,The Diamond Star
tt0001583,La digue
tt0001584,The Diving Girl
tt0001585,The Doctor
tt0001586,A Dog's Tale
tt0001587,Don Pedro el Cruel
tt0001588,The Dream
tt0001589,Dutch Gold Mine
tt0001590,Dæmonen
tt0001591,Le dévouement d'un gosse
tt0001592,In the Prime of Life
tt0001593,Enoch Arden: Part I
tt0001594,Enoch Arden: Part II
tt0001596,Ester: A Biblical Episode
tt0001597,Eugene Wrayburn
tt0001598,The Failure
tt0001599,The Fair Dentist
tt0001600,The Faithful Indian
tt0001601,The Fall of Babylon
tt0001602,El fantasma del castillo
tt0001603,Den farlige leg
tt0001604,The Fatal Wedding
tt0001605,Fate
tt0001606,Fate's Funny Frolic
tt0001607,Fate's Turning
tt0001608,Fattigdommens forbandelse
tt0001609,Feria de ganado en Villarrodona
tt0001610,Fiesta Mayor de Manresa
tt0001611,Fiestas del Sitio en Bilbao
tt0001612,Fiestas en La Bisbal
tt0001613,Fighting Blood
tt0001614,The Four Devils
tt0001615,Fisher Folks
tt0001616,The Fisher-Maid
tt0001617,The Fisherman's Daughter
tt0001618,Flo's Discipline
tt0001619,The Flower Girl of Florence
tt0001620,Following Mother's Footsteps
tt0001621,For Her Brother's Sake
tt0001622,For the Crown
tt0001623,For the Queen's Honor
tt0001624,For aabent Tæppe
tt0001625,The Forester's Plea
tt0001626,Forgiven in Death
tt0001627,Foul Play
tt0001628,The Four Poster Pest
tt0001629,Freezing Auntie
tt0001630,Der fremde Vogel
tt0001631,A French Duel
tt0001632,Friday the 13th
tt0001633,From Factory Girl to Prima Donna
tt0001634,From the Bottom of the Sea
tt0001635,A Frontier Doctor
tt0001636,Galileo
tt0001637,A Gasoline Engagement
tt0001638,The General's Daughter
tt0001639,The General's Only Son
tt0001640,George Warrington's Escape
tt0001641,The Geranium
tt0001642,Get Rich Quick
tt0001643,The Ghost's Warning
tt0001644,The Girl Back East
tt0001645,The Girl and the Motor Boat
tt0001646,The Girl of the West
tt0001647,The Gold Lust
tt0001648,The Golden West
tt0001649,A Good Turn
tt0001650,The Gordian Knot
tt0001652,The Gun Man
tt0001653,The Harsh Father
tt0001654,Heart Beats of Long Ago
tt0001655,The Heart of a Savage
tt0001656,The Heiress
tt0001657,Helping Him Out
tt0001658,Henry VIII
tt0001659,Her Awakening
tt0001660,Her Crowning Glory
tt0001661,Her Darkest Hour
tt0001662,Her Hero
tt0001663,Her Sacrifice
tt0001664,Her Two Sons
tt0001665,Her Wedding Ring
tt0001666,The Hidden Mine
tt0001667,The Hidden Trail
tt0001668,The Highlander
tt0001669,His Birthday
tt0001670,His Conscience
tt0001671,His Daughter
tt0001672,His Dress Shirt
tt0001673,His Friend's Wife
tt0001674,His Last Burglary
tt0001675,His Message
tt0001676,His Mother
tt0001677,His Mother's Scarf
tt0001678,His Nemesis
tt0001679,His Sister's Children
tt0001680,His Trust: The Faithful Devotion and Self-Sacrifice of an Old Negro Servant
tt0001681,His Trust Fulfilled
tt0001682,Home
tt0001683,Home Sweet Home
tt0001684,The Honeymooners
tt0001685,Honor Thy Father
tt0001686,By the House That Jack Built
tt0001687,How Betty Won the School
tt0001688,How Mrs. Murray Saved the American Army
tt0001689,How She Triumphed
tt0001690,How Sir Andrew Lost His Vote
tt0001691,The Hypnotist and the Convict
tt0001692,The Great Moment
tt0001693,The Immortal Alamo
tt0001694,In Old California When the Gringos Came
tt0001695,In Old Madrid
tt0001696,In the Days of '49
tt0001697,In the Days of Chivalry
tt0001698,In the Days of Gold
tt0001699,In the Reign of Terror
tt0001700,In the Sultan's Garden
tt0001701,The Indian Brothers
tt0001702,The Indian Maiden's Lesson
tt0001703,An Indian's Sacrifice
tt0001704,Indiscretions of Betty
tt0001705,Industrias textiles
tt0001706,The Infant at Snakeville
tt0001707,An International Heart Breaker
tt0001708,The Inventor's Son
tt0001709,The Italian Barber
tt0001710,Italian Blood
tt0001711,Jahreszeiten des Lebens
tt0001712,Jane Shore
tt0001713,The Jealous Husband
tt0001714,Johnson at the Wedding
tt0001715,Julius Caesar
tt0001716,Julius Caesar's Sandals
tt0001717,Järnbäraren
tt0001718,Kinemacolor Songs
tt0001719,The King of Indigo
tt0001720,Kit Carson's Wooing
tt0001721,Kitty the Dressmaker
tt0001722,A Knight of the Road
tt0001723,Lady Beaulay's Necklace
tt0001724,The Last Drop of Water
tt0001725,The Last Farewell
tt0001727,Lost Years
tt0001729,The Law of the Range
tt0001730,The Leading Lady
tt0001731,The Convict Hero
tt0001732,The Lighthouse Keeper
tt0001733,The Lily of the Tenements
tt0001734,The Little Daughter's Letter
tt0001735,Little Lady Lafayette
tt0001736,Little Nell's Tobacco
tt0001737,Winsor McCay  the Famous Cartoonist of the N.Y. Herald and His Moving Comics
tt0001738,Little Red Riding Hood
tt0001739,The Living Peach
tt0001740,The Lonedale Operator
tt0001741,The Long Road
tt0001742,Lost Illusions
tt0001743,The Lost Necklace
tt0001744,The Lost Ring
tt0001746,Lost in the Arctic
tt0001747,Lost in the Jungle
tt0001748,Love Conquers
tt0001749,Love Heeds Not Showers
tt0001750,Love Story of Charles II
tt0001751,Love and Hatred
tt0001752,Love in a Cottage
tt0001753,Love in the Hills
tt0001754,Love or Riches
tt0001755,Love's Strategy
tt0001756,Lucha por la herencia
tt0001757,The Lucky Card
tt0001758,A Lucky Escape
tt0001759,Ludwig from Germany
tt0001760,The Lure of the City
tt0001761,Macbeth
tt0001762,Mrs. Pussy Loves Animals
tt0001763,Madame Rex
tt0001764,Madero al sur del país
tt0001765,The Madman
tt0001766,The Magic Ring
tt0001767,Maid or Man
tt0001768,Major the Red Cross Dog
tt0001769,The Making of a Man
tt0001770,A Man for All That
tt0001771,The Manicure Lady
tt0001772,A Manly Man
tt0001773,Une mariée qui se fait attendre
tt0001774,The Master and the Man
tt0001775,Maud Muller
tt0001776,Max Takes Tonics
tt0001777,The Meeting of the Ways
tt0001779,The Message in the Bottle
tt0001780,Midsummer-time
tt0001781,Mike's Hero
tt0001782,Mike  the Miser
tt0001783,The Millionaire and the Squatter
tt0001784,The Millionaire's Nephew
tt0001785,The Miner's Curse
tt0001786,The Minute Man
tt0001787,The Mirror
tt0001788,Mischievous Puck
tt0001789,The Miser's Heart
tt0001790,Les Misérables  Part 1: Jean Valjean
tt0001791,A Modern Cinderella
tt0001792,The Modern Dianas
tt0001793,A Modern Hero
tt0001794,The Modern Pygmalion and Galatea
tt0001795,Monasterio de Caralps en Berga
tt0001796,Monasterio de Ripoll
tt0001797,Money to Burn
tt0001798,The Mountain Law
tt0001799,Moses Saved from the Waters
tt0001800,Music Hath Charms
tt0001801,Mustang Pete's Love Affair
tt0001803,The Mystery of a Hansom Cab
tt0001804,Mystic Manipulations
tt0001805,Nell Gwynn the Orange Girl
tt0001806,The New Church Carpet
tt0001807,Bar Z's New Cook
tt0001808,The New Dress
tt0001809,The New Manager
tt0001810,A Noble Heart
tt0001811,The O'Neill
tt0001812,Oedipus Rex
tt0001813,The Old Confectioner's Mistake
tt0001814,Oliver Cromwell
tt0001815,On the Brink
tt0001816,On the Desert's Edge
tt0001817,Only in the Way
tt0001818,Out from the Shadow
tt0001820,The Outlaw Samaritan
tt0001821,The Outlaw and the Child
tt0001822,The Outlaw Deputy
tt0001823,Over the Garden Wall
tt0001824,Over the Hills
tt0001825,A Pal's Oath
tt0001826,Par habitude
tt0001827,Paradise Lost
tt0001828,The Passions of an Egyptian Princess
tt0001829,The Peasants and the Fairy
tt0001830,Picciola; or  the Prison Flower
tt0001831,The Pied Piper of Hamelin
tt0001832,The Pirates of 1920
tt0001833,The Poisoned Flume
tt0001834,The Politician's Dream
tt0001835,The Poor Sick Men
tt0001836,The Power of Good
tt0001837,The Power of Love
tt0001838,The Price of a Man
tt0001839,The Priest's Burden
tt0001840,The Primal Call
tt0001841,Priscilla's Engagement Ring
tt0001842,The Convict's Song
tt0001843,The Professor and the New Hat
tt0001844,The Profligate
tt0001845,Pulgarcito
tt0001846,The Puncher's New Love
tt0001847,The Question Mark
tt0001848,Railroad Raiders of '62
tt0001849,The Ranchman's Son
tt0001850,Rattlesnakes and Gunpowder
tt0001851,The Rebel's Daughter
tt0001852,John Farley's Redemption
tt0001853,The Reform Candidate
tt0001854,The Reporter
tt0001856,The Revenue Man and the Girl
tt0001857,Richard III
tt0001858,Un clair de lune sous Richelieu
tt0001859,The Rise and Fall of Weary Willie
tt0001860,The Romance on 'Bar O'
tt0001861,A Romance of the Rio Grande
tt0001862,Queen of the Smugglers
tt0001863,A Romany Tragedy
tt0001864,The Rosary
tt0001865,The Rose of Kentucky
tt0001866,The Rose's Story
tt0001867,The Ruling Passion
tt0001868,Abraham's Sacrifice
tt0001869,Samson and Delilah
tt0001870,Saved from Herself
tt0001871,Saved from Himself
tt0001872,The Scarlet Letter
tt0001873,The Schoolmaster of Mariposa
tt0001874,Science
tt0001875,Second Sight
tt0001876,The Sentinel Asleep
tt0001877,She
tt0001878,The Sheriff's Brother
tt0001879,The Sheriff's Chum
tt0001880,The Sheriff's Decision
tt0001881,Los siete niños de Écija o Los bandidos de Sierra Morena
tt0001882,The Silent Tongue
tt0001883,The Silken Thread
tt0001884,Simpkin's Dream of a Holiday
tt0001885,Sir Percy and the Punchers
tt0001886,The Siege of Calais
tt0001887,The Skating Bug
tt0001888,The Sky Pilot
tt0001889,Skæbnebæltet
tt0001890,The Smile of a Child
tt0001891,The Sorrowful Example
tt0001892,Den sorte drøm
tt0001893,The Spanish Gypsy
tt0001894,Spike Shannon's Last Fight
tt0001896,The Squaw's Love
tt0001897,The Stage Driver's Daughter
tt0001898,A Stage Romance
tt0001899,The Stampede
tt0001900,The Star Spangled Banner
tt0001901,The Stolen Dog
tt0001902,The Story of the Indian Ledge
tt0001903,The Strike at the Little Jonny Mine
tt0001904,The Stuff Heroes Are Made Of
tt0001905,The Stuff That Dreams Are Made Of
tt0001906,The Subduing of Mrs. Nag
tt0001907,Sunshine Through the Dark
tt0001908,The Surgeon's Temptation
tt0001909,Swank and the Remedy
tt0001910,Sweet Memories
tt0001911,Nell Gwynne
tt0001912,The Switchman's Tower
tt0001913,Swords and Hearts
tt0001914,The Devil's Assistant
tt0001915,A Tale of Two Cities
tt0001916,Tarragona monumental
tt0001917,Teaching Dad to Like Her
tt0001918,Telemachus
tt0001919,The Telltale Knife
tt0001920,Temblor de 1911 en México
tt0001921,A Terrible Discovery
tt0001922,That Winsome Winnie Smile
tt0001923,Their First Misunderstanding
tt0001924,The Thief and the Girl
tt0001925,Three Million Dollars
tt0001926,The Three Musketeers: Part 2
tt0001927,Three Sisters
tt0001928,Through Darkened Vales
tt0001929,Through His Wife's Picture
tt0001930,The Thumb Print
tt0001931,A Thwarted Vengeance
tt0001932,The Tomboy
tt0001933,La Tosca
tt0001934,The Toss of a Coin
tt0001935,The Totem Mark
tt0001936,Trading His Mother
tt0001937,The Trail of Books
tt0001939,The Tribe's Penalty
tt0001940,Trilby and Svengali
tt0001941,Troublesome Secretaries
tt0001942,A True Westerner
tt0001943,Two Can Play at the Same Game
tt0001944,The Two Chorus Girls
tt0001945,Two Christmas Hampers
tt0001946,The Two Fugitives
tt0001947,Two Officers
tt0001948,The Two Orphans
tt0001949,The Two Paths
tt0001950,The Two Reformations
tt0001951,The Two Sides
tt0001952,The Two-Gun Man
tt0001954,Uncle Hiram's List
tt0001955,Uncle's Picnic
tt0001956,Under the Stars and Bars
tt0001957,Under forvandlingens lov
tt0001959,An Unknown Language
tt0001960,The Unveiling
tt0001961,An Unwilling Cowboy
tt0001962,Van Bibber's Experiment
tt0001963,Temptations of a Great City
tt0001964,The Traitress
tt0001965,Vicio y virtud
tt0001966,A Victim of Circumstances
tt0001967,Life as It Is
tt0001968,The Voice of the Child
tt0001969,Was He a Coward?
tt0001970,A Western Girl's Sacrifice
tt0001971,Western Hearts
tt0001972,A Western Redemption
tt0001973,What Shall We Do with Our Old?
tt0001974,What a Woman Can Do
tt0001975,The Wheels of Justice
tt0001976,When Love and Honor Called
tt0001977,When Two Hearts Are Won
tt0001978,When a Man Loves
tt0001979,When a Man's Married His Trouble Begins
tt0001980,When the Cat's Away
tt0001981,The White Medicine Man
tt0001982,The White Red Man
tt0001983,The White Rose of the Wilds
tt0001984,Why He Gave Up
tt0001985,The Winds of Fate
tt0001986,The Wizard and the Brigands
tt0001987,A Woman Scorned
tt0001988,The Woodcutter's Romance
tt0001989,A Wreath of Orange Blossoms
tt0001990,The Yiddisher Cowboy
tt0001992,Zwei Frauen
tt0001993,L'électrocuté
tt0001994,An Actor's Romance
tt0001995,Adam and Eve
tt0001996,The Adventure of the Italian Model
tt0001997,The Adventure of the Retired Army Colonel
tt0001998,The Adventures of Lieutenant Petrosino
tt0001999,Agaton och Fina
tt0002000,The Agitator
tt0002002,The Alcalde's Conspiracy
tt0002003,Alias Billy Sargent
tt0002004,Alkali Ike Bests Broncho Billy
tt0002005,Alkali Ike Plays the Devil
tt0002006,Alkali Ike Stung!
tt0002007,Alkali Ike's Boarding House
tt0002008,Alkali Ike's Close Shave
tt0002009,Alkali Ike's Love Affair
tt0002010,Alkali Ike's Motorcycle
tt0002011,Alkali Ike's Pants
tt0002012,All for Her
tt0002013,All for a Girl
tt0002014,Alt for Norge
tt0002015,The Altar of Death
tt0002016,Los amantes de Teruel
tt0002017,Ambitious Butler
tt0002018,An American Invasion
tt0002019,Amor de bestia
tt0002020,Queen Elizabeth
tt0002021,But the Greatest of These Is Charity
tt0002022,Anfisa
tt0002023,The Angel and the Stranded Troupe
tt0002024,The Animal Within
tt0002025,El aniversario del fallecimiento de la suegra de Enhart
tt0002026,Anny - Story of a Prostitute
tt0002027,The Apache Renegade
tt0002028,The Arab's Bride
tt0002029,Poor Jenny
tt0002030,The Arrowmaker's Daughter
tt0002031,As You Like It
tt0002033,Asesinato y entierro de Don José Canalejas
tt0002034,At Coney Island
tt0002035,At Cripple Creek
tt0002036,At It Again
tt0002037,At Scrogginses' Corner
tt0002038,At the Point of the Sword
tt0002040,Las aventuras del Pollo Palomeque
tt0002041,The Baby and the Stork
tt0002042,The Bachelor and the Baby
tt0002043,The Bachelor's Waterloo
tt0002044,Le bagnard
tt0002045,The Ball Player and the Bandit
tt0002046,La Barrera número 13
tt0002048,Battle in the Virginia Hills
tt0002049,Battle of Pottsburg Bridge
tt0002050,A Battle of Wits
tt0002051,The Battle of the Red Men
tt0002052,The Battleground
tt0002053,A Bear Escape
tt0002054,A Beast at Bay
tt0002055,The Beating He Needed
tt0002056,Prekrasnaya Lyukanida
tt0002057,Before the White Man Came
tt0002058,The Bell of Penance
tt0002059,Bella's Beaus
tt0002060,Bernáték kikocsiznak
tt0002061,Billy McGrath's Love Letters
tt0002062,Billy and the Butler
tt0002063,Billy's Burglar
tt0002064,Billy's Stratagem
tt0002065,Black Sheep
tt0002066,Blind Love
tt0002067,Blinks and Jinks  Attorneys at Law
tt0002068,A Blot on the 'Scutcheon
tt0002069,The Boss of the Katy Mine
tt0002070,The Brave Hunter
tt0002071,A Brave Little Woman
tt0002072,Broncho Billy's Heart
tt0002073,Broncho Billy's Mexican Wife
tt0002074,Broncho Billy Outwitted
tt0002075,Broncho Billy's Promise
tt0002076,Brothers
tt0002077,Brown's Seance
tt0002078,Brutality
tt0002079,The Bugler of Battery B
tt0002080,Bunny All at Sea
tt0002081,Bunny at the Derby
tt0002082,The Burglar's Dilemma
tt0002083,The Fall of Troy
tt0002084,Calamity Anne's Ward
tt0002085,The Cap of Invisibility
tt0002086,Captain Barnacle's Messmates
tt0002087,Cardinal Wolsey
tt0002088,Carlota Angela
tt0002089,Carmen
tt0002090,Casey at the Bat
tt0002091,Castillo de Ostalric
tt0002092,Chains
tt0002093,A Change of Spirit
tt0002094,Charles IV
tt0002095,The Chief's Blanket
tt0002096,A Child's Devotion
tt0002097,A Child's Remorse
tt0002098,Children Who Labor
tt0002099,The Chorus Girl
tt0002100,Chumps
tt0002101,Cleopatra
tt0002102,The Clod
tt0002103,The Close of the American Revolution
tt0002104,The Clown's Triumph
tt0002105,A Clue to Her Parentage
tt0002106,Cohen Collects a Debt
tt0002107,The Colonel's Escape
tt0002108,The Colonel's Peril
tt0002109,The Colonel's Son
tt0002110,The Colonel's Ward
tt0002111,The Coming of Columbus
tt0002113,The Conquest of the Pole
tt0002114,Conscience
tt0002116,The Convict's Parole
tt0002117,Counsel for the Defense
tt0002118,A Cowboy's Stratagem
tt0002119,The Crime and the Criminal
tt0002120,The Crisis
tt0002121,A Cry for Help
tt0002122,The Cry of the Children
tt0002123,The Cub Reporter's Big Scoop
tt0002124,A Cure for Pokeritis
tt0002125,Curfew Shall Not Ring Tonight
tt0002126,Custer's Last Fight
tt0002127,Cutting California Redwoods
tt0002128,The Dam Builder
tt0002129,The Dance at Silver Gulch
tt0002130,Dante's Inferno
tt0002131,A Dança dos Apaches
tt0002132,The Darling of the CSA
tt0002133,A Dash Through the Clouds
tt0002134,A Daughter's Sacrifice
tt0002135,The Deacon's Troubles
tt0002136,Departure of a Grand Old Man
tt0002137,The Deserter
tt0002138,A Desperate Lover
tt0002139,Diamond Cut Diamond
tt0002140,Do Men Love Women?
tt0002141,Don César de Bazan
tt0002142,A Double Reward
tt0002143,Dr. Jekyll and Mr. Hyde
tt0002144,La dramatique passion d'Algabert et d'Élisabeth de Rodembourg
tt0002145,The Dream of a Moving Picture Director
tt0002146,The Driver of the Deadwood Coach
tt0002147,The Drummer Girl of Vicksburg
tt0002148,The Drummer's Vacation
tt0002149,The Duel
tt0002150,The Dumb Wooing
tt0002151,The Last Performance
tt0002152,Dødskysset
tt0002153,The Great Circus Catastrophe
tt0002154,Early Days in the West
tt0002155,The Easter Bonnet
tt0002156,Eclipse de sol
tt0002157,Der Eid des Stephan Huller
tt0002158,An Elizabethan Romance
tt0002159,The Engagement Ring
tt0002160,Entente cordiale
tt0002162,The Eternal Mother
tt0002163,Eva
tt0002164,Every Inch a Man
tt0002165,Excursión a San Lorenzo de Munt
tt0002166,The Eye That Never Sleeps
tt0002167,Fadren
tt0002168,The Faith Healer
tt0002169,The Fall of Montezuma
tt0002170,A Family Mixup
tt0002171,The Fatal Chocolate
tt0002172,Fate's Interception
tt0002173,The Father
tt0002174,The Fear
tt0002175,Feathertop
tt0002176,The Female of the Species
tt0002177,A Feud in the Kentucky Hills
tt0002178,The Feudal Debt
tt0002179,The Fickle Spaniard
tt0002180,Pigeons Exhibition at the Tibidabo
tt0002181,The Man with Wax Faces
tt0002182,Le fils de Charles Quint
tt0002183,The First Violin
tt0002184,The Flirting Husband
tt0002185,The Flower Girl's Romance
tt0002186,The Flying Circus
tt0002187,Fog
tt0002188,For Freedom of Cuba
tt0002189,For Her
tt0002190,For His Son
tt0002191,For the Cause
tt0002192,For the Commonwealth
tt0002193,For the Honor of the Name
tt0002194,For the Honor of the Seventh
tt0002195,The Forest Rose
tt0002196,Fortunes of a Composer
tt0002197,Friends
tt0002198,Le friquet
tt0002199,From the Manger to the Cross
tt0002200,From the Submerged
tt0002201,The Frontier Child
tt0002202,Le fumiste
tt0002203,The Furs
tt0002204,A Gambler's Villainy
tt0002205,The Gamblers
tt0002206,Le secret de l'acier
tt0002207,Gerald's Butterfly
tt0002208,The Girl and Her Trust
tt0002209,The Girl in the Caboose
tt0002210,The Girl in the Next Room
tt0002211,Den glade løjtnant
tt0002212,The God Within
tt0002213,The God of Gold
tt0002214,The Goddess of Sagebrush Gulch
tt0002215,The Godmother
tt0002216,Gold and Glitter
tt0002217,A Good Catch
tt0002218,The Governor
tt0002219,The Grandfather
tt0002220,Grannie
tt0002221,The Dragonfly and the Ant
tt0002222,Greater Wealth
tt0002223,The Green-Eyed Monster
tt0002224,A Grocery Clerk's Romance
tt0002225,The Gypsy Flirt
tt0002226,Happy Scenes from Animal Life
tt0002227,The Harbinger of Peace
tt0002228,Harbor Island
tt0002229,He Must Have a Wife
tt0002230,The Heart of an Indian
tt0002231,Heaven Avenges
tt0002232,Helen's Marriage
tt0002233,Help! Help!
tt0002234,A Ruined Life
tt0002235,Hemmeligheden
tt0002236,Her Choice
tt0002237,Her Dressmaker's Bills
tt0002238,Her Kid Sister
tt0002240,Her Visitor
tt0002241,Heredity
tt0002242,Herod
tt0002243,The Hieroglyphic
tt0002244,His Lesson
tt0002245,His Mother's Hope
tt0002246,His Mother's Picture
tt0002247,His Only Son
tt0002248,His Own Fault
tt0002249,His Secretary
tt0002250,His Wife's Stratagem
tt0002251,Hoffmeyer's Legacy
tt0002252,The Holy City
tt0002253,Home Folks
tt0002254,The Honor of the Firm
tt0002255,Hot Stuff
tt0002256,The House of Pride
tt0002257,How Father Accomplished His Work
tt0002258,How Jim Proposed
tt0002259,How a Horseshoe Upset a Happy Family
tt0002260,How a Mosquito Operates
tt0002261,Ida's Christmas
tt0002262,Il y a des pieds au plafond
tt0002263,The Illumination
tt0002264,In His Father's Steps
tt0002265,In Swift Waters
tt0002266,In the Aisles of the Wild
tt0002267,In the Elemental World
tt0002268,In the North Woods
tt0002269,Inbad  the Count
tt0002270,An Indian's Friendship
tt0002271,The Indian Raiders
tt0002272,Indian Romeo and Juliet
tt0002273,An Indian Summer
tt0002274,The Indian Uprising at Santa Fe
tt0002276,De industrieel van Pont Avesnes
tt0002277,The Informer
tt0002278,The Inner Circle
tt0002279,The Insurgent Senator
tt0002280,An Interrupted Elopement
tt0002281,The Invaders
tt0002282,Iola's Promise
tt0002283,Jean Intervenes
tt0002284,The Guerrillas of Algiers; or  The Mosque in the Desert
tt0002285,The Jewels
tt0002286,Judith
tt0002287,Just Like a Woman
tt0002288,A Juvenile Love Affair
tt0002289,Kaintuck
tt0002290,Katchem Kate
tt0002291,Kentucky Girl
tt0002292,King of the Coiners
tt0002293,Kings of the Forest
tt0002294,Behind Comedy's Mask
tt0002295,Lady Audley's Secret
tt0002296,The Lady of the Lake
tt0002297,The Laurel Wreath of Fame
tt0002298,The Law of the West
tt0002299,Leap Year Proposals
tt0002300,The Legend of Sleepy Hollow
tt0002302,Lena and the Geese
tt0002303,The Lesser Evil
tt0002304,The Letter with the Black Seals
tt0002305,Life of Villa
tt0002306,Light After Darkness
tt0002307,The Lighthouse Keeper's Daughter
tt0002308,Like Knights of Old
tt0002309,Lincoln's Gettysburg Address
tt0002310,The Little Bride of Heaven
tt0002311,The Little Organ Player of San Juan
tt0002312,The Little Wooden Soldier
tt0002313,The Little Woolen Shoe
tt0002314,The Loan Shark
tt0002315,El lobo de la sierra
tt0002316,Locked Out
tt0002317,The Locket
tt0002318,A Lodging for the Night
tt0002319,Lord Browning and Cinderella
tt0002320,The Lord and the Peasant
tt0002321,The Lost Address
tt0002322,The Love Test
tt0002323,Love on Tough Luck Ranch
tt0002324,The International Spies
tt0002325,Lucha de corazones
tt0002326,Lucile
tt0002327,Lure of the Violin
tt0002328,The Lust for Gold
tt0002329,Today and Tomorrow
tt0002330,Mabel's Adventures
tt0002331,Mabel's Lovers
tt0002332,Mabel's Stratagem
tt0002333,The Might of Gold
tt0002334,La madre
tt0002335,Magda
tt0002336,The Magic Wand
tt0002337,The Mail Order Wife
tt0002338,Making Good
tt0002339,Making Uncle Jealous
tt0002340,La malle au mariage
tt0002341,A Man's Duty
tt0002342,Man's Genesis
tt0002343,Man's Lust for Gold
tt0002344,The Marauders
tt0002345,Marocco en het Vreemdelingenlegioen
tt0002346,Martin Chuzzlewit
tt0002347,Le martyre de Saint Étienne
tt0002348,Maskierte Liebe
tt0002349,The Mask of Horror
tt0002350,The Massacre
tt0002351,Master and Pupil
tt0002352,A Matinee Mix-Up
tt0002353,A Matter of Business
tt0002354,Max's Tragedy
tt0002355,Max  professeur de tango
tt0002356,The Melody of Love
tt0002357,The Mender of Nets
tt0002358,The Merchant of Venice
tt0002359,A Mexican Tragedy
tt0002360,A Midnight Elopement
tt0002361,The Midnight Wedding
tt0002362,The Mighty Dollar
tt0002363,A Militant Suffragette
tt0002364,The Millionaire Vagabonds
tt0002365,The Mind Cure
tt0002366,The Minstrel King
tt0002368,Mirele Efros
tt0002369,De molens die juichen en weenen
tt0002370,The Money Kings
tt0002371,Monte Cristo
tt0002372,Montseny  Viladrau y Tordera
tt0002373,Mor och dotter
tt0002374,The Mormon
tt0002375,La mort du duc d'Enghien
tt0002376,The Mother of the Ranch
tt0002377,Mr. Fix-It
tt0002378,Mr. Grouch at the Seashore
tt0002379,Mr. Pickwick's Predicament
tt0002380,Mrs. 'Enry 'Awkins
tt0002381,The Musketeers of Pig Alley
tt0002382,My Baby
tt0002383,My Hero
tt0002384,The Mystery of the Glass Coffin
tt0002385,Napatia  the Greek Singer
tt0002386,The Narrow Road
tt0002387,Neighbors
tt0002388,Neptune's Daughter
tt0002389,The New Member of the Life Saving Crew
tt0002390,The New Neighbor
tt0002391,The New York Hat
tt0002392,The Night Before Christmas
tt0002393,The Non-Commissioned Officer
tt0002394,The Nurse
tt0002395,Le nègre blanc
tt0002396,Ofia  the Woman Spy
tt0002397,Oh  Such a Night!
tt0002398,Oh  Those Eyes
tt0002399,Oh  You Ragtime!
tt0002400,The Old Actor
tt0002401,The Old Bookkeeper
tt0002402,The Old Guitar
tt0002403,The Old Reporter
tt0002404,Old Songs and Memories
tt0002405,Oliver Twist
tt0002406,Oliver Twist
tt0002407,On Donovan's Division
tt0002408,One Is Business  the Other Crime
tt0002409,The One She Loved
tt0002410,Only a Woman
tt0002411,Out of the Depths
tt0002412,An Outcast Among Outcasts
tt0002413,The Outlaw's Sacrifice
tt0002414,Over a Cracked Bowl
tt0002415,The Painted Lady
tt0002417,A Pair of Baby Shoes
tt0002418,A Pair of Fools
tt0002419,Pals
tt0002420,Partners for Life
tt0002421,The Passer-by
tt0002422,The Passing Shadow
tt0002423,Passion
tt0002424,Pat's Day Off
tt0002426,Pedro's Dilemma
tt0002427,The Penitent
tt0002428,The Peril of the Cliffs
tt0002429,Petticoat Camp
tt0002430,The Minister's Daughter
tt0002431,La pierre philosophe
tt0002432,Los Pirineos de Port-Bou a Andorra
tt0002433,The Plot That Failed
tt0002434,The Pony Express Girl
tt0002435,The Power of Love
tt0002436,The Power of a Hymn
tt0002437,A Prize Package
tt0002438,The Prodigal Daughter
tt0002439,The Prodigal Son
tt0002440,The Prospector
tt0002441,A Pueblo Legend
tt0002442,The Punishment
tt0002443,A Question of Seconds
tt0002445,Quo Vadis?
tt0002446,Race for a Life
tt0002447,A Race with Time
tt0002448,A Railroad Lochinvar
tt0002449,The Railway of Death
tt0002450,The Ranch Girl's Trial
tt0002451,The Raven
tt0002452,The Independence of Romania
tt0002453,The Reckoning
tt0002454,A Reconstructed Rebel
tt0002455,Red Wing and the Paleface
tt0002456,The Redemption of 'Greek Joe'
tt0002457,Revenge of the Silk Masks
tt0002458,Orozquista Revolution
tt0002459,The Reward for Broncho Billy
tt0002460,The Reward of Valor
tt0002461,The Life and Death of King Richard III
tt0002462,Riley and Schultz
tt0002463,Rip Van Winkle
tt0002464,The Rivals
tt0002465,Robin Hood
tt0002466,Romance of the Rails
tt0002467,Romani  the Brigand
tt0002468,Romería a Begas
tt0002469,The Root of Evil
tt0002470,A Sailor's Heart
tt0002471,Sally Ann's Strategy
tt0002472,Sammy Orpheus; or  the Pied Piper of the Jungle
tt0002473,The Sands of Dee
tt0002474,Saty delaji cloveka
tt0002475,Saved from the Titanic
tt0002476,Saved from Court Martial
tt0002477,Specter of the Sea
tt0002478,The School Teacher and the Waif
tt0002480,A Seaside Comedy
tt0002481,The Secret Service Man
tt0002482,His Sense of Duty
tt0002483,The Sergeant's Boy
tt0002484,The Seventh Son
tt0002485,Sheridan's Ride
tt0002486,The Sheriff's Inheritance
tt0002487,The Sheriff's Luck
tt0002488,The Shotgun Ranchman
tt0002489,The Siege of Petersburg
tt0002490,Silent Jim
tt0002491,The Sin of a Woman
tt0002492,A Siren of Impulse
tt0002493,A Sister's Love
tt0002494,The Sketch with the Thumb Print
tt0002495,The Skinflint
tt0002496,The Smuggler's Daughter
tt0002497,So Near  Yet So Far
tt0002498,The Soldier Brothers of Susanna
tt0002499,Song of the Shell
tt0002500,The Black Chancellor
tt0002501,A Spanish Dilemma
tt0002502,The Spanish Revolt of 1836
tt0002503,The Spirit Awakened
tt0002504,The Star of Bethlehem
tt0002505,Stenographers Wanted
tt0002506,Stolen Glory
tt0002507,The Stolen Nickel
tt0002508,The Stranger at Coyote
tt0002509,The Street Singer
tt0002510,A String of Pearls
tt0002511,Los sueños de Palomeque
tt0002512,The Sunbeam
tt0002513,The Sunset Gun
tt0002514,Saved in Mid-Air
tt0002515,Dr. Goudron's System
tt0002516,A Tale of the Wilderness
tt0002517,Talma
tt0002518,A Tangled Marriage
tt0002519,The Telephone Girl
tt0002520,A Temperamental Husband
tt0002521,A Temporary Truce
tt0002522,The Third Thanksgiving
tt0002523,Thirty Days at Hard Labor
tt0002524,The Tide of Battle
tt0002525,The Tide of Death
tt0002526,The Tide of Fortune
tt0002527,To Save Her Brother
tt0002528,Tomboy Bessie
tt0002529,The Tomboy on Bar Z
tt0002530,The Torn Letter
tt0002531,Song of Death
tt0002532,The Totville Eye
tt0002533,The Tourists
tt0002534,Le tournoi de l'écharpe d'or
tt0002535,Tragedy of the Dress Suit
tt0002536,The Transformation of Mike
tt0002537,The Three Comrades
tt0002538,Treasure Island
tt0002539,The Tribal Law
tt0002540,Love in the Tropics
tt0002541,The Troubadour's Triumph
tt0002542,The Troublesome Step-Daughters
tt0002543,A True Briton
tt0002544,The Gardener
tt0002545,Twilight
tt0002546,Two Daughters of Eve
tt0002547,The Vengeance of Durand; or  the Two Portraits
tt0002548,The Two Rivals
tt0002549,Den tyranniske fästmannen
tt0002550,Under Burning Skies
tt0002551,Undine
tt0002552,The Vengeance of Edgard Poe
tt0002553,An Unseen Enemy
tt0002554,An Unusual Sacrifice
tt0002555,The Last Bohemian
tt0002556,The Vampire Dancer
tt0002557,The Vandal Outlaws
tt0002558,The Vengeance of the Fakir
tt0002559,Verkannt
tt0002560,The Vicissitudes of a Top Hat
tt0002561,Victim of Circumstances
tt0002562,The Victoria Cross
tt0002563,The Violin of M'sieur
tt0002564,The Virtue of Rags
tt0002565,Los viveskis sin contrato
tt0002566,The Voice of the Millions
tt0002567,Von Weber's Last Waltz
tt0002568,War's Havoc
tt0002569,The Water Nymph
tt0002570,The Water Rights War
tt0002571,The Way of the Transgressor
tt0002572,Wenn die Maske fällt
tt0002573,Western Girls
tt0002574,What Happened to Mary
tt0002575,What Katie Did
tt0002576,What the Doctor Ordered
tt0002577,When Joey Was on Time
tt0002578,When Kings Were the Law
tt0002579,When the Fire-Bells Rang
tt0002580,The White Aprons
tt0002581,White Roses
tt0002582,The Widow Casey's Return
tt0002583,The Widow's Second Marriage
tt0002584,The Winking Parson
tt0002585,With the Enemy's Help
tt0002586,Won by a Fish
tt0002587,The Wood Violet
tt0002588,Zigomar contre Nick Carter
tt0002590,Zu Tode gehetzt
tt0002591,Zu spät
tt0002592,Zweimal gelebt
tt0002593,'Arriet's Baby
tt0002594,'Neath Austral Skies
tt0002595,...denn alle Schuld rächt sich auf Erden
tt0002596,The Abandoned Well
tt0002597,Accident Insurance
tt0002598,An Accidental Servant
tt0002599,Across the Continent
tt0002600,The Actor's Christmas
tt0002601,The Adopted Brother
tt0002602,The Secret of Adrianople
tt0002603,An Adventure in the Autumn Woods
tt0002604,The Adventure of an Heiress
tt0002605,The Adventures of Kathlyn
tt0002606,Alas! Poor Yorick!
tt0002607,Algy's Awful Auto
tt0002608,The Alibi
tt0002609,Alkali Ike and the Hypnotist
tt0002610,Alkali Ike's Auto
tt0002611,Alkali Ike's Homecoming
tt0002612,Alkali Ike's Misfortunes
tt0002613,Alkali Ike's Mother-in-Law
tt0002614,Alkali Ike in Jayville
tt0002615,All on Account of a Portrait
tt0002616,An Almond-Eyed Maid
tt0002617,Almost a Wild Man
tt0002618,Almost an Actress
tt0002619,Alone in the Jungle
tt0002620,Altar of the Aztecs
tt0002621,The Ambassador's Daughter
tt0002622,The Ambassador's Envoy
tt0002623,The American Princess
tt0002624,El amigo del alma
tt0002625,Ana Kadova
tt0002626,The Anarchist
tt0002627,And His Wife Came Back
tt0002628,Der Andere
tt0002629,The Angel of Death
tt0002630,Angel of the Canyons
tt0002631,The Animal
tt0002632,Ann
tt0002633,Annie Laurie
tt0002634,Another Man's Wife
tt0002635,An Apache's Gratitude
tt0002636,The Appeal
tt0002637,Arizona
tt0002638,Art and Honor
tt0002639,The Artist's Dreams
tt0002640,The Artist's Sacrifice
tt0002641,The Artist
tt0002642,The Heir to Skjoldborg
tt0002643,Ashes
tt0002644,Ashes of Three
tt0002645,At Twelve O'Clock
tt0002646,Atlantis
tt0002647,On a Lonely Island
tt0002648,Old Brandis' Eyes
tt0002649,Australia Calls
tt0002650,The Auto
tt0002651,The Autocrat of Flapjack Junction
tt0002652,The Awakening of a Man
tt0002653,Baby Day
tt0002654,Back to Life
tt0002655,A Bad Game
tt0002656,Balaoo the Demon Baboon
tt0002657,The Ball Game
tt0002658,A Bandit
tt0002659,Bangville Police
tt0002661,Barcelona bajo la nieve
tt0002662,Barnet
tt0002663,Barney Oldfield's Race for a Life
tt0002664,Barry's Breaking In
tt0002665,The Bartered Bride
tt0002666,Baseball
tt0002667,The Battle for Freedom
tt0002668,The Battle of Bloody Ford
tt0002669,The Battle of Gettysburg
tt0002670,The Battle of Shiloh
tt0002671,The Battle of Who Run
tt0002672,The Bawlerout
tt0002673,Beau Brummel
tt0002674,Beauty Unadorned
tt0002675,Behind the Scenes
tt0002676,El bello Arturo
tt0002677,The Bells
tt0002678,Ben Bolt
tt0002679,Bianco contro negro
tt0002680,The Big Boss
tt0002681,The Big Horn Massacre
tt0002682,Tired Bill's Career as a Butler
tt0002683,The Black Snake
tt0002684,Black and White
tt0002685,Blodets röst
tt0002686,The Blood Red Tape of Charity
tt0002687,Blood and Bosh
tt0002688,Bloodhounds of the North
tt0002689,The Blue Rose
tt0002690,The Boatswain's Daughter
tt0002691,The Boomerang
tt0002692,Borrowed Gold
tt0002693,The Bowling Match
tt0002694,Bragg's New Suit
tt0002695,The Brand of California
tt0002696,Bread Cast Upon the Waters
tt0002697,Bread Upon the Waters
tt0002698,Bridegrooms Beware
tt0002699,The Bridge of Shadows
tt0002700,Broken Nose Bailey
tt0002701,The Broken Spell
tt0002702,Broken Ways
tt0002703,Broncho Billy and the Maid
tt0002704,Broncho Billy and the Outlaw's Mother
tt0002705,Broncho Billy and the Squatter's Daughter
tt0002706,Broncho Billy and the Step-Sisters
tt0002707,Broncho Billy's Christmas Deed
tt0002708,Broncho Billy's First Arrest
tt0002709,Broncho Billy's Gratefulness
tt0002710,Broncho Billy's Gun Play
tt0002711,Broncho Billy's Last Deed
tt0002712,Broncho Billy's Secret
tt0002713,Broncho Billy's Sister
tt0002714,Broncho Billy's Squareness
tt0002715,Broncho Billy's Ward
tt0002716,Broncho Billy's Way
tt0002717,A Brother's Loyalty
tt0002718,Brothers
tt0002719,The Primitive Man
tt0002720,Bryant and the Speeches
tt0002721,Bröderna
tt0002723,Budd Doble Comes Back
tt0002724,The Burglar Who Robbed Death
tt0002725,Buried Alive in a Coal Mine
tt0002726,By Man's Law
tt0002727,Bøffen og bananen
tt0002728,The Cabaret Singer
tt0002729,The Caged Bird
tt0002730,Calamity Anne  Detective
tt0002731,The California Alien Land Law
tt0002732,A Call from Home
tt0002733,The Call of the Blood
tt0002734,A Campaign Manageress
tt0002735,Le camée
tt0002736,Caprice
tt0002737,Captured by Strategy
tt0002738,Cards
tt0002739,Carmen
tt0002740,Castro in New York
tt0002741,Caught in the Act
tt0002742,A Cause for Thankfulness
tt0002743,El Caín moderno
tt0002744,The Champion
tt0002745,A Chance Deception
tt0002746,Checkers
tt0002747,The Cheese Special
tt0002748,Chelsea 7750
tt0002749,The Child of the Sea
tt0002750,A Child's Influence
tt0002751,A Chopin Nocturne
tt0002752,The Claim Jumper
tt0002753,The Classmate's Frolic
tt0002754,Coal
tt0002755,Cohen Saves the Flag
tt0002756,Cohen's Outing
tt0002757,College Chums
tt0002758,Colonel Heeza Liar in Africa
tt0002759,The Coming of Angelo
tt0002760,Confidence
tt0002761,The Conscience of Hassan Bey
tt0002762,The Convict's Daughter
tt0002763,Corazón de presidiario
tt0002766,Le corso rouge
tt0002767,The Count of Monte Cristo
tt0002768,Counterfeiters
tt0002769,A Cracksman Santa Claus
tt0002770,The Cracksman's Reformation
tt0002771,El crimen del otro
tt0002772,The Criminal Path
tt0002773,Criminals
tt0002774,The Crimson Cross
tt0002775,The Crisis
tt0002776,The Crook and the Girl
tt0002777,Cross Purposes
tt0002778,The Cubists
tt0002779,Cupid Through a Keyhole
tt0002780,Cupid Throws a Brick
tt0002781,Cupid Versus Women's Rights
tt0002782,Cupid's Lieutenant
tt0002783,The Cure That Failed
tt0002784,Cymbeline
tt0002785,La dame de Monsoreau
tt0002786,The Dangling Noose
tt0002787,The Daughter of the Hills
tt0002788,A Daughter of the Wilderness
tt0002789,Days of '49
tt0002790,De muerte a vida
tt0002791,The Deacon Outwitted
tt0002792,Dead Man's Shoes
tt0002793,The Dean's Daughters
tt0002794,Dear Old Girl
tt0002795,Death's Marathon
tt0002796,The Deerslayer
tt0002797,Delayed Proposals
tt0002798,Le dernier pardon
tt0002800,A Desperate Chance
tt0002801,The Black Diamond
tt0002802,The Diamond Crown
tt0002803,A Dip Into Society
tt0002804,The Discovery
tt0002805,Diverging Paths
tt0002806,The Doctor's Duty
tt0002807,The Doctor's Photograph
tt0002808,The Doctor's Secret
tt0002809,A Doctored Affair
tt0002810,The Dog House Builders
tt0002811,I due palombari
tt0002812,A Double Wedding
tt0002813,Dr. Jekyll and Mr. Hyde
tt0002814,The Dress Reform
tt0002815,Drink's Lure
tt0002816,The Drummer of the 8th
tt0002817,The Drummer's Note Book
tt0002818,The Duke's Dilemma
tt0002819,During the Round-Up
tt0002820,East Lynne
tt0002821,The Echo of a Song
tt0002822,What 80 Million Women Want
tt0002823,Die Eisbraut
tt0002824,The Elder Brother
tt0002825,An Elephant on His Hands
tt0002826,The Eleventh Commandment
tt0002827,Elise  the Forester's Daughter
tt0002828,The Elite Ball
tt0002829,The Enemy's Baby
tt0002830,The Escape of Jim Dolan
tt0002831,Esther
tt0002832,Evangeline
tt0002833,Evinrude
tt0002834,Unforeseen Metamorphosis
tt0002835,Exoneration
tt0002836,Extremities
tt0002837,Fabricación del hielo
tt0002838,A Face from the Past
tt0002839,The Fatal Taxicab
tt0002840,False to Their Trust
tt0002841,Falstaff
tt0002842,The Family's Honor
tt0002843,Fanny's Conspiracy
tt0002844,Fantômas: In the Shadow of the Guillotine
tt0002845,The Farm Bully
tt0002846,The Farmer's Daughter
tt0002847,The Farmer's Daughters
tt0002848,Fate
tt0002849,Father's Choice
tt0002850,Father's Hatband
tt0002851,Fatty Joins the Force
tt0002852,Fatty at San Diego
tt0002853,Fatty's Day Off
tt0002854,Fatty's Flirtation
tt0002855,The Favorite Son
tt0002856,Fellow Voyagers
tt0002858,Fiestas en Palafrugell
tt0002859,The Fight for Millions
tt0002860,The Fight for Right
tt0002861,A Fighting Chance
tt0002862,The Fighting Lieutenant
tt0002863,The Film Primadonna
tt0002864,The Firebugs
tt0002865,The Fires of Fate
tt0002866,First Love
tt0002867,A Fishy Affair
tt0002868,A Fishy Story
tt0002869,The Flight of the Crow
tt0002870,Flood Tide
tt0002871,Foiling Fickle Father
tt0002872,For Better or for Worse
tt0002873,For Lizzie's Sake
tt0002874,For the Love of Mabel
tt0002875,A Foreign Spy
tt0002876,The Foreman of the Jury
tt0002877,Forgetful Flossie
tt0002878,The Forgotten Latchkey
tt0002880,The Four Devils
tt0002881,Frauenleid
tt0002882,Frazzled Finance
tt0002883,Les frères ennemis
tt0002884,Friday the Thirteenth
tt0002885,From Dusk to Dawn
tt0002886,La fuerza del destino
tt0002887,The Fugitive
tt0002888,Fulano de Tal se enamora de Manón
tt0002889,The Funny Regiment
tt0002890,A Gambler's Honor
tt0002891,A Game of Cards
tt0002892,A Game of Poker
tt0002893,A Game of Pool
tt0002894,The Gangsters
tt0002895,The Gauntlets of Washington
tt0002896,Gaynor and the Night Clubs
tt0002897,The Mysterious Club
tt0002898,Germinal; or  The Toll of Labor
tt0002899,The Girl Reporter
tt0002900,The Girl and the Outlaw
tt0002901,The Girl of the Sunny South
tt0002902,A Girl's Stratagem
tt0002903,Girls Will Be Boys
tt0002904,The Glove
tt0002905,The Golden Wedding
tt0002906,The Good Indian
tt0002907,The Governor's Daughter
tt0002908,Graft
tt0002909,The Grand Military Parade
tt0002910,Granddad
tt0002911,The Gratitude of Wanda
tt0002912,The Great Gold Robbery
tt0002913,The Great Physician
tt0002914,The Greater Influence
tt0002915,The Green Eye of the Yellow God
tt0002916,Die große Sünderin
tt0002917,Brother Against Brother
tt0002918,The Gunmaker of Moscow
tt0002919,The Gusher
tt0002920,The Gypsy Queen
tt0002921,The Hall-Room Girls
tt0002922,Hamlet
tt0002923,The Hand of Providence
tt0002924,The Hansom Driver
tt0002925,Hard Cash
tt0002926,The Harper Mystery
tt0002927,The Harvest of Flame
tt0002928,Hasard
tt0002929,The Hat
tt0002930,The Hateful God
tt0002931,He Would Fix Things
tt0002932,He Would a Hunting Go
tt0002933,The Heart of a Jewess
tt0002934,The Heart of a Cracksman
tt0002935,The Heart of an Artist
tt0002936,Hearts Entangled
tt0002937,Hearts and Horses
tt0002938,Heinze's Resurrection
tt0002939,Helen's Stratagem
tt0002940,Help! Help! Hydrophobia!
tt0002941,Her Husband's Friend
tt0002942,Her Innocent Marriage
tt0002943,Her Lady Friend
tt0002944,Her Mother's Oath
tt0002945,Her New Beau
tt0002946,Her Only Son
tt0002947,Her Right to Happiness
tt0002948,Her Rosary
tt0002949,Her Secretaries
tt0002950,The Hero of Little Italy
tt0002951,Heroic Harold
tt0002952,A Heroic Rescue
tt0002953,Herrerín y Ballesteros  en Alagón
tt0002954,Hiawatha
tt0002955,A Hidden Love
tt0002956,Hide and Seek
tt0002958,El hijo del mar
tt0002959,The Hindoo Charm
tt0002960,His Aunt Emma
tt0002961,His Awful Daughter
tt0002962,His Blind Power
tt0002963,His Crooked Career
tt0002964,His Father's Deputy
tt0002965,His Imaginary Family
tt0002966,His Last Fight
tt0002967,His Last Gamble
tt0002968,His Mother's Son
tt0002969,His Second Wife
tt0002970,His Silver Bachelorhood
tt0002971,His Tired Uncle
tt0002972,His Ups and Downs
tt0002973,Dr. Mawson in the Antarctic
tt0002974,Homlock Shermes
tt0002975,L'homme qui assassina
tt0002976,The Honorable Algernon
tt0002977,Za chest' russkogo znameni
tt0002978,Hoodman Blind
tt0002979,The Hopeless Dawn
tt0002980,A Hopi Legend
tt0002981,An Hour Before Dawn
tt0002982,An Hour of Terror
tt0002983,A House Divided
tt0002984,The House in the Tree
tt0002985,The House of Darkness
tt0002986,The House of Discord
tt0002987,How Fine  How Fresh the Roses Were
tt0002988,How Hiram Won Out
tt0002989,How It Happened
tt0002990,How Men Propose
tt0002991,The Hoyden's Awakening
tt0002992,Hubby's Job
tt0002993,Hubby's New Coat
tt0002994,The Hunchback
tt0002995,The Hypnotist
tt0002996,My Husband's Getting Married
tt0002997,I'm No Counterfeiter
tt0002998,The Iconoclast
tt0002999,The Ideal Wife
tt0003000,The Idler
tt0003001,If We Only Knew
tt0003002,The Firefly
tt0003003,In Convict Garb
tt0003004,In Love and War
tt0003005,In a Roman Garden
tt0003006,In the Bishop's Carriage
tt0003007,In the Long Ago
tt0003008,In the Stretch
tt0003009,Inauguración del autodromo de Sitges  y carreras
tt0003010,Incendio en el barrio de Montemolín  Zaragoza
tt0003011,An Indian's Loyalty
tt0003012,The Infamous Don Miguel
tt0003013,Influence of the Unknown
tt0003014,Ingeborg Holm
tt0003015,Die Insel der Seligen
tt0003016,The Inside of the White Slave Traffic
tt0003017,An Infernal Tangle
tt0003018,Into the North
tt0003019,The Inventor's Sketch
tt0003020,The Island of Perversity
tt0003021,It Is Never Too Late to Mend
tt0003022,Ivanhoe
tt0003025,Jan Vedder's Daughter
tt0003026,Janet of the Dunes
tt0003027,The Jealous Waiter
tt0003028,The Jew's Christmas
tt0003029,The Jewel Thieves Outwitted
tt0003030,John Tobin's Sweetheart
tt0003031,Johnny Reb's Wooden Leg
tt0003032,Joyce of the North Woods
tt0003033,Juggling with Fate
tt0003034,Just Brown's Luck
tt0003035,Just Gold
tt0003036,Just Show People
tt0003037,Fantomas: The Man in Black
tt0003038,Kathleen Mavourneen
tt0003039,The Keys to Happiness
tt0003040,The Kiss
tt0003041,The Kitchen Mechanic
tt0003042,Kleiner Svend und seine Mutter
tt0003043,Knights and Ladies
tt0003044,Kri Kri e il tango
tt0003045,Lady Marions sommarflirt
tt0003046,The Lady and the Mouse
tt0003047,The Lady in Black
tt0003048,A Lady of Quality
tt0003049,The Land Salesman
tt0003050,A Landlord's Troubles
tt0003051,Die Landstraße
tt0003052,The Last Blockhouse
tt0003053,Laura y sus pretendientes
tt0003054,The Law and the Outlaw
tt0003055,The Law of Humanity
tt0003056,Leah Kleschna
tt0003057,The Left-Handed Man
tt0003058,The Legend of Provence
tt0003059,Léonce cinématographiste
tt0003060,Leonie
tt0003061,Let No Man Put Asunder
tt0003062,A Letter to Uncle Sam
tt0003063,Lieutenant Jones
tt0003064,The Life Timer
tt0003065,A Life in the Balance
tt0003066,The Lifted Veil
tt0003067,A Light on Troubled Waters
tt0003068,The Lightning Bolt
tt0003069,Lille Klaus og store Klaus
tt0003070,The Lipton Cup: Introducing Sir Thomas Lipton
tt0003071,A Little Child Shall Lead Them
tt0003072,The Little Church Around the Corner
tt0003073,A Little Hero
tt0003074,The Little Minister
tt0003075,The Little Tease
tt0003076,Livets konflikter
tt0003077,Lobster Salad and Milk
tt0003078,Local Color on the A-1 Ranch
tt0003079,The Long and Short of It
tt0003080,Longing for a Mother
tt0003081,Looking for Trouble
tt0003082,The Lost Millionaire
tt0003083,Lost in the Night
tt0003085,Love Before Ten
tt0003086,The Love Chase
tt0003087,Love Laughs at Locksmiths; or  Love Finds a Way
tt0003088,Love Sickness at Sea
tt0003089,Love and Courage
tt0003090,Love and Pain
tt0003091,Love and Rubbish
tt0003092,Love and the Law
tt0003093,Love in an Apartment Hotel
tt0003094,The Love of Penelope
tt0003095,Love vs. Law
tt0003096,Love's Sunset
tt0003097,Lovers Three
tt0003098,The Lure of New York
tt0003099,The Lure of the Stage
tt0003100,La luz que vuelve
tt0003101,Löjen och tårar
tt0003102,Love Everlasting
tt0003103,Mabel's Awful Mistake
tt0003104,Mabel's Dramatic Career
tt0003105,Mabel's Heroes
tt0003106,Mabel's New Hero
tt0003107,Mabel's Stormy Love Affair
tt0003108,Macbeth
tt0003109,Made a Coward
tt0003110,Mademoiselle 100 millions
tt0003111,Madonna of the Storm
tt0003112,The Making of Broncho Billy
tt0003113,Mala raza
tt0003114,The Man Next Door
tt0003115,Man and Woman
tt0003116,The Man from the Golden West
tt0003117,Man's Duty
tt0003118,The Manicure Girl
tt0003119,Mannekängen
tt0003120,The Mansion of Misery
tt0003121,Margarita and the Mission Funds
tt0003122,Maria Marten  or: The Murder in the Red Barn
tt0003123,Maria's Sacrifice
tt0003124,Los marinos de papel
tt0003125,Marrying Sue
tt0003126,The Marshal's Capture
tt0003127,Mary Stuart
tt0003128,Mary's Romance
tt0003129,The Masquerade
tt0003130,The Matrimonial Agency
tt0003131,War Is Hell
tt0003132,Max virtuose
tt0003133,De medeminaars
tt0003134,The Powder Flash of Death
tt0003135,Mental Suicide
tt0003136,Mercy Merrick
tt0003137,The Merry Milkmaid
tt0003138,The Mexican Problem
tt0003139,Mexican War Pictures
tt0003141,The Midget's Revenge
tt0003142,A Midsummer Night's Dream
tt0003143,Mijntje en Trijntje
tt0003144,Mike and Jake Among the Cannibals
tt0003145,Mike and Jake at the Beach
tt0003146,Mike and Jake in Society
tt0003147,Mike and Jake in the Wild  Wild West
tt0003148,Milk
tt0003149,The Minister's Temptation
tt0003150,Miraklet: Tavlor ur det katolska samfundslivet
tt0003151,The Mirror
tt0003152,A Misappropriated Turkey
tt0003153,Misplaced Love
tt0003154,Miss Mischief
tt0003155,The Missing Bonds
tt0003156,The Mistake
tt0003157,The Mistaken Masher
tt0003158,A Misunderstood Boy
tt0003159,Les Misérables  Part 2: Fantine
tt0003160,El modelo de virtudes
tt0003161,A Modern Snare
tt0003162,Den moderna suffragetten
tt0003163,A Modest Hero
tt0003164,The Death of Saul
tt0003165,Fantômas: The Dead Man Who Killed
tt0003166,The Mosquito
tt0003167,Home  Sweet Home
tt0003168,Mother's Boy
tt0003169,Mother's Lazy Boy
tt0003170,The Mothering Heart
tt0003171,Moths
tt0003172,The Moulding
tt0003173,The Mountaineers
tt0003174,Much Ado About Nothing
tt0003175,Muchly Engaged
tt0003176,A Muddle in Horse Thieves
tt0003177,A Muddy Romance
tt0003178,Murphy's I.O.U.
tt0003179,Mutt Puts One Over
tt0003180,Mutt and Jeff
tt0003181,Mutt and Jeff
tt0003182,Mutt and Jeff
tt0003183,Mutt and Jeff
tt0003184,Mutt and Jeff
tt0003185,Mutt and Jeff
tt0003186,Mutt and Jeff
tt0003187,Mutt and Jeff
tt0003188,Mutt and Jeff
tt0003189,Mutt and Jeff
tt0003190,Mutt and Jeff
tt0003191,Mutt and Jeff
tt0003192,Mutt and Jeff
tt0003193,Mutt and Jeff
tt0003194,Mutt and Jeff
tt0003195,Mutt and Jeff in Constantinople
tt0003196,Mutt and Jeff at Sea: Part 1
tt0003197,Mutt and Jeff at Sea: Part 2
tt0003198,Mutt and Jeff in Mexico
tt0003199,Mutt and Jeff in Turkey
tt0003200,Mutt's Marriage
tt0003201,Mutt's Moneymaking Scheme
tt0003202,A Mutual Understanding
tt0003203,The Mystery of West Sedgwick
tt0003204,The Mystery of Yellow Aster Mine
tt0003205,The Mystic Mat
tt0003207,Near to Earth
tt0003208,Nederland en Oranje
tt0003209,The New Conductor
tt0003210,The New Typist
tt0003211,A News Item
tt0003212,A Night in Town
tt0003213,No Place for Father
tt0003214,The Night Before Christmas
tt0003215,A Noise from the Deep
tt0003216,The Noisy Six
tt0003217,Northern Hearts
tt0003219,När kärleken dödar
tt0003220,O'Hara Helps Cupid
tt0003221,O'Hara as a Guardian Angel
tt0003222,O'Hara  Squatter and Philosopher
tt0003223,Broncho Billy's Oath
tt0003224,Oh! You Pearl
tt0003225,Oh! You Scotch Lassie
tt0003226,Oil and Water
tt0003227,The Girl from Abroad; or  The Great Underworld
tt0003228,Olaf-an Atom
tt0003229,An Old Actor
tt0003230,The Old Armchair
tt0003231,Old Doc Yak
tt0003232,Old Doc Yak and the Artist's Dream
tt0003233,Doc Yak's Christmas
tt0003234,Old Jim
tt0003235,An Old Man's Love Story
tt0003236,The Old Wood Carver
tt0003237,Omens and Oracles
tt0003238,On His Wedding Day
tt0003239,On the Brink of Ruin
tt0003241,One Hundred Years of Mormonism
tt0003242,One on Romance
tt0003243,The Orphan
tt0003244,Othello in Jonesville
tt0003245,The Other Woman
tt0003246,Our Parents-in-Law
tt0003247,Out and In
tt0003248,Out of the Grave
tt0003249,Outwitting Dad
tt0003250,Overfaldet på poståpnerens datter
tt0003251,Pa Says
tt0003252,The Paper Doll
tt0003253,Passions  He Had Three
tt0003254,Pauline Cushman  the Federal Spy
tt0003255,Pearl and the Poet
tt0003256,Pearl and the Tramp
tt0003257,Pearl as a Clairvoyant
tt0003258,Pearl as a Detective
tt0003259,The Pearl of the Golden West
tt0003260,Pearl's Admirers
tt0003261,Pearl's Dilemma
tt0003262,Pearl's Hero
tt0003263,Pearl's Mistake
tt0003264,The Peddler
tt0003265,Peeping Pete
tt0003266,The Penalties of Reputation
tt0003268,The Perfidy of Mary
tt0003269,A Perilous Cargo
tt0003270,Perils of the Sea
tt0003272,The Phantom Ship
tt0003273,The Phantom Signal
tt0003274,Phantoms
tt0003275,Pickaninni's G-string
tt0003276,The Picket Guard
tt0003277,Pickup Is a Sportsman
tt0003278,The Picture of Dorian Gray
tt0003279,The Pied Piper of Hamelin
tt0003280,Pimple's Wonderful Gramophone
tt0003281,Pirate Gold
tt0003282,Pleasing Her Husband
tt0003283,The Poet and the Soldier
tt0003284,Poker
tt0003285,The Police Women
tt0003286,The Polo Boat
tt0003287,Pommy Arrives in Australia
tt0003288,Poor Jake's Demise
tt0003289,The Port of Doom
tt0003291,The Power of Conscience
tt0003292,The Pride of Angry Bear
tt0003293,Pride of Lonesome
tt0003294,Primera comunión de las alumnas de las Escuelas Pías
tt0003296,The Prince of Evil
tt0003297,The Princess and the Man
tt0003298,A Princess of Bagdad
tt0003299,A Prisoner in the Harem
tt0003300,A Prisoner of Cabanas
tt0003301,The Prisoner of Zenda
tt0003302,Professor Bean's Removal
tt0003303,The Professor's Daughter
tt0003304,The Prophecy
tt0003305,The Secret of the Well
tt0003306,På livets ödesvägar
tt0003307,The Quakeress
tt0003308,A Quiet Little Wedding
tt0003309,Captive Souls
tt0003310,That Ragtime Band
tt0003311,Raja Harishchandra
tt0003312,The Ranch Owner's Love-Making
tt0003313,The Ranchero's Revenge
tt0003314,The Range Law
tt0003315,Rastus and the Game Cock
tt0003316,The Rattlesnake
tt0003317,Rebecca
tt0003318,The Red Balloons
tt0003319,A Red Hot Romance
tt0003320,Red Margaret  Moonshiner
tt0003321,Red Sweeney's Mistake
tt0003322,The Redemption
tt0003323,The Reformers; or  the Lost Art of Minding One's Business
tt0003324,A Regiment of Two
tt0003325,La reine de Saba
tt0003326,Religion and Gun Practice
tt0003327,Retribution
tt0003328,Retrogression
tt0003329,The Rich Uncle
tt0003330,The Life of Richard Wagner
tt0003331,Riches and Rogues
tt0003332,Rick's Redemption
tt0003333,The Riot
tt0003334,The Road to Ruin
tt0003335,The Robbers
tt0003336,Robert's Lesson
tt0003337,Robin Hood
tt0003338,Rockefeller
tt0003339,The Rogues of Paris
tt0003340,The Romance of Rowena
tt0003341,Romance of Sunshine Alley
tt0003342,The Rose of Mexico
tt0003343,The Rube and the Baron
tt0003344,The Rural Third Degree
tt0003345,S1
tt0003346,Safe in Jail
tt0003347,The Safety Pin
tt0003348,Sallie's Sure Shot
tt0003349,The Sandstorm
tt0003350,For the Love of a Toreador
tt0003351,Sapho
tt0003353,Saved from the Vigilantes
tt0003355,Saved by the Pony Express
tt0003356,Saving Mabel's Dad
tt0003357,A Sawmill Hazard
tt0003358,Scenes of Other Days
tt0003359,Schnitz the Tailor
tt0003360,The Black Ball; or  Vengeance Bequeathed
tt0003361,The Sea Urchin
tt0003362,The Sea Wolf
tt0003363,The Seed of the Fathers
tt0003364,The Shadow
tt0003365,Shadows of the Moulin Rouge
tt0003366,The Shame of the Empire State
tt0003367,The Shattered Vase
tt0003368,The Sheriff and the Rustler
tt0003369,The Sheriff of Yavapai County
tt0003370,The Sheriff's Baby
tt0003371,The Sheriff's Child
tt0003372,The Sheriff's Honeymoon
tt0003373,The Sheriff's Story
tt0003374,Shon the Piper
tt0003375,The Shotgun Man and the Stage Driver
tt0003376,Silvia Silombra
tt0003377,The Sins of the Father
tt0003378,A Sister to Carmen
tt0003379,Sixty Years a Queen
tt0003380,The Sleuths at the Floral Parade
tt0003381,A Small Time Act
tt0003382,The Snare of Fate
tt0003384,The Snare
tt0003385,So Runs the Way
tt0003386,Sodoms Ende
tt0003387,The Sparrow
tt0003388,Solitaires
tt0003389,Some Nerve
tt0003390,Ein Sommernachtstraum in unserer Zeit
tt0003391,Song Bird of the North
tt0003392,Songs of Truce
tt0003393,The Sorrowful Shore
tt0003394,Den sorte familie
tt0003395,The Soubrette
tt0003396,A Soul in Bondage
tt0003397,The Spanish Parrot Girl
tt0003398,The Spectre Bridegroom
tt0003399,The Speed Kings
tt0003400,The Speed Queen
tt0003401,The Spirit of the Flag
tt0003402,A Splendid Scapegrace
tt0003403,The Spy's Defeat
tt0003404,The Star of India
tt0003405,Starving for Love
tt0003406,Statistinnen des Lebens
tt0003407,The Stigma
tt0003408,The Still Voice
tt0003409,The Stolen Bride
tt0003410,The Stolen Loaf
tt0003411,The Stolen Moccasins
tt0003412,The Stolen Purse
tt0003413,The Stolen Treaty
tt0003414,The Stranglers of Paris
tt0003416,Strictly Business
tt0003417,A Strong Revenge
tt0003418,The Struggle
tt0003419,The Student of Prague
tt0003420,A Substitute for Peroxide
tt0003421,The Subway
tt0003422,The Sultan's Harem
tt0003423,Die Sumpfblume
tt0003424,Suspense
tt0003425,The Swan Girl
tt0003426,A Sweet Deception
tt0003427,The Switch Tower
tt0003428,The Taming of Texas Pete
tt0003429,A Tammany Boarder
tt0003430,A Tangled Affair
tt0003431,Die Tangokönigin
tt0003432,Tapped Wires
tt0003433,The Tattoo Mark
tt0003434,The Tattooed Arm
tt0003436,The Telephone Girl and the Lady
tt0003437,The Telltale Light
tt0003438,Ten Nights in a Barroom
tt0003439,The Tender Hearted Boy
tt0003440,A Tender-Hearted Crook
tt0003441,The Terrible Vengeance
tt0003442,Tess of the D'Urbervilles
tt0003443,That Crying Baby
tt0003444,That Other Girl
tt0003445,Thaw and the Lasso
tt0003446,Thaw and the Spider
tt0003447,Their Husbands
tt0003448,Their Stepmother
tt0003449,The Third Degree
tt0003450,The Thirteenth Man
tt0003451,Thor  Lord of the Jungles
tt0003452,Those Good Old Days
tt0003453,Those Little Flowers
tt0003454,Three Friends
tt0003455,The Three Gamblers
tt0003456,Through Fire and Air
tt0003457,The Tide of Destiny
tt0003458,The Tie of the Blood
tt0003459,The Tiger
tt0003460,A Timely Interception
tt0003461,Tobias Wants Out
tt0003462,The Toll Gate Raiders
tt0003463,The Toll of the Marshes
tt0003464,The Tonopah Stampede for Gold
tt0003465,Tonto de la huerta
tt0003466,Tony  the Fiddler
tt0003467,Toodleums
tt0003468,Toplitsky and Company
tt0003469,Tortures Within Prison Walls
tt0003471,Traffic in Souls
tt0003472,Trampa y cartón
tt0003473,The Translation of a Savage
tt0003474,The Trap
tt0003475,Trapped in a Forest Fire
tt0003476,A Treacherous Shot
tt0003477,The Treasure of Desert Isle
tt0003478,A True Believer
tt0003479,True Chivalry
tt0003480,A Tudor Princess
tt0003481,The Turning Point
tt0003482,Two Lunatics
tt0003483,Two Men and a Woman
tt0003484,Two Men of the Desert
tt0003485,The Two Presidents
tt0003486,The Two Suffragettes
tt0003487,The Two Widows
tt0003488,Two's Company  Three's a Crowd
tt0003489,The Last Days of Pompeii
tt0003490,Uncle Sam and His Suit
tt0003491,Under the Daisies; or  As a Tale That Is Told
tt0003492,Under the Shadow of the Law
tt0003493,Ungarische Rhapsodie
tt0003494,Universal Trade Marks
tt0003495,An Unseen Terror
tt0003496,Until the Sea...
tt0003497,The Unwelcome Guest
tt0003498,An Unwritten Chapter
tt0003499,The Vampire
tt0003500,Vampyren
tt0003501,The Veiled Lady
tt0003502,A Venetian Night
tt0003503,The Vengeance of Galora
tt0003504,Der Verführte
tt0003505,Via Cabaret
tt0003506,The Vicar of Wakefield
tt0003507,The Vicar of Wakefield
tt0003508,Victory
tt0003509,A Virginia Feud
tt0003512,The Voyage of the Bourrichon Family
tt0003513,Waifs
tt0003514,The Waiters' Picnic
tt0003515,The Wall of Money
tt0003516,The Wanderer
tt0003517,Wanted  a Strong Hand
tt0003518,War in Turkey
tt0003519,The Way of a Mother
tt0003520,The Ways of Fate
tt0003521,The Web
tt0003522,The Wedding Gown
tt0003523,A Welcome Intruder
tt0003524,A Welded Friendship
tt0003525,The Well
tt0003526,The Werewolf
tt0003527,Whadya Mean You're Contended
tt0003528,What Papa Got
tt0003529,The Wheels of Destiny
tt0003530,When Dreams Come True
tt0003531,When Duty Calls
tt0003532,When Greek Meets Greek
tt0003533,When Jim Returned
tt0003534,When Love Is Young
tt0003535,When Luck Changes
tt0003536,When Mary Grew Up
tt0003537,When Soul Meets Soul
tt0003538,When Women Go on the Warpath; or  Why Jonesville Went Dry
tt0003539,När larmklockan ljuder
tt0003540,When the Earth Trembled
tt0003541,When the Right Man Comes Along
tt0003542,Where Charity Begins
tt0003543,A Whiff of Onion
tt0003544,While John Bolt Slept
tt0003545,Who Will Marry Mary?
tt0003546,Who Is in the Box?
tt0003547,Who Is the Goat?
tt0003548,Why I Am Here
tt0003549,The Widow's Kids
tt0003550,The Widow's Suitors
tt0003551,A Wild Ride
tt0003552,Will Power
tt0003553,A Will and a Way
tt0003554,The Will of the People
tt0003555,Willie's Great Scheme
tt0003556,Wilson and the Broom
tt0003557,Wilson and the Hats
tt0003558,Wilson and the Tariffs
tt0003559,Wilson's Row Boat
tt0003560,A Wise Old Elephant
tt0003562,With Her Rival's Help
tt0003563,With Love's Eyes
tt0003564,With the Eyes of the Blind
tt0003565,Where Is Coletti?
tt0003566,The Woman Haters
tt0003567,Women and War
tt0003568,The Woman and the Law
tt0003569,A Woman in the Ultimate
tt0003570,A Woman's Revenge
tt0003571,Woman: Past and Present
tt0003572,The Wood Nymph
tt0003573,A Woodland Paradise
tt0003574,The Wordless Message
tt0003575,The Worker
tt0003576,The Wreck
tt0003577,The Wrong Bottle
tt0003578,The Yaqui Cur
tt0003579,The Young Mrs. Eames
tt0003580,Youth and Jealousy
tt0003581,Zaragoza y sus monumentos
tt0003582,Zuzu  the Band Leader
tt0003583,Äktenskapsbyrån
tt0003584,The $5  000  000 Counterfeiting Plot
tt0003585,'Cross the Mexican Line
tt0003586,'Midst Woodland Shadows
tt0003587,'Round the World in 80 Days
tt0003588,'Twas the Night Before Christmas
tt0003589,0-18 or A Message from the Sky
tt0003590,A 300 éves ember
tt0003591,Absinthe
tt0003592,The Accomplished Mrs. Thompson
tt0003594,Across the Court
tt0003595,Across the Pacific
tt0003596,The Active Life of Dolly of the Dailies
tt0003597,Adoptivkind
tt0003598,The Adventures of Andy Clark
tt0003599,The Adventures of Buffalo Bill
tt0003600,The Adventures of Kitty Cobb
tt0003601,The Adventures of Pimple: Trilby
tt0003602,The Adventures of a Diplomatic Freelance
tt0003603,An Affair for the Police
tt0003605,After the Ball
tt0003606,Aftermath
tt0003607,The Alarm
tt0003608,El alcalde de Zalamea
tt0003609,Alexandra
tt0003610,Alexia o La niña del misterio
tt0003611,All at Sea
tt0003612,All's Well That Ends Well
tt0003613,Alone in New York
tt0003614,The Amateur Detective
tt0003615,Ambrose's First Falsehood
tt0003616,Ambrose's Little Hatchet
tt0003617,America
tt0003618,An American Citizen
tt0003619,Amigas siempre
tt0003620,Among the Mourners
tt0003621,Amor andaluz
tt0003622,Love of Perdition
tt0003623,Amor de pescadora
tt0003624,The Anglers
tt0003625,Anna Karenina
tt0003626,Another Chance
tt0003627,Another Tale
tt0003628,The Anti-Neurasthenic Trumpet
tt0003629,Apuntes de la fiesta de la flor
tt0003630,Golddigger
tt0003631,Aristocracy
tt0003632,Arme Eva
tt0003633,Arms and the Gringo
tt0003634,As Ye Sow
tt0003635,Ashes of Hope
tt0003636,Ashes of the Past
tt0003637,Assunta Spina
tt0003638,At Dawn
tt0003639,At the Cross Roads
tt0003640,The Attic Above
tt0003641,Auntie's Portrait
tt0003642,The Availing Prayer
tt0003643,The Avenging Conscience: or 'Thou Shalt Not Kill'
tt0003644,The Aviator Spy
tt0003645,Baby's Ride
tt0003646,A Bachelor's Love Story
tt0003647,Mack at It Again
tt0003648,Back to Broadway
tt0003649,Back to the Farm
tt0003650,Back to the Kitchen
tt0003651,Badehotellet
tt0003652,Gentleman Burglar
tt0003653,The Baggage Smasher
tt0003655,The Banker's Daughter
tt0003656,The Barefoot Boy
tt0003657,The Bargain
tt0003658,Barnyard Flirtations
tt0003659,The Barrier of Ignorance
tt0003660,The Basilisk
tt0003661,The Bath
tt0003662,The Battle of Elderbush Gulch
tt0003663,Battle of Gettysgoat
tt0003664,The Battle of Love
tt0003665,The Battle of the Sexes
tt0003666,The Beast
tt0003667,The Beat of the Year
tt0003668,Beating Back
tt0003669,A becsapott újságíró
tt0003670,Behind the Scenes
tt0003671,Behind the Veil
tt0003672,La Belle Russe
tt0003673,The Belle of the School
tt0003674,The Bells of Rheims
tt0003675,The Beloved Adventurer
tt0003676,Beneath the Czar
tt0003677,The Better Man
tt0003678,The Better Way
tt0003679,Between Showers
tt0003680,The Billionaire
tt0003681,Billy's Ruse
tt0003682,The Birth of the Star Spangled Banner
tt0003683,The Blind Fiddler
tt0003684,Blood Will Tell
tt0003685,Det blaa vidunder
tt0003686,The Boer War
tt0003687,Bombs and Bangs
tt0003688,The Book of Nature
tt0003689,Born Again
tt0003690,The Borrowed Finery
tt0003691,The Bottom of the Sea
tt0003692,The Boundary Rider
tt0003693,A Boy and the Law
tt0003694,Bra flicka reder sig själv
tt0003695,A Brand New Hero
tt0003696,The Brand
tt0003697,Breed o' the Mountains
tt0003698,Brewster's Millions
tt0003699,Bright and Early
tt0003700,Broncho Billy  Guardian
tt0003701,Broncho Billy  Outlaw
tt0003702,Broncho Billy and the Bad Man
tt0003703,Broncho Billy and the Claim Jumpers
tt0003704,Broncho Billy and the Escaped Bandit
tt0003705,Broncho Billy and the Mine Shark
tt0003706,Broncho Billy and the Rattler
tt0003707,Broncho Billy and the Red Man
tt0003708,Broncho Billy and the Settler's Daughter
tt0003709,Broncho Billy and the Sheriff
tt0003710,Broncho Billy and the Sisters
tt0003711,Broncho Billy's Bible
tt0003712,Broncho Billy's Close Call
tt0003713,Broncho Billy's Cunning
tt0003714,Broncho Billy's Duty
tt0003715,Broncho Billy's Jealousy
tt0003716,Broncho Billy's Leap
tt0003717,Broncho Billy's Punishment
tt0003718,Broncho Billy's Sermon
tt0003719,Broncho Billy's True Love
tt0003720,The Brute
tt0003721,Buck Parvin in the Movies
tt0003722,Buddy's Downfall
tt0003723,Buddy's First Call
tt0003724,In the Days of the Thundering Herd
tt0003725,Bunny Buys a Harem
tt0003726,Bunny's Birthday
tt0003727,Bunny's Mistake
tt0003728,Bunny's Scheme
tt0003729,The Burden
tt0003730,The Burglar and the Lady
tt0003731,Burning Daylight: The Adventures of 'Burning Daylight' in Alaska
tt0003732,Burning Daylight: The Adventures of 'Burning Daylight' in Civilization
tt0003733,A Busy Day
tt0003734,By the Sun's Rays
tt0003735,Bánk bán
tt0003736,C.O.D.
tt0003737,Cabalgata de los mercados en Barcelona
tt0003738,El caballero Casarroja
tt0003739,The Cabaret Dancer
tt0003740,Cabiria
tt0003741,Cactus Jake  Heart-Breaker
tt0003742,Calatayud en fiestas
tt0003743,The Call of the North
tt0003744,Called Back
tt0003745,The Calling of Jim Barton
tt0003746,El calvario de un héroe
tt0003747,Cameo Kirby
tt0003748,Captain Alvarez
tt0003749,The Captain Besley Expedition
tt0003750,Captain F.E. Kleinschmidt's Arctic Hunt
tt0003751,Captain Macklin
tt0003752,Captain Swift
tt0003753,The Capture of Aguinaldo
tt0003755,The Car of Death
tt0003756,Cardinal Richelieu's Ward
tt0003757,Catástrofe de Aguilón
tt0003758,Caught in a Cabaret
tt0003759,Caught in a Flue
tt0003760,Caught in the Rain
tt0003761,A Celebrated Case
tt0003762,Gentleman of the Room
tt0003763,Charlotte Corday
tt0003764,La chavala
tt0003765,The Chechako
tt0003766,Chicken Chaser
tt0003767,The Chimes
tt0003768,The Chimes
tt0003770,Chip of the Flying U
tt0003771,The Christian
tt0003772,Cinderella
tt0003773,A Circumstantial Nurse
tt0003774,The Circus Man
tt0003775,The City Beautiful
tt0003776,The City of Darkness
tt0003777,Classmates
tt0003778,Clothes
tt0003779,Cocaine Traffic; or  the Drug Terror
tt0003781,Colonel Heeza Liar Shipwrecked
tt0003782,Colonel Heeza Liar in Mexico
tt0003783,Colonel Heeza Liar in the Wilderness
tt0003784,Colonel Heeza Liar's African Hunt
tt0003785,Colonel Heeza Liar  Explorer
tt0003786,Colonel Heeza Liar  Farmer
tt0003787,Colonel Heeza Liar  Naturalist
tt0003788,A Colored Girl's Love
tt0003789,Comedy and Tragedy
tt0003790,The Coming Power
tt0003792,The Conspiracy
tt0003793,The Conspirators
tt0003794,Corrida de toros en Valencia
tt0003795,The Corsair
tt0003796,The Countess Betty's Mine
tt0003797,The Countess
tt0003798,The Country Mouse
tt0003799,The County Chairman
tt0003800,The Courage of a Coward
tt0003801,The Coward and the Man
tt0003802,The Criminal Code
tt0003803,Crossed Wires
tt0003804,The Crucible
tt0003805,Cruel  Cruel Love
tt0003806,Crushed
tt0003807,El cuervo del campamento
tt0003808,La cueva vengadora
tt0003809,The Cup Final Mystery
tt0003810,Cupid Incognito
tt0003811,Cupid Versus Money
tt0003812,Cursed by His Beauty
tt0003813,'Curses!' They Remarked
tt0003814,The Cynic
tt0003815,Damaged Goods
tt0003816,Damon and Pythias
tt0003817,Dan
tt0003818,The Dance of Death
tt0003819,Dance of the Vampire
tt0003820,The Dancer and the King
tt0003821,The Dancing Craze
tt0003822,La danza fatal
tt0003823,A Dark Lover's Play
tt0003824,A Daughter of Israel
tt0003825,The Daughters of Men
tt0003827,The Day of Days
tt0003828,The Decoy
tt0003829,The Den of Thieves
tt0003830,Detective Craig's Coup
tt0003832,La deuda del pasado
tt0003833,A Diamond in the Rough
tt0003834,The Diamond of Disaster
tt0003835,Diana's Dress Reform
tt0003836,Diego Corrientes
tt0003837,Discord and Harmony
tt0003838,The Dishonored Medal
tt0003839,Child of the Big City
tt0003840,Doc
tt0003841,Doc Yak Bowling
tt0003842,Doc Yak  the Cartoonist
tt0003843,Doc Yak Plays Golf
tt0003844,Doc Yak and Santa Claus
tt0003845,Doc Yak and the Limited Train
tt0003846,Doc Yak  the Poultryman
tt0003847,Doc Yak  the Marksman
tt0003848,Doc Yak's Bottle
tt0003849,Doc Yak's Cats
tt0003850,Doc Yak's Temperance Lecture
tt0003851,Doc Yak's Wishes
tt0003852,Doc Yak's Zoo
tt0003853,Doc Yak  Moving Picture Artist
tt0003854,Dodge City Trail
tt0003855,A Dog's Love
tt0003856,The Dollar Mark
tt0003859,Dope
tt0003860,Double Crossed
tt0003861,The Double Deception
tt0003862,The Double Shadow
tt0003863,Dough and Dynamite
tt0003864,Down by the Sounding Sea
tt0003865,Down the Hill to Creditville
tt0003866,Un drama en Aragón
tt0003867,Un drama en la montaña
tt0003868,A Dramatic Mistake
tt0003869,The Dream Woman
tt0003870,Judge Not
tt0003871,The Eagle's Mate
tt0003872,East Lynne in Bugville
tt0003873,Easy Money
tt0003874,La echadora de cartas
tt0003875,The Education of Mr. Pipp
tt0003876,The Egyptian Mummy
tt0003877,Elizabeth's Prayer
tt0003879,The Embezzler
tt0003880,En av de många
tt0003881,The End of the Feud
tt0003883,The Child of Paris
tt0003884,Engelein
tt0003885,England Expects
tt0003886,Enoch Arden
tt0003887,Entre ruinas
tt0003888,The Envoy Extraordinary
tt0003889,Erstarrte Liebe
tt0003890,The Escape
tt0003892,Etienne of the Glad Heart
tt0003893,Even Unto Death
tt0003894,Every Inch a King
tt0003895,The Evolution of Percival
tt0003897,The Exploits of Elaine
tt0003898,The Exposure
tt0003899,The Fable Proving That Spongers Are Found in a Drugstore
tt0003900,The Fable of Aggie and the Aggravated Attacks
tt0003901,The Fable of Higher Education That Was Too High for the Old Man
tt0003902,The Fable of How Uncle Brewster Was Too Shifty for the Tempter
tt0003903,The Fable of Lutie  the False Alarm
tt0003904,The Fable of Napoleon and the Bumps
tt0003905,The Fable of One Samaritan Who Got Paralysis of the Helping Hand
tt0003906,The Fable of the 'Good Fairy'
tt0003907,The Fable of the Adult Girl Who Got Busy
tt0003908,The Fable of the Author and the Dear Public and the Plate of Mush
tt0003909,The Fable of the Brash Drummer and the Nectarine
tt0003910,The Fable of the Bush League Lover Who Failed to Qualify
tt0003911,The Fable of the Busy Business Boy and the Droppers-in
tt0003912,The Fable of the Club Girls and the Four Times Veteran
tt0003913,The Fable of the Coming Champion Who Was Delayed
tt0003915,The Fable of the Family That Did Too Much for Nellie
tt0003916,The Fable of the Honeymoon That Tried to Come Back
tt0003917,The Fable of the Husband Who Showed Up and Did His Duty
tt0003918,The Fable of the Long Range Lover and the Lallypalooze
tt0003919,The Fable of the Manoeuvres of Joel and Father's Second Time on Earth
tt0003920,The Fable of the People's Choice Who Answered the Call of Duty and Took Seltzer
tt0003922,The Fable of the Two Mandolin Players and the Willing Performer
tt0003923,The Face on the Barroom Floor
tt0003925,A Factory Magdalen
tt0003926,A Fair Rebel
tt0003927,A False Beauty
tt0003928,False Colors
tt0003929,Fantasma
tt0003930,Fantomas: The Mysterious Finger Print
tt0003931,The Fatal Black Bean
tt0003932,Their Fatal Bumping
tt0003933,A Fatal Flirtation
tt0003934,The Fatal Mallet
tt0003935,The Fatal Night
tt0003936,The Fatal Opal
tt0003937,Fate's Midnight Hour
tt0003938,The Fates and Flora Fourflush
tt0003939,A Father's Devotion
tt0003940,Father's Flirtation
tt0003941,Father's Timepiece
tt0003942,Fatty Again
tt0003943,Fatty and Minnie He-Haw
tt0003944,Fatty and the Heiress
tt0003945,Fatty's Debut
tt0003946,Fatty's Finish
tt0003947,Fatty's Gift
tt0003948,Fatty's Jonah Day
tt0003949,Fatty's Magic Pants
tt0003950,Fatty's Wine Party
tt0003951,Fatum
tt0003952,Fantômas: The False Magistrate
tt0003953,The Female Cop
tt0003954,La festa del Blat
tt0003955,Fiestas del Coso Blanco en Tarragona
tt0003956,The Fifth Man
tt0003957,A Fight for Freedom; or  Exiled to Siberia
tt0003958,The Fight for the Great Black Diamond
tt0003959,Fighting Death
tt0003960,Loyalty
tt0003961,A Film Johnnie
tt0003962,The Finger of Destiny
tt0003963,Finger Prints
tt0003964,Finish
tt0003965,Fire and Sword
tt0003966,Fires of Conscience
tt0003967,The Perfect Thirty-Six
tt0003968,A Flash in the Dark
tt0003969,A Flirt's Mistake
tt0003970,The Flirt
tt0003972,The Floor Above
tt0003973,A Florida Enchantment
tt0003975,The Flower of Faith
tt0003977,The Folly of Revenge
tt0003978,She Wanted a Car
tt0003979,A Fool and His Money
tt0003980,For Her Father's Sins
tt0003981,For His Master
tt0003982,For Those Unborn
tt0003983,For a Woman
tt0003985,The Forbidden Room
tt0003986,Forcing Dad's Consent
tt0003987,Forgiven; or  the Jack of Diamonds
tt0003988,The Fortune Hunter
tt0003989,Four Minutes Late
tt0003990,Four Thirteen
tt0003991,Frederick the Great
tt0003992,Fridolín
tt0003993,The Fringe of War
tt0003994,Frou Frou
tt0003995,The Fruit of Evil
tt0003996,Miss Soapsuds
tt0003997,La fuerza del mal
tt0003998,Future Revealed by the Lines of the Feet
tt0003999,För sin kärleks skull
tt0004000,The Gamblers
tt0004001,A Gambling Rube
tt0004002,The Gangsters of New York
tt0004003,Gatans barn
tt0004004,Heilig recht
tt0004006,A Gentleman from Mississippi
tt0004007,Gentlemen of Nerve
tt0004008,Gertie the Dinosaur
tt0004009,Das Geschenk des Inders
tt0004010,Get Out and Get Under
tt0004011,A Fair Exchange
tt0004012,Getting Reuben Back
tt0004013,The Ghost Breaker
tt0004015,The Ghost
tt0004016,The Giants-White Sox Tour
tt0004017,The Girl from Prosperity
tt0004018,The Girl in Pants
tt0004019,A Girl of the People
tt0004020,The Girl of the Seasons
tt0004021,La gitanilla
tt0004022,Julius Caesar
tt0004023,A Glimpse of Los Angeles
tt0004024,Going Some
tt0004025,The Going of the White Swan
tt0004026,The Golem
tt0004027,A Good Little Devil
tt0004028,The Good-for-Nothing
tt0004029,Goodbye Summer
tt0004030,Goodness Gracious
tt0004031,The Governor's Ghost
tt0004032,Grand Opera in Rubeville
tt0004033,The Grand Passion
tt0004034,Grandes regatas en Barcelona
tt0004035,Granny
tt0004036,A Grateful Outcast
tt0004037,The Great Diamond Robbery
tt0004038,The Great Leap: Until Death Do Us Part
tt0004039,The Great Toe Mystery
tt0004040,The Greater Devotion
tt0004041,The Greedy Neighbor
tt0004042,The Green Rose
tt0004043,The Greyhound
tt0004044,Guardian of Virtue
tt0004045,The Gunman
tt0004046,A Gypsy Romance
tt0004047,Half Breed
tt0004048,Ham  the Piano Mover
tt0004049,Hamlet
tt0004051,Happy-Go-Lucky
tt0004052,The Hazards of Helen
tt0004053,He Loved the Ladies
tt0004054,He Never Knew
tt0004055,Heart of the Hills
tt0004056,The Heart of the Night Wind
tt0004057,Hearts Adrift
tt0004058,Hearts United
tt0004059,Hearts and Clubs
tt0004060,Hearts and Diamonds
tt0004061,Hearts and Flowers
tt0004062,Hearts and Masks
tt0004063,Hearts of Oak
tt0004064,Hello  Mabel
tt0004065,A Helpful Sisterhood
tt0004066,Sealed Orders
tt0004067,Her Awakening
tt0004068,Her Awakening
tt0004069,Her Bounty
tt0004070,Her Duty
tt0004071,Her Escape
tt0004072,Her Father's Silent Partner
tt0004073,Her First Lesson
tt0004074,Her Friend the Bandit
tt0004075,Her Grave Mistake
tt0004076,Her Last Chance
tt0004077,Her Life's Story
tt0004078,Her Luck in London
tt0004079,Her Mother's Necklace
tt0004080,Her New Hat
tt0004081,Her Old Teacher
tt0004083,Her Way
tt0004084,The Heroine of Mons
tt0004085,The Hidden Letters
tt0004086,The Higher Law
tt0004087,His Ancestors
tt0004088,His Big Chance
tt0004089,His Enemy
tt0004090,His Father's House
tt0004091,His Favorite Pastime
tt0004092,His Fight
tt0004093,His Grandchild
tt0004094,His Halted Career
tt0004096,His Hour of Manhood
tt0004097,His Last Dollar
tt0004098,His Little Page
tt0004099,His Majesty  the Scarecrow of Oz
tt0004100,His Musical Career
tt0004101,His New Profession
tt0004102,His Prehistoric Past
tt0004103,His Return
tt0004104,His Second Childhood
tt0004105,His Sob Story
tt0004106,His Taking Ways
tt0004107,His Talented Wife
tt0004108,His Trysting Place
tt0004109,Hjärtan som mötas
tt0004110,Hogan's Annual Spree
tt0004111,The Hold-Up
tt0004112,Hombre o mujer
tt0004114,Homenaje a Lanuza
tt0004115,The Honeymooners
tt0004116,The Honor of the Mounted
tt0004117,Hook and Hand
tt0004118,The Hoosier Schoolmaster
tt0004119,The Hopes of Blind Alley
tt0004120,The Horse Wrangler
tt0004121,The Hound of the Baskervilles (1914)
tt0004123,The Hour and the Man
tt0004124,The Hour of Reckoning
tt0004125,The House Next Door
tt0004126,The House of Bondage
tt0004127,How God Came to Sonny Boy
tt0004128,How Heroes Are Made
tt0004129,How the German General Signed a Pact with the Devil
tt0004131,The Hunchback
tt0004132,The Hungry Actors
tt0004133,A Hunting Absurdity
tt0004134,Hypocrites
tt0004135,Högfjällets dotter
tt0004136,I kammerherrens klæder
tt0004137,The Idler
tt0004138,The Idol of Paris
tt0004139,If I Were Young Again
tt0004140,Ill Starred Babbie
tt0004141,Im Schützengraben
tt0004142,Imar the Servitor
tt0004143,In Bridal Attire
tt0004144,In Defiance of the Law
tt0004145,In Her Sleep
tt0004146,In the Clutches of the Gang
tt0004147,The Battling British
tt0004149,In the Glare of the Lights
tt0004150,In the Land of the Head Hunters
tt0004151,In the Latin Quarter
tt0004152,In the Name of the Prince of Peace
tt0004153,In the Sage Brush Country
tt0004154,An Incompetent Hero
tt0004155,The Indian Wars
tt0004156,L'infirmière
tt0004157,The Informer
tt0004158,Inquisitive Ike
tt0004159,The Interference of Broncho Billy
tt0004160,An Interrupted Nap
tt0004161,The Intruder
tt0004162,La intrusa
tt0004163,The Invisible Power
tt0004164,Ireland  a Nation
tt0004165,It May Come to This
tt0004166,It's a Long Long Way to Tipperary
tt0004167,Jane Eyre
tt0004168,Je vais me faire raser
tt0004169,Jess
tt0004170,Jess of the Mountain Country
tt0004171,Jim
tt0004172,Jim Cameron's Wife
tt0004173,Jimmy
tt0004174,Jimmy Hayes and Muriel
tt0004175,John Barleycorn
tt0004176,John Rance  Gentleman
tt0004178,Joseph and His Coat of Many Colors
tt0004179,Joseph in the Land of Egypt
tt0004180,The Judge's Wife
tt0004181,Judith of Bethulia
tt0004182,The Jungle
tt0004185,Kate
tt0004186,The Keeper of the Light
tt0004187,Keeping a Husband
tt0004188,The Key to Yesterday
tt0004189,Kid Auto Races at Venice
tt0004190,Kill That Fly
tt0004191,Killing Horace
tt0004193,The Kiss
tt0004194,The Knockout
tt0004195,Krates
tt0004196,Kreytserova sonata
tt0004197,Den kulørte slavehandler
tt0004198,Kärlek starkare än hat eller Skogsdotterns hemlighet
tt0004199,The Borrowed Babies
tt0004200,Lache Bajazzo
tt0004201,The Ladies' War
tt0004202,The Lady Doctor
tt0004204,The Lamb  the Woman  the Wolf
tt0004205,The Land of the Lost
tt0004207,The Last Egyptian
tt0004208,The Last Volunteer
tt0004209,The Last of the Line
tt0004210,Laughing Gas
tt0004211,Die Launen einer Weltdame
tt0004212,Leading Lizzie Astray
tt0004213,Leah  the Forsaken
tt0004214,Lena Rivers
tt0004215,Lena Rivers
tt0004216,The Leopard's Foundling
tt0004217,A Lesson in Mechanics
tt0004218,El león de la sierra
tt0004219,Liberty Belles
tt0004220,The Lie
tt0004222,The Life of Big Tim Sullivan; or  from Newsboy to Senator
tt0004223,The Life of General Villa
tt0004224,Life's Shop Window
tt0004225,The Light Unseen
tt0004226,The Lightning Conductor
tt0004227,Lights and Shadows
tt0004228,The Lily of the Valley
tt0004229,Lincoln  the Lover
tt0004230,The Line-Up at Police Headquarters
tt0004231,Linito quiere ser torero
tt0004232,The Lion and the Mouse
tt0004233,The Lion  the Lamb  the Man
tt0004234,The Little Angel of Canyon Creek
tt0004235,The Little Country Mouse
tt0004236,The Little Gray Lady
tt0004237,The Little Jewess
tt0004238,Little Lord Fauntleroy
tt0004239,A Little Madonna
tt0004240,The Little Matchmaker
tt0004241,The Little Señorita
tt0004242,The Little Sister
tt0004243,The Little Teacher
tt0004244,The Littlest Rebel
tt0004245,The Livid Flame
tt0004246,Lizzie and the Iceman
tt0004247,The Loan Shark King
tt0004248,The Locket; or  When She Was Twenty
tt0004249,Lola
tt0004250,A Lonely Road
tt0004251,A Lonely Salvation
tt0004252,The Lonesome Trail
tt0004254,Lord Chumley
tt0004255,The Losing Fight
tt0004256,The Loss of the Birkenhead
tt0004257,The Lost Paradise
tt0004258,Lost -- a Pair of Shoes
tt0004259,Love
tt0004260,Love and Bullets
tt0004261,Love and Dynamite
tt0004262,Love  Luck and Gasoline
tt0004263,Love and Politics
tt0004264,The Love of Tokiwa
tt0004265,Love's Old Dream
tt0004266,Love's Western Flight
tt0004267,Love Never Dies
tt0004268,Lover's Luck
tt0004269,Lovers' Post Office
tt0004270,La lucha contra el destino
tt0004271,Luchtkastelen
tt0004272,Lucille Love: The Girl of Mystery
tt0004273,The Lucky Elopement
tt0004274,The Lure of the Windigo
tt0004275,The Lure
tt0004276,The Lust of the Red Man
tt0004277,Mabel at the Wheel
tt0004278,Mabel's Bear Escape
tt0004279,Mabel's Blunder
tt0004280,Mabel's Busy Day
tt0004281,Mabel's Latest Prank
tt0004282,Mabel's Married Life
tt0004283,Mabel's New Job
tt0004284,Mabel's Strange Predicament
tt0004285,A Madonna of the Poor
tt0004286,The Magic Cloak of Oz
tt0004287,The Maid from Sweden
tt0004288,Making a Living
tt0004289,The Making of Bobby Burnit
tt0004290,La malquerida
tt0004291,The Man Who Could Not Lose
tt0004292,The Man Who Disappeared
tt0004293,The Man Within
tt0004294,The Man from Home
tt0004295,The Man from Mexico
tt0004296,The Man from the East
tt0004297,The Man in the Dark
tt0004298,The Man in the Street
tt0004299,The Man o' War's Man
tt0004300,The Man of Destiny
tt0004301,Man of the Hour
tt0004302,The Man on the Box
tt0004303,Manon Lescaut
tt0004304,The Marked Woman
tt0004305,Pasynok Marsa
tt0004306,Marta of the Lowlands
tt0004307,Martin Eden
tt0004308,The Mashers
tt0004309,The Masked Wrestler
tt0004310,Masks and Faces
tt0004311,The Masquerader
tt0004312,The Master Cracksman
tt0004313,The Master Key
tt0004314,The Master Mind
tt0004315,Master of the Mine
tt0004316,Max et le mari jaloux
tt0004317,Mazie Puts One Over
tt0004318,McSweeney's Masterpiece
tt0004319,McVeagh of the South Seas
tt0004320,Me an' Bill
tt0004321,Memories
tt0004322,Memories in Men's Souls
tt0004323,Men and Women
tt0004324,The Menace to Carlotta
tt0004325,The Merchant of Venice
tt0004326,Message from Across the Sea
tt0004327,The Mexican
tt0004328,Michael Strogoff
tt0004329,The Midnight Call
tt0004330,The Midnight Ride of Paul Revere
tt0004331,Mike and Jake Join the Army
tt0004332,Mike and Jake Live Close to Nature
tt0004333,A Militant School Ma'am
tt0004334,The Mill of Life
tt0004335,A Million Bid
tt0004336,The Million Dollar Mystery
tt0004337,The Million Dollar Robbery
tt0004338,The Million
tt0004339,Millions for Defence
tt0004340,A Miner's Romance
tt0004341,The Minstrel Man
tt0004342,A Misplaced Foot
tt0004343,Miss Tomboy and Freckles
tt0004344,A Missing Bride
tt0004345,Misterio de dolor
tt0004346,A Model Young Man
tt0004348,Molly the Drummer Boy
tt0004349,The Money God
tt0004351,The Monster and the Girl
tt0004352,In the Moon's Ray
tt0004353,Moonshine Molly
tt0004354,The Moonstone of Fez
tt0004355,Mother
tt0004356,Mother Love
tt0004357,A Mother's Heart
tt0004358,A Mother's Influence
tt0004359,The Mountain Rat
tt0004360,The Mountaineer
tt0004361,The Moving Picture Cowboy
tt0004362,Mr. Barnes of New York
tt0004363,Mrs. Black Is Back
tt0004364,Mrs. Van Ruyter's Stratagem
tt0004365,Mrs. Wiggs of the Cabbage Patch
tt0004366,Los muertos hablan
tt0004368,The Murdoch Trial
tt0004369,My Official Wife
tt0004370,The Mysterious Lodger
tt0004371,The Mysterious Man of the Jungle
tt0004372,The Mysterious Mr. Davey
tt0004374,The Mysterious Rose
tt0004375,The Mysterious Shot
tt0004376,The Mystery of Edwin Drood
tt0004377,Das Geheimnis von Chateau Richmond
tt0004378,The Mystery of the Diamond Belt
tt0004379,The Mystery of the Fatal Pearl and the Sequel
tt0004380,The Mystery of the Old Mill
tt0004381,The Mystery of the Poison Pool
tt0004382,The Mystery of the Sleeping Death
tt0004383,Naidra  the Dream Woman
tt0004384,The Naked Truth
tt0004385,Native Life in the Philippines
tt0004386,The Necklace of Rameses
tt0004387,Down with Weapons
tt0004389,Nell of the Circus
tt0004390,Mute Witnesses
tt0004391,Neptune's Daughter
tt0004392,A Nest Unfeathered
tt0004393,Der neue Schreibtisch
tt0004394,Never Again
tt0004395,The New Janitor
tt0004396,The New Secretary
tt0004397,The Newer Woman
tt0004398,The Next in Command
tt0004399,The Niggard
tt0004400,The Night Hawks
tt0004401,The Night Riders of Petersham
tt0004402,A Night of Thrills
tt0004403,The Nightingale
tt0004404,Nightmare
tt0004405,Nina o' the Theatre
tt0004406,Noche de sangre
tt0004407,Tragic Night
tt0004408,The Noise of Bombs
tt0004409,Northern Lights
tt0004410,Nubes negras
tt0004411,When the Mother-in-Law Reigns
tt0004412,The Oath of a Viking
tt0004413,The Ocean Waif
tt0004414,The Odalisque
tt0004415,An Odyssey of the North
tt0004416,Officer 666
tt0004417,Officer John Donovan
tt0004418,Oh! You Mummy
tt0004419,Oh! You Puppy
tt0004420,The Old Army Coat
tt0004421,The Old Cobbler
tt0004422,The Old Flute Player
tt0004423,The Old Maid
tt0004424,The Old Man
tt0004425,Old Reliable
tt0004426,O Mimi San
tt0004427,On Christmas Eve
tt0004429,On the Border
tt0004431,One Wonderful Night
tt0004432,One of Millions
tt0004433,One of Our Girls
tt0004434,The Only Son
tt0004435,The Opened Shutters
tt0004436,The Operator at Black Rock
tt0004437,The Ordeal
tt0004438,Othello
tt0004439,The Other Girl
tt0004440,The Other Man
tt0004441,Other People's Business
tt0004442,The Oubliette
tt0004443,Our Country Cousins
tt0004444,Our Fairy Play
tt0004445,Out of Petticoat Lane
tt0004446,The Outlaw Reforms
tt0004447,Over Niagara Falls
tt0004448,Over the Ledge
tt0004450,Die Pagode
tt0004451,Paid in Full
tt0004452,The Painted World
tt0004454,The Passing of Izzy
tt0004455,Passing of the Beast
tt0004456,Passionels Tagebuch
tt0004457,The Patchwork Girl of Oz
tt0004458,The Path Forbidden
tt0004459,The Pawn of Fortune
tt0004460,The Peacemaker
tt0004461,The Peach Brand
tt0004463,Percy's First Holiday
tt0004465,The Perils of Pauline
tt0004466,The Persistent Mr. Prince
tt0004467,The Phantom Cracksman
tt0004468,The Phantom Violin
tt0004469,Pieces of Silver: A Story of Hearts and Souls
tt0004470,Pierre of the Plains
tt0004471,Pigs Is Pigs
tt0004472,The Pipes o' Pan
tt0004473,The Pit
tt0004474,The Plum Tree
tt0004475,The Plumber
tt0004477,The Police Dog
tt0004478,Polishing Up
tt0004479,Politeness Pays
tt0004480,Politics and the Press
tt0004481,El pollo Tejada
tt0004482,Por el hilo se saca el ovillo
tt0004483,The Port of Missing Men
tt0004484,The Power of the Press
tt0004485,The Powers of the Air
tt0004486,Presentencompanigraf
tt0004487,The President's Special
tt0004488,The Price He Paid
tt0004489,The Price of Justice
tt0004491,The Price of a Ruby
tt0004492,The Price of the Necklace
tt0004493,The Pride of Jennico
tt0004494,Primera corrida de abono en Valencia
tt0004496,A Prince of India
tt0004497,A Princess of the Desert
tt0004498,Professor Snaith
tt0004499,The Property Man
tt0004500,Protect Us
tt0004501,Prueba trágica
tt0004502,Saints and Sorrows
tt0004503,The Loser Wins
tt0004504,The Pursuit of the Phantom
tt0004505,The Quack
tt0004507,The Quest of the Sacred Jewel
tt0004508,A Question of Identity
tt0004509,The Ragged Earl
tt0004510,Rainey's African Hunt
tt0004511,A Ranch Romance
tt0004512,The Ranger's Romance
tt0004513,The Reader of Minds
tt0004514,Ready Money
tt0004515,The Real Thing in Cowboys
tt0004516,Rebecca's Wedding Day
tt0004517,The Rebellion of Kitty Belle
tt0004518,Recreation
tt0004520,Red Riding Hood of the Hills
tt0004521,The Redemption of Broncho Billy
tt0004522,The Redemption of David Corson
tt0004523,El regalo de bodas
tt0004524,Regeneration
tt0004525,The Reign of Terror
tt0004526,The Rejuvenation of Aunt Mary
tt0004527,Remember Mary Magdalen
tt0004529,The Resurrection of Caleb Worth
tt0004530,The Reveler
tt0004531,The Revenge of Mr. Thomas Atkins
tt0004532,Richelieu
tt0004533,The Right and the Wrong of It
tt0004534,The Right of Way
tt0004535,The Ring and the Man
tt0004536,The Ring
tt0004537,Rip Van Winkle
tt0004538,The Rise of the Johnsons
tt0004539,The Rival Stage Lines
tt0004540,A Robust Romeo
tt0004541,The Romance of an Actor
tt0004543,Rosalinda
tt0004544,Rose of the Alley
tt0004545,Rose of the Rancho
tt0004546,The Rounders
tt0004547,A Rowboat Romance
tt0004548,The Royal Box
tt0004549,The Royal Wild West
tt0004550,The Rival Demon
tt0004551,A Rural Free Delivery Romance
tt0004552,A Rural Romance
tt0004553,Det röda tornet
tt0004554,The Sacrifice of Kathleen
tt0004555,Salomy Jane
tt0004557,The Salvation of Nance O'Shaughnessy
tt0004558,Samson
tt0004559,Sands of Fate
tt0004560,Saved by a Watch
tt0004561,The Saving Grace
tt0004562,Sawdust and Salome
tt0004563,The Scales of Justice
tt0004564,The Scapegoat
tt0004565,The School for Scandal
tt0004566,The Sea Nymphs
tt0004567,The Seats of the Mighty
tt0004568,The Second Mrs. Roebuck
tt0004569,Secret of the Bulb
tt0004571,La secta de los misteriosos
tt0004572,El sello de oro
tt0004573,Sein eigner Mörder
tt0004574,The Sentimental Sister
tt0004575,Serbia's Card
tt0004576,The Shadow of Tragedy
tt0004577,The Shadow of a Crime
tt0004578,Shadowed
tt0004579,Shadows
tt0004580,Shadows of the Past
tt0004581,Shannon of the Sixth
tt0004582,She Stoops to Conquer
tt0004583,She's a Cook
tt0004584,The Sheriff's Prisoner
tt0004585,The Sheriff's Reward
tt0004586,Shore Acres
tt0004587,Shorty
tt0004588,Shorty Escapes Marriage
tt0004589,Shotgun Jones
tt0004590,Shotguns That Kick
tt0004591,Should a Woman Divorce?
tt0004592,Sierra Jim's Reformation
tt0004593,The Sign of the Cross
tt0004594,El signo de la tribu
tt0004595,The Silence of Dean Maitland
tt0004596,Silent Sandy
tt0004597,A Singular Cynic
tt0004598,Sins of the Parents
tt0004599,The Siren
tt0004600,The Sisters
tt0004602,The Skeleton
tt0004603,Skottet
tt0004604,The Sky Pirate
tt0004605,A Small Town Girl
tt0004606,Smashing the Vice Trust
tt0004607,The Smuggler's Sister
tt0004608,The Smugglers of Lone Isle
tt0004609,The Smugglers of Sligo
tt0004610,Snakeville's New Doctor
tt0004611,The Social Ghost
tt0004612,The Social Group
tt0004613,Soldiers of Fortune
tt0004614,Soldiers of Misfortune
tt0004615,Un solo corazón o Los muertos viven
tt0004616,Some Collectors
tt0004617,The Song of Solomon
tt0004618,The Song of the Ghetto
tt0004619,The Soul Mate
tt0004620,The Soul of Honor
tt0004621,The Sound of Her Voice
tt0004622,The Span of Life
tt0004623,The Spark of Manhood
tt0004624,Sparks of Fate
tt0004625,The Spider and Her Web
tt0004626,The Spirit of the Conqueror
tt0004627,The Spirit of the Poppy
tt0004628,The Spitfire
tt0004629,A Splendid Dishonor
tt0004630,The Spoilers
tt0004632,Springtime
tt0004633,The Spy
tt0004634,The Squatters
tt0004635,The Squaw Man
tt0004636,St. Elmo
tt0004637,The Star Boarder
tt0004638,The Stolen Radium
tt0004639,Stormfågeln
tt0004640,The Story of the Blood Red Rose
tt0004641,Stout Hearts But Weak Knees
tt0004642,The Straight Road
tt0004643,The Strange Story of Sylvia Gray
tt0004644,A Strenuous Ride
tt0004645,The Strike
tt0004646,Strongheart
tt0004647,Stuart Webbs: Das Panzergewölbe
tt0004648,The Man in the Cellar
tt0004649,Trapped by the Camera
tt0004650,The Black Triangle
tt0004651,A Study in Scarlet
tt0004652,The Stuff That Dreams Are Made Of
tt0004653,Su mismo juez
tt0004654,Such a Little Queen
tt0004655,The Suffragette's Battle in Nuttyville
tt0004656,The Suicide Club
tt0004657,Sunshine and Shadows
tt0004658,A Sure Cure
tt0004659,A Suspended Ordeal
tt0004660,A Suspicious Wife
tt0004661,The Swagman's Story
tt0004662,Sweedie Learns to Swim
tt0004663,Sweedie at the Fair
tt0004664,Sweedie the Swatter
tt0004665,The Taint
tt0004666,Tainted Money
tt0004667,Taking His Chance
tt0004668,The Tangle
tt0004669,The Tangled Cat
tt0004670,Tango Tangles
tt0004671,The Tango in Tuckerville
tt0004672,The Target of Destiny
tt0004673,The Tavern of Tragedy
tt0004674,The Tear That Burned
tt0004675,A Telephone Engagement
tt0004676,The Telltale Knife
tt0004677,The Temptations of Satan
tt0004678,The Ten of Spades
tt0004679,The Terrible Scrap of Paper
tt0004681,Tess of the Storm Country
tt0004682,The Test
tt0004683,Tested by Fire
tt0004684,Thais
tt0004685,That Minstrel Man
tt0004686,Their First Acquaintance
tt0004687,Their Ups and Downs
tt0004688,The Thief
tt0004690,Thirty Leagues Under the Sea
tt0004691,Those Country Kids
tt0004692,Those Happy Days
tt0004693,Those Love Pangs
tt0004694,Thou Shalt Not
tt0004695,Threads of Destiny
tt0004696,The Three Musketeers
tt0004698,Three Weeks
tt0004699,The Three of Us
tt0004700,Through Dante's Flames
tt0004701,Through Fire to Fortune
tt0004702,Through the Centuries
tt0004703,Through the Storm
tt0004704,La tierra de los naranjos
tt0004706,The Tigress
tt0004707,Tillie's Punctured Romance
tt0004708,Tirol in Waffen
tt0004709,To Be Called For
tt0004710,The Toll of Love
tt0004711,The Toll of Mammon
tt0004712,The Undesirable
tt0004713,Tony and Maloney
tt0004715,Too Many Brides
tt0004716,Too Many Husbands
tt0004717,Too Much Turkey
tt0004718,Tortosa y el observatorio
tt0004719,The Toy Shop
tt0004720,La tragedia del destino
tt0004721,The Tragedy of Ambition
tt0004722,The Tragedy of Whispering Creek
tt0004723,The Trail of the Lonesome Pine
tt0004724,The Traitor
tt0004725,Trapped in the Great Metropolis
tt0004726,The Treachery of Broncho Billy's Pal
tt0004727,The Trey o' Hearts
tt0004728,Trilby
tt0004729,Trinkets of Tragedy
tt0004730,A Trip to the Moon
tt0004731,Trooper Campbell
tt0004732,The Troublesome Cat
tt0004733,Il trovatore
tt0004734,The Truth Wagon
tt0004735,The Turning of the Road
tt0004736,Twenty Minutes of Love
tt0004737,Two Dinky Little Dramas of a Non-Serious Kind
tt0004739,Two-Gun Hicks
tt0004740,The Typhoon
tt0004741,The Uncanny Mr. Gumble
tt0004742,Uncle Bill
tt0004743,Uncle Tom's Cabin
tt0004744,Und das Licht erlosch
tt0004745,Under False Colors
tt0004746,Under Royal Patronage
tt0004747,The Under-Sheriff
tt0004749,Under the Gaslight
tt0004750,The Unfinished Letter
tt0004751,The Unlawful Trade
tt0004752,The Unopened Letter
tt0004753,The Unplanned Elopement
tt0004754,The Unwelcome Mrs. Hatch
tt0004755,Uriel Acosta
tt0004756,The Vacant Chair
tt0004757,The Valley of the Moon
tt0004758,La valse renversante
tt0004759,The Vampire's Trail
tt0004760,The Varsity Race
tt0004761,Vendetta
tt0004762,Vengeance Is Mine
tt0004763,The Veteran's Sword
tt0004764,The Viking Queen
tt0004765,The Virgin of the Rocks
tt0004766,The Virginian
tt0004767,Virtue Is Its Own Reward
tt0004768,The Virtuoso
tt0004769,The Voice at the Telephone
tt0004770,The Voice of the Viola
tt0004771,Volga i Sibir
tt0004772,The Volunteer Parson
tt0004774,Vägen till mannens hjärta
tt0004775,Wade Brent Pays
tt0004776,The Walls of Jericho
tt0004777,The War Extra
tt0004778,The War of Wars; or  the Franco-German Invasion
tt0004780,The Warning
tt0004781,Washington at Valley Forge
tt0004782,The Wasp
tt0004783,The Water Dog
tt0004784,The Way of a Woman
tt0004785,The Way of the Redman
tt0004786,Weergevonden
tt0004787,What Didn't Happen to Mary?
tt0004788,What He Forgot
tt0004790,What Pearl's Pearls Did
tt0004791,What They Eat
tt0004792,What's His Name
tt0004793,The Wheel of Life
tt0004794,When Broadway Was a Trail
tt0004795,When East Met West in Boston
tt0004796,When Fate Frowned
tt0004797,When Fate Leads Trump
tt0004798,When Rome Ruled
tt0004799,When Thieves Fall Out
tt0004800,When the Cat Came Back
tt0004801,When the Cook Fell Ill
tt0004802,Where Paths Diverge
tt0004803,Where the Trail Divides
tt0004804,While Wifey Is Away
tt0004805,The White Mouse
tt0004806,The White Rose
tt0004807,Who Goes There?
tt0004808,Whoso Diggeth a Pit
tt0004809,Why the Sheriff Is a Bachelor
tt0004810,Too Many Uncles
tt0004811,A Wife on a Wager
tt0004812,The Wife
tt0004813,Wiggs Takes the Rest Cure
tt0004814,Wild West Love
tt0004815,The Wilderness Mail
tt0004816,Wildflower
tt0004817,The Will o' the Wisp
tt0004818,Willie's Disguise
tt0004819,The Win(k)some Widow
tt0004820,Winky Learns a Lesson in Honesty
tt0004821,Winky and the Gorgonzola Cheese
tt0004822,Winky and the Leopard
tt0004823,Winky's Weekend
tt0004825,The Wishing Ring: An Idyll of Old England
tt0004826,The Witch Girl
tt0004827,With Serb and Austrian
tt0004828,Without Hope
tt0004829,The Wolf
tt0004830,Wolfe; or  the Conquest of Quebec
tt0004832,The Woman in Black
tt0004833,The Woman of Mystery
tt0004834,A Woman's Triumph
tt0004835,Women and Roses
tt0004836,Won in a Closet
tt0004837,The World  the Flesh and the Devil
tt0004838,The Wrath of the Gods
tt0004839,The Wrecker of Lives
tt0004840,The Yellow Traffic
tt0004842,Your Girl and Mine: A Woman Suffrage Play
tt0004843,Zijn viool
tt0004844,Zip  the Dodger
tt0004845,Zona olivarera
tt0004846,Zudora
tt0004847,Prisoner of the Night
tt0004848,La última danza
tt0004849,Bad Buck of Santa Ynez
tt0004850,A 'Model' Wife
tt0004851,'Twas Ever Thus
tt0004852,10 000 Dollars
tt0004854,The Absentee
tt0004855,The Accomplice
tt0004856,The Accounting
tt0004857,The Accusing Pen
tt0004858,Across the Atlantic
tt0004859,The Adventures of a Boy Scout
tt0004860,The Adventures of a Madcap
tt0004861,An Affair of Three Nations
tt0004862,The Affair of the Deserted House
tt0004863,Affinities
tt0004864,An African Hunt
tt0004865,After Dark
tt0004866,After Five
tt0004867,After Twenty Years
tt0004868,Ágyú és harang
tt0004869,One Who Is Loved by Two
tt0004870,Alas and Alack
tt0004871,Alias Holland Jinny
tt0004872,Alias Jimmy Valentine
tt0004873,Alice in Wonderland
tt0004874,The Alien
tt0004875,All Aboard
tt0004876,An All Around Mistake
tt0004877,All for Peggy
tt0004878,All for a Girl
tt0004879,An Alley Romance
tt0004880,Almost a King
tt0004881,Almost a Papa
tt0004882,Almost a Widow
tt0004883,Aloha Oe
tt0004884,The Alster Case
tt0004885,Always in the Way
tt0004886,The Ambition of the Baron
tt0004887,Ambrose's Lofty Perch
tt0004888,Ambrose's Nasty Temper
tt0004889,Ambrose's Sour Grapes
tt0004890,American Game Trails
tt0004891,An American Gentleman
tt0004892,El amor hace justicia
tt0004893,The Angel in the Mask
tt0004894,The Angel of the Ward
tt0004895,The Animated Grouch Chaser
tt0004896,Anita's Butterfly
tt0004897,Anna Karenina
tt0004898,Another Man's Wife
tt0004899,Anselo Lee
tt0004900,Answer the Call
tt0004901,The Greater Will
tt0004902,The Apaches of Paris
tt0004903,The Apartment House Mystery
tt0004904,Applied Romance
tt0004905,The Arab
tt0004906,Are They Born or Made?
tt0004907,Are You a Mason?
tt0004908,An Arizona Wooing
tt0004909,Armstrong's Wife
tt0004910,An Arrangement with Fate
tt0004911,The Arrival of Perpetua
tt0004912,The Artist's Wife
tt0004913,The Artist's Model
tt0004914,As It Happened
tt0004915,As Ye Repent
tt0004916,As the Sun Went Down
tt0004917,The Ashes of Revenge
tt0004918,The Assayer of Lone Gap
tt0004919,At Bay
tt0004920,At the End of a Perfect Day
tt0004921,At the Torrent's Mercy
tt0004922,Athletic Ambitions
tt0004923,The Auction Sale of Run-Down Ranch
tt0004924,A Trip on the Ice
tt0004927,Author! Author!
tt0004928,The Avalanche
tt0004929,The Avenging Hand
tt0004930,The Awakening
tt0004931,Babe's School Days
tt0004932,The Baby on the Barge
tt0004933,The Bachelor's Romance
tt0004934,Back to the Primitive
tt0004935,Bad Man Bobbs
tt0004936,The Bank
tt0004937,Barbara Frietchie
tt0004938,Barnaby Rudge
tt0004939,The Barnstormers
tt0004940,A Barnyard Mixup
tt0004941,The Barrier of Faith
tt0004942,The Battle Cry of Peace
tt0004944,The Battle of Ambrose and Walrus
tt0004945,The Battle of Ballots
tt0004946,The Battle of Frenchman's Run
tt0004947,The Battles of a Nation
tt0004948,The Bay of Seven Isles
tt0004949,Be Sure Your Sins
tt0004950,The Beachcomber
tt0004951,Beached and Bleached
tt0004952,A Bear Affair
tt0004953,The Beauty Bunglers
tt0004954,Beby y su circo
tt0004955,The Beckoning Flame
tt0004956,Bella Donna
tt0004957,The Beloved Vagabond
tt0004958,Bertie's Stratagem
tt0004959,The Best of Enemies
tt0004960,The Better Woman
tt0004961,Betty in Search of a Thrill
tt0004962,Between Men
tt0004963,Beulah
tt0004964,Big Jim's Heart
tt0004965,The Bigger Man
tt0004966,Bill Haywood  Producer
tt0004967,The Billionaire Lord
tt0004968,Billy the Bear Tamer
tt0004969,Billie's Baby
tt0004970,Billy's Wager
tt0004971,A Bird's a Bird
tt0004972,The Birth of a Nation
tt0004973,The Birthmark
tt0004974,The Black Box
tt0004975,Black Fear
tt0004976,The Black Heart
tt0004977,A Black Sheep
tt0004978,Blackbirds
tt0004979,Blind Man's Bluff
tt0004980,Blindness of Devotion
tt0004981,The Blindness of Virtue
tt0004982,The Bludgeon
tt0004983,Blue Grass
tt0004984,The Blue or the Gray
tt0004985,The Boarding House Feud
tt0004986,Bobby Bumps Gets Pa's Goat
tt0004987,Bobby Bumps' Adventures
tt0004988,Body and Soul
tt0004989,A Bold Impersonation
tt0004990,Bondwomen
tt0004991,Boobley's Baby
tt0004992,The Boss
tt0004993,Bought
tt0004994,Bound on the Wheel
tt0004995,The Nemesis
tt0004996,A Branded Soul
tt0004997,The Brave Deserve the Fair
tt0004998,The Breath of Araby
tt0004999,Bred in the Bone
tt0005000,The Bribe
tt0005001,The Bridge of Sighs
tt0005002,The Brink
tt0005003,Britain Prepared
tt0005004,A Broken Cloud
tt0005005,The Broken Coin
tt0005006,The Broken Law
tt0005007,The Broken Pledge
tt0005008,Broncho Billy Begins Life Anew
tt0005009,Broncho Billy Evens Matters
tt0005010,Broncho Billy  Sheepman
tt0005011,Broncho Billy Steps In
tt0005012,Broncho Billy Well Repaid
tt0005013,Broncho Billy and the Baby
tt0005014,Broncho Billy and the False Note
tt0005015,Broncho Billy and the Land Grabber
tt0005016,Broncho Billy and the Lumber King
tt0005017,Broncho Billy and the Posse
tt0005018,Broncho Billy and the Vigilante
tt0005019,Broncho Billy's Brother
tt0005020,Broncho Billy's Cowardly Brother
tt0005021,Broncho Billy's Greaser Deputy
tt0005022,Broncho Billy's Love Affair
tt0005023,Broncho Billy's Marriage
tt0005024,Broncho Billy's Parents
tt0005025,Broncho Billy's Protégé
tt0005026,Broncho Billy's Sentence
tt0005027,Broncho Billy's Surrender
tt0005028,Broncho Billy's Teachings
tt0005029,Broncho Billy's Vengeance
tt0005030,Broncho Billy's Word of Honor
tt0005031,Buck's Lady Friend
tt0005032,Buckshot John
tt0005033,Bughouse Bellhops
tt0005034,The Builder of Bridges
tt0005035,The Bulldogs of the Trail
tt0005036,A Bunch of Keys
tt0005037,Burglarious Billy
tt0005038,The Burned Hand
tt0005039,Business Is Business
tt0005041,A Butterfly on the Wheel
tt0005042,The Butterfly
tt0005043,The Buzzard's Shadow
tt0005044,By the Sea
tt0005045,Los cabellos blancos
tt0005046,Cactus Jim's Shop Girl
tt0005047,The Call of the City
tt0005048,The Call of the Dance
tt0005049,Camille
tt0005050,The Campbells Are Coming
tt0005051,Can You Beat It?
tt0005053,The Cannon Ball
tt0005054,Cap'n Eri
tt0005055,The Caprices of Kitty
tt0005056,Captain Courtesy
tt0005058,Captivating Mary Carstairs
tt0005059,The Captive
tt0005060,Carmen
tt0005061,Carmen
tt0005062,The Carpet from Bagdad
tt0005063,The Case of Becky
tt0005064,A Case of Eugenics
tt0005065,Cash Parrish's Pal
tt0005067,A Cattle Queen's Romance
tt0005068,Caught in a Park
tt0005069,Caught in the Act
tt0005070,The Cave Man
tt0005071,The Celebrated Scandal
tt0005072,Celeste
tt0005073,The Chalice of Courage
tt0005074,The Champion
tt0005075,Charity Ann
tt0005076,Charley's Aunt
tt0005077,A Burlesque on Carmen
tt0005078,The Cheat
tt0005079,Check No. 130
tt0005080,The Chef at Circle G
tt0005081,A Child of God
tt0005082,A Child of the Prairie
tt0005083,The Child  the Dog and the Villain
tt0005084,Children of Eve
tt0005085,Children of the Ghetto
tt0005086,Chimmie Fadden
tt0005087,Chimmie Fadden Out West
tt0005088,The Chimney's Secret
tt0005089,China
tt0005091,The Chocolate Soldier
tt0005092,The Chorus Lady
tt0005093,A Cigarette - That's All
tt0005094,The Circular Path
tt0005095,The Circular Staircase
tt0005096,Circus Mary
tt0005097,The City of Terrible Night
tt0005098,Clarita y Peladilla en el Football
tt0005099,Clarita y Peladilla van a los toros
tt0005100,The Clemenceau Case
tt0005101,The Climbers
tt0005102,The Closing Net
tt0005103,The Clue
tt0005104,Cohen's Luck
tt0005105,The College Orphan
tt0005106,The College Widow
tt0005107,Colonel Carter of Cartersville
tt0005108,Colonel Heeza Liar Foils the Enemy
tt0005109,Colonel Heeza Liar Invents a New Kind of Shell
tt0005110,Colonel Heeza Liar Runs the Blockade
tt0005111,Colonel Heeza Liar Signs the Pledge
tt0005112,Colonel Heeza Liar and the Torpedo
tt0005113,Colonel Heeza Liar and the Zeppelin
tt0005114,Colonel Heeza Liar at the Bat
tt0005115,Colonel Heeza Liar at the Front
tt0005116,Colonel Heeza Liar in the Haunted Castle
tt0005117,Colonel Heeza Liar in the Trenches
tt0005118,Colonel Heeza Liar  Aviator
tt0005119,Colonel Heeza Liar  Dog Fancier
tt0005120,Colonel Heeza Liar  Ghost Breaker
tt0005121,Colonel Heeza Liar  Nature Faker
tt0005122,Colonel Heeza Liar  War Dog
tt0005123,Colorado
tt0005124,Colored Villainy
tt0005125,The Comeback
tt0005126,The Commanding Officer
tt0005127,The Commuters
tt0005128,Comrade John
tt0005129,The Concealed Truth
tt0005130,Conscience
tt0005131,A Continental Girl
tt0005132,The Conversion of Frosty Blake
tt0005133,The Conversion of Smiling Tom
tt0005134,The Coquette
tt0005135,Cora
tt0005136,Coral
tt0005138,The Corsican Brothers
tt0005139,The Corsican Sisters
tt0005140,The Cotton King
tt0005141,Count 'Em
tt0005143,The Country Boy
tt0005144,The Country Circus
tt0005145,The Country Girl
tt0005146,A Couple of Side-Order Fables
tt0005147,Court House Crooks
tt0005148,Courtmartialed
tt0005149,The Coward
tt0005150,The Cowardly Way
tt0005151,The Cowboy and the Lady
tt0005152,The Cowboy's Sweetheart
tt0005153,The Cowpuncher
tt0005154,The Craven
tt0005155,The Cricket on the Hearth
tt0005156,Crime's Triangle
tt0005157,The Criminal
tt0005158,The Crimson Wing
tt0005159,Crooky
tt0005160,Cross Currents
tt0005161,Crossed Love and Swords
tt0005162,The Crown Prince's Double
tt0005163,The Cub
tt0005164,Cuentos baturros
tt0005165,The Cup of Chance
tt0005166,The Cup of Life
tt0005167,The Curious Conduct of Judge Legarde
tt0005168,Curses! Jack Dalton
tt0005169,Dolken
tt0005170,The Dancing Girl
tt0005171,The Danger Signal
tt0005172,The Darkening Trail
tt0005173,Daughter of Kings
tt0005174,A Daughter of the City
tt0005175,A Daughter of the Nile
tt0005176,The Daughter of the People
tt0005177,A Daughter of the Sea
tt0005178,A Daughter's Strange Inheritance
tt0005179,David Harum
tt0005180,The Dawn of a Tomorrow
tt0005181,The Day of Reckoning
tt0005182,A Day's Adventure
tt0005183,De cuarenta para arriba
tt0005184,The Deathlock
tt0005185,The Deep Purple
tt0005186,The Desert Breed
tt0005187,The Despoiler
tt0005188,Destiny: or  the Soul of a Woman
tt0005189,The Destroying Angel
tt0005190,Destruction
tt0005191,Det var i maj
tt0005192,The Devil's Daughter
tt0005193,The Devil
tt0005195,The Diamond from the Sky
tt0005196,The Dictator
tt0005197,El testamento de Diego Rocafort
tt0005198,The Dinosaur and the Missing Link: A Prehistoric Tragedy
tt0005199,Dirty Work in a Laundry
tt0005200,The Disciple
tt0005201,The District Attorney
tt0005202,Divorced
tt0005203,Divorcons
tt0005204,Dizzy Heights and Daring Hearts
tt0005205,Do-Re-Mi-Boom!
tt0005206,The Doctor's Crime
tt0005208,Don Caesar de Bazan
tt0005209,Don Quixote
tt0005210,Donde las dan las toman
tt0005211,The Doorway of Destruction
tt0005212,Dora Thorne
tt0005213,A Double Deal in Pork
tt0005214,Double Trouble
tt0005215,Dr. Mason's Temptation
tt0005216,Dr. Rameau
tt0005218,The Dream Seekers
tt0005219,Dreamy Dud Cowboy
tt0005220,Dreamy Dud. He Resolves Not to Smoke.
tt0005221,Dreamy Dud Sees Charlie Chaplin
tt0005222,Dreamy Dud at the Old Swimmin' Hole
tt0005223,Dreamy Dud in King Koo Koo's Kingdom
tt0005224,Dreamy Dud in Love
tt0005225,Dreamy Dud in the Air
tt0005226,Dreamy Dud in the Swim
tt0005227,Droppington's Devilish Deed
tt0005228,Droppington's Family Tree
tt0005229,DuBarry
tt0005230,The Doubt
tt0005231,The Hound of the Baskervilles
tt0005232,The Dust of Egypt
tt0005233,The Eagle's Nest
tt0005234,The Earl of Pawtucket
tt0005235,East Lynne
tt0005236,Eddie's Little Love Affair
tt0005237,The Edge of the Abyss
tt0005238,Eleven to One
tt0005239,Elsa's Brother
tt0005240,Elva
tt0005241,La emboscada trágica
tt0005242,The Emerald Brooch
tt0005243,Emmy of Stork's Nest
tt0005244,The End of the Road
tt0005245,An Enemy to Society
tt0005246,Enoch Arden
tt0005249,Esmeralda
tt0005250,The Eternal City
tt0005251,Ethel's Romeos
tt0005252,Eugene Aram
tt0005254,The Evangelist
tt0005255,Everygirl
tt0005256,Evidence
tt0005257,Excuse Me
tt0005258,The Exile of Bar-K Ranch
tt0005259,The Exposition's First Romance
tt0005260,An Eye for an Eye
tt0005261,The Fable of Elvira and Farina and the Meal Ticket
tt0005262,The Fable of Hazel's Two Husbands and What Became of Them
tt0005263,The Fable of Hifaluting Tillie and Her Plain Parents
tt0005264,The Fable of Sister Mae  Who Did As Well As Could Be Expected
tt0005265,The Fable of a Night Given Over to Revelry
tt0005266,The Fable of the Bachelor and the Back-Pedal
tt0005267,The Fable of the Busy Man and the Idle Woman
tt0005268,The Fable of the City Grafter and the Unprotected Rubes
tt0005269,The Fable of the Cold Gray Dawn of the Morning After
tt0005270,The Fable of the Demand That Must Be Supplied
tt0005271,The Fable of the Divine Spark That Had a Short Circuit
tt0005272,The Fable of the Escape of Arthur and the Salvation of Herbert
tt0005273,The Fable of the Fellow Who Had a Friend Who Knew a Girl Who Had a Friend
tt0005274,The Fable of the Galloping Pilgrim Who Kept on Galloping
tt0005275,The Fable of the Galumptious Girl
tt0005277,The Fable of the Heir and the Heiress
tt0005278,The Fable of the Highroller and the Buzzing Blondine
tt0005279,The Fable of the Home Treatment and the Sure Cure
tt0005280,The Fable of the Intermittent Fusser
tt0005281,The Fable of the Low Down Expert on the Subject of Babies
tt0005282,The Fable of the Men at the Women's Club
tt0005283,The Fable of the Roistering Blades
tt0005284,The Fable of the Scoffer Who Fell Hard
tt0005286,The Fable of the Sorrows of the Unemployed and the Danger of Changing from Bill to Harold
tt0005287,The Fable of the Statesman Who Didn't Make Good
tt0005288,The Fable of the Struggle Between Personal Liberty and the Wave of Reform
tt0005289,The Fable of the Syndicate Lover
tt0005290,The Fable of the Through Train
tt0005291,The Fable of the Tip and the Treasure
tt0005292,The Fable of the Two Sensational Failures
tt0005293,The Fable of the Two Unfettered Birds
tt0005294,The Face at the Window
tt0005295,The Face in the Moonlight
tt0005296,Faces in the Night
tt0005297,The Failure
tt0005298,The Fairy and the Waif
tt0005299,Faithful to the Finish
tt0005300,The Family Cupboard
tt0005301,The Family Stain
tt0005302,Fanchon  the Cricket
tt0005303,El fantasma negro
tt0005304,The Fascination of the Fleur de Lis
tt0005305,The Fatal Card
tt0005306,Fate's Alibi
tt0005307,Father and the Boys
tt0005308,Fatherhood
tt0005309,Fatty and Mabel at the San Diego Exposition
tt0005310,Mabel and Fatty's Married Life
tt0005311,Fatty and the Broadway Stars
tt0005312,Fatty's Chance Acquaintance
tt0005313,Fatty's Faithful Fido
tt0005314,Fatty's New Role
tt0005315,Fatty's Plucky Pup
tt0005316,Fatty's Reckless Fling
tt0005317,Fatty's Tintype Tangle
tt0005318,A Favorite Fool
tt0005319,Feet Is Feet: A Phable
tt0005320,Fickle Fatty's Fall
tt0005321,The Fifth Commandment
tt0005322,The Fight
tt0005323,The Fighting Hope
tt0005324,The Figure in Black
tt0005325,Film Tempo
tt0005326,The Final Judgment
tt0005327,Fine Feathers
tt0005328,The Fixer
tt0005329,The Flame of Passion
tt0005330,The Flaming Sword
tt0005331,The Flash of an Emerald
tt0005332,La fleur des ruines
tt0005333,Flor del arroyo
tt0005334,Florence Nightingale
tt0005335,The Flying Twins
tt0005336,La folie du Docteur Tube
tt0005337,Following the Scent
tt0005339,A Fool There Was
tt0005342,A Foozle at the Tee Party
tt0005343,For $5  000 a Year
tt0005344,For Cash
tt0005345,For the Honor of the Crew
tt0005347,City of the Dead
tt0005348,Forbidden Fruit
tt0005349,Foreman of Bar Z Ranch
tt0005350,The Foreman's Choice
tt0005351,Forked Trails
tt0005352,The Foundling
tt0005353,Four Feathers
tt0005354,Fox Trot Finesse
tt0005355,The Fox Woman
tt0005356,The Frame-Up
tt0005357,Fresh from the Farm
tt0005359,From Headquarters
tt0005360,From Italy's Shores
tt0005361,From Patches to Plenty
tt0005362,From Shopgirl to Duchess
tt0005363,From the Valley of the Missing
tt0005364,From the Shadows
tt0005365,En förvillelse
tt0005366,Prince Seppl
tt0005367,The Galley Slave
tt0005368,The Galloper
tt0005369,The Gambler of the West
tt0005370,Gambier's Advocate
tt0005371,The Gambler's I.O.U.
tt0005373,A Game Old Knight
tt0005374,Garden of Lies
tt0005375,Garrotazo y tentetieso
tt0005376,Gelöste Ketten
tt0005377,The Gentleman from Indiana
tt0005378,A Gentleman of Leisure
tt0005380,Getting a Start in Life
tt0005381,Ghosts
tt0005382,Giddy  Gay  and Ticklish
tt0005383,Gilbert Gets Tiger-Itis
tt0005384,A Gilded Fool
tt0005385,Gilded Youth
tt0005386,The Girl Detective
tt0005387,The Girl I Left Behind Me
tt0005388,The Girl Who Had a Soul
tt0005389,The Girl and the Game
tt0005390,The Girl and the Mail Bag
tt0005391,The Girl from His Town
tt0005392,A Girl of Yesterday
tt0005393,The Girl of the Golden West
tt0005394,The Girl of the Night
tt0005395,Giving Them Fits
tt0005396,Gladiola
tt0005397,The Glory of Clementina
tt0005398,The Glory of Youth
tt0005399,God's Witness
tt0005400,The Goddess
tt0005401,The Gold Dust and the Squaw
tt0005402,The Golden Chance
tt0005403,The Golden Claw
tt0005404,The Golden Spider
tt0005405,The Goose Girl
tt0005406,The Governor's Boss
tt0005407,The Governor's Lady
tt0005408,Graft
tt0005409,The Grandee's Ring
tt0005410,Los grandes riegos de Aragón
tt0005411,Graustark
tt0005412,The Gray Mask
tt0005413,The Gray Nun of Belgium
tt0005414,Daydreams
tt0005415,The Great Adventure
tt0005416,The Great Divide
tt0005417,The Great Question
tt0005418,The Great Ruby
tt0005419,The Great Silence
tt0005420,The Great Vacuum Robbery
tt0005421,Great While It Lasted
tt0005422,The Greater Courage
tt0005423,Greater Love Hath No Man
tt0005425,The Green Cat
tt0005426,The Green Cloak
tt0005427,Gretna Green
tt0005428,The Grind
tt0005429,Grip
tt0005430,The Grizzly Gulch Chariot Race
tt0005431,The Grudge
tt0005432,Guarding Old Glory
tt0005433,Gussle Rivals Jonah
tt0005434,Gussle Tied to Trouble
tt0005435,Gussle's Backward Way
tt0005436,Gussle's Day of Rest
tt0005437,Gussle's Wayward Path
tt0005438,The Gypsy Trail
tt0005439,Ham at the Garbage Gentleman's Ball
tt0005440,Hans bröllopsnatt
tt0005441,Hans faders brott
tt0005442,Harold's Bad Man
tt0005443,A Hash House Fraud
tt0005444,Hash House Mashers
tt0005445,He Goes Bear Hunting
tt0005446,He Wouldn't Stay Down
tt0005447,Hear Ye  Israel
tt0005448,The Heart of Jennifer
tt0005449,The Heart of Maryland
tt0005450,The Heart of a Bandit
tt0005451,The Heart of a Painted Woman
tt0005452,The Heart of the Blue Ridge
tt0005453,The Heart of the Sheriff
tt0005454,Heart's Desire
tt0005455,Heartaches
tt0005456,The Heart Breaker
tt0005457,Hearts Aflame
tt0005458,Hearts and Planets
tt0005459,Hearts and the Highway
tt0005460,Hearts in Exile
tt0005461,Hearts of Men
tt0005462,Hearts of the Jungle
tt0005463,The Heights of Hazard
tt0005464,Helene of the North
tt0005465,Help Wanted
tt0005466,Her Atonement
tt0005467,Her Convert
tt0005468,Her Dormant Love
tt0005469,Her Grandparents
tt0005470,Her Great Match
tt0005471,Her Mother's Daughter
tt0005472,Her Mother's Secret
tt0005473,Her Nameless Child
tt0005474,Her Own Way
tt0005475,Her Painted Hero
tt0005476,Her Reckoning
tt0005477,Her Shattered Idol
tt0005478,Her Slight Mistake
tt0005479,Her Winning Punch
tt0005480,Heritage
tt0005481,The Hero of the Dardanelles
tt0005482,The Hidden City
tt0005483,The High Hand
tt0005484,His Father's Footsteps
tt0005485,His Guardian Angel
tt0005486,His Last Trick
tt0005487,His Lordship's Dilemma
tt0005488,His Luckless Love
tt0005489,His New Job
tt0005490,His Phantom Sweetheart
tt0005491,His Pipe Dreams
tt0005492,His Turning Point
tt0005493,His Wife
tt0005494,His Wife's Past
tt0005497,Hjälte mot sin vilja
tt0005498,Hogan Out West
tt0005499,Hogan  the Porter
tt0005500,Hogan's Aristocratic Dream
tt0005501,Hogan's Mussy Job
tt0005502,Hogan's Romance Upset
tt0005503,Hogan's Wild Oats
tt0005504,Home
tt0005505,The Home Breakers
tt0005506,A Home Breaking Hound
tt0005507,The Home Cure
tt0005508,The Honeymoon Baby
tt0005509,Honeymoon for Three
tt0005510,Honor Thy Father
tt0005511,The Honor of the Ormsbys
tt0005512,A Hot Time in Punkville
tt0005513,Der Hund von Baskerville  3. Teil - Das unheimliche Zimmer
tt0005514,Der Hund von Baskerville  4. Teil
tt0005515,The House of Fear
tt0005516,The House of Tears
tt0005517,The House of a Thousand Candles
tt0005518,The House of a Thousand Scandals
tt0005519,The House of the Lost Court
tt0005520,How Cissy Made Good
tt0005521,How Hazel Got Even
tt0005522,How Molly Malone Made Good
tt0005523,How Weary Went Wooing
tt0005524,A Human Hound's Triumph
tt0005525,The Hungarian Nabob
tt0005526,The Hunt
tt0005527,Hushing the Scandal
tt0005529,Blind Justice
tt0005530,The Heroism of Paddy
tt0005531,Högsta vinsten
tt0005532,I prövningens stund
tt0005533,I'm Glad My Boy Grew Up to Be a Soldier
tt0005534,An Idyll of the Hills
tt0005535,The Immigrant
tt0005536,The Impersonation of Tom
tt0005537,The Impostor
tt0005538,In Spite of All
tt0005539,In the Amazon Jungles with the Captain Besley Expedition
tt0005540,In the Grasp of the Law
tt0005541,In the Palace of the King
tt0005542,In the Park
tt0005543,In the Shadow
tt0005544,In the Shadow of Death
tt0005545,The Incorrigible Dukane
tt0005546,The Indian Trapper's Vindication
tt0005547,Det indiske gudebillede
tt0005548,Infatuation
tt0005549,Infidelity
tt0005550,An Innocent Burglar
tt0005551,Inspiration
tt0005553,The Iron Strain
tt0005554,The Island of Regeneration
tt0005555,The Isle of Content
tt0005556,It's No Laughing Matter
tt0005557,The Italian
tt0005558,The Ivory Snuff Box
tt0005559,Jack Chanty
tt0005560,Jack's Pals
tt0005561,Jane
tt0005562,The Eternal Strife
tt0005563,Janet of the Chorus
tt0005564,A Janitor's Wife's Temptation
tt0005565,Japan
tt0005566,Jeanne Doré
tt0005567,Jeanne of the Woods
tt0005568,Jewel
tt0005569,The Jewish Crown
tt0005570,Jim the Penman
tt0005571,A Jitney Elopement
tt0005572,John Glayde's Honor
tt0005573,Jordan Is a Hard Road
tt0005574,The Price of Betrayal
tt0005575,Judge Not; or the Woman of Mona Diggings
tt0005577,The Judgment of Men
tt0005578,Judy Forgot
tt0005579,The Juggernaut
tt0005580,June Friday
tt0005581,Just Jim
tt0005582,Just Nuts
tt0005583,Just Out of College
tt0005584,Kampen om en Rembrandt
tt0005585,Keep Moving
tt0005586,Keno Bates  Liar
tt0005587,A Keyboard Strategy
tt0005588,Kilmeny
tt0005589,Kindling
tt0005590,Knight of the Trail
tt0005591,Koningin Elisabeth's dochter
tt0005592,Kreutzer Sonata
tt0005593,Los ladrones del gran mundo
tt0005594,Lady Audley's Secret
tt0005595,Lady Baffles and Detective Duck
tt0005597,A Lady in Distress
tt0005598,The Lady of Shalott
tt0005599,The Lady of the Lighthouse
tt0005600,The Lamb
tt0005601,A Lancashire Lass
tt0005602,The Governor's Daughters
tt0005603,Langdon's Legacy
tt0005604,The Last Chapter
tt0005605,The Last Concert
tt0005606,Last Night of the Barbary Coast
tt0005607,The Last of the Mafia
tt0005608,Das Laster
tt0005609,The Laugh That Died
tt0005610,The Legal Light
tt0005611,Playmates
tt0005612,Lena
tt0005613,Let Katie Do It
tt0005614,Li'l Nor'wester
tt0005615,Life Without Soul
tt0005616,A Life at Stake
tt0005620,The Light That Failed
tt0005621,The Lily and the Rose
tt0005622,Liliya Belgii
tt0005623,The Lily of Poverty Flat
tt0005624,A Little Brother of the Rich
tt0005625,The Little Catamount
tt0005626,The Little Dutch Girl
tt0005627,Little Egypt Malone
tt0005628,The Little Girl That He Forgot
tt0005629,The Little Girl of the Attic
tt0005630,The Little Gypsy
tt0005631,The Little Lumberjack
tt0005632,The Little Mademoiselle
tt0005633,The Little Minister
tt0005634,The Little Miss Brown
tt0005635,Little Mr. Fixer
tt0005636,Little Pal
tt0005637,The Little Puritan
tt0005638,The Little Soldier Man
tt0005639,Little Sunset
tt0005640,The Little White Violet
tt0005641,Lon of Lone Mountain
tt0005642,A London Flat Mystery
tt0005643,London's Yellow Peril
tt0005644,The Lone Star Rush
tt0005645,The Lonesome Heart
tt0005646,When the Lion Roared
tt0005647,Lonesome Luke  Social Gangster
tt0005648,The Long Chance
tt0005649,Lord John in New York
tt0005650,The Lost House
tt0005651,The Lost Lord Lowell
tt0005652,Lost in the Jungle
tt0005653,The Love Route
tt0005654,Love  Speed and Thrills
tt0005655,Love and a Savage
tt0005656,Love in Armor
tt0005657,Love in a Wood
tt0005658,Love's Pilgrimage to America
tt0005659,Love's Way
tt0005660,Love  Loot and Crash
tt0005661,A Lover's Lost Control
tt0005662,A Lucky Deal
tt0005663,A Lucky Leap
tt0005664,A Lucky Strike
tt0005665,The Lure of Alaska
tt0005666,The Lure of Woman
tt0005667,The Lure of the Mask
tt0005668,The Luring Lights
tt0005669,Lydia Gilmore
tt0005670,Lyon Lea
tt0005671,M'Liss
tt0005672,Ma Hoggan's New Boarder
tt0005673,Ma's Girls
tt0005674,Mabel Lost and Won
tt0005675,Mabel and Fatty Viewing the World's Fair at San Francisco
tt0005676,Fatty and Mabel's Simple Life
tt0005677,Mabel and Fatty's Wash Day
tt0005678,Mabel's Wilful Way
tt0005679,Mabel  Fatty and the Law
tt0005680,Marvelous Maciste
tt0005681,The Mad Maid of the Forest
tt0005682,Madame Butterfly
tt0005683,Madame de Thebes
tt0005684,The Magic Bon Bons
tt0005685,The Magic Skin
tt0005686,The Magic Toy Maker
tt0005687,The Magistrate's Story
tt0005688,Maid of the Mist
tt0005689,The Majesty of the Law
tt0005690,The Making Over of Geoffrey Manning
tt0005691,Man-Afraid-of-His-Wardrobe
tt0005692,The Man Behind the Door
tt0005693,The Man Trail
tt0005694,The Man Who Beat Dan Dolan
tt0005695,The Man Who Couldn't Beat God
tt0005696,The Man Who Found Himself
tt0005697,The Man Who Found Out
tt0005698,The Man Who Stayed at Home
tt0005700,A Man and His Mate
tt0005701,The Man from Nowhere
tt0005702,The Man from Oregon
tt0005703,The Man from Texas
tt0005704,The Man in Possession
tt0005705,The Man in the Attic
tt0005706,The Man in the Shadows
tt0005707,A Man of His Word
tt0005708,The Man of Shame
tt0005709,The Man on Watch
tt0005710,A Man's Making
tt0005711,A Man's Prerogative
tt0005712,A Man's Way
tt0005713,The Marble Heart
tt0005714,Margot
tt0005715,The Marriage of Kitty
tt0005716,Marrying Money
tt0005717,Marse Covington
tt0005718,Martin Lowe  Financier
tt0005719,Martyrs of the Alamo
tt0005720,Mary's Duke
tt0005721,Mary's Lamb
tt0005722,The Masqueraders
tt0005723,The Master Mummer
tt0005724,The Master of His House
tt0005725,The Master of the House
tt0005726,The Master's Model
tt0005727,Matilda's Legacy
tt0005728,The Mating
tt0005729,A Matrimonial Boomerang
tt0005730,Matrimony
tt0005731,Max and the Purse
tt0005732,May Blossom
tt0005733,Life's Whirlpool
tt0005734,The Measure of a Man
tt0005735,The Meddler
tt0005736,The Melting Pot
tt0005737,The Memory Tree
tt0005738,The Menace of the Mute
tt0005739,The Middleman
tt0005740,Midnight at Maxim's
tt0005741,Midshipman Easy
tt0005742,The Mighty Hold
tt0005743,Mignon
tt0005744,Milestones of Life
tt0005745,The Mill on the Floss
tt0005746,The Millionaire Baby
tt0005747,The Millionaire Paupers
tt0005748,Minerva's Mission
tt0005749,Minlotsen
tt0005750,The Miracle of Life
tt0005751,The Miser's Legacy
tt0005752,The Misleading Lady
tt0005753,Miss Fatty's Seaside Lovers
tt0005754,The Missing Links
tt0005755,Los misterios de Barcelona
tt0005756,Mistress Nell
tt0005757,Mixed Flats
tt0005759,A Mixup for Mazie
tt0005760,The Model
tt0005761,A Modern Magdalen
tt0005762,Moderne Ægteskab
tt0005763,Money
tt0005764,The Money Master
tt0005765,The Money Leeches
tt0005767,Monsieur Lecoq
tt0005768,Mooi Holland
tt0005769,The Moonstone
tt0005770,The Morals of Marcus
tt0005771,Morpheus Mike
tt0005772,Mortmain
tt0005773,The Moth and the Flame
tt0005774,A Mother's Atonement
tt0005775,A Mother's Confession
tt0005776,Mother's Roses
tt0005777,Eine Motte flog zum Licht
tt0005778,The Mountain Girl
tt0005779,Mountain Justice
tt0005780,Mr. 'Silent' Haskins
tt0005781,Mr. Grex of Monte Carlo
tt0005782,Mr. Lyndon at Liberty
tt0005783,Mrs. Cassell's Profession
tt0005784,Mrs. Murphy's Cooks
tt0005785,Mrs. Plum's Pudding
tt0005786,The Mummy and the Humming Bird
tt0005787,Musketier Kaczmarek
tt0005788,My Best Girl
tt0005789,My Lady High and Mighty
tt0005790,My Madonna
tt0005791,My Old Dutch
tt0005792,My Valet
tt0005793,Mysteries of London
tt0005794,Mysteries of the Grand Hotel
tt0005795,The Mystery of Room 13
tt0005796,The Mystery of a Hansom Cab
tt0005797,Mästertjuven
tt0005798,Nan o' the Backwoods
tt0005799,Natasha Rostova
tt0005800,The Nation's Peril
tt0005802,Neal of the Navy
tt0005803,Nearly a Lady
tt0005804,Nedra
tt0005805,Dionysus' Anger
tt0005806,Never Again
tt0005807,The New Adam and Eve
tt0005808,The New Exploits of Elaine
tt0005809,The Governor
tt0005810,A Night Out
tt0005811,A Night Out
tt0005812,A Night in the Show
tt0005813,Nikolay Stavrogin
tt0005814,Niobe
tt0005815,Chopin's Nocturne
tt0005816,Not Guilty
tt0005817,Nur nicht heiraten
tt0005818,När konstnärer älska
tt0005819,O'Garry of the Royal Mounted
tt0005820,Oh  Daddy!
tt0005821,Old Dutch
tt0005822,The Old Folks at Home
tt0005823,Old Heidelberg
tt0005824,The Old Homestead
tt0005825,An Old-Fashioned Girl
tt0005826,On Bitter Creek
tt0005827,On Dangerous Paths
tt0005828,On Her Wedding Night
tt0005829,On the Bread Line
tt0005830,On the Eagle Trail
tt0005831,On the Firing Line with the Germans
tt0005832,On the Night Stage
tt0005833,On the Spanish Main
tt0005834,On the Stroke of Twelve
tt0005835,On the Wrong Track
tt0005836,Once Every Ten Minutes
tt0005837,One Million Dollars
tt0005838,A One Night Stand
tt0005839,A One Reel Feature
tt0005840,The Only Man
tt0005841,The Only Way Out
tt0005842,Only a Farmer's Daughter
tt0005843,Only a Messenger Boy
tt0005844,La otra Carmen
tt0005845,Our Dare-Devil Chief
tt0005846,Out of Bondage
tt0005847,Out of the Darkness
tt0005848,Out of the Ruins
tt0005849,Out of the Silence
tt0005850,The Outcast
tt0005851,The Outer Edge
tt0005852,The Outlaw's Bride
tt0005853,The Outlaw's Revenge
tt0005854,The Outrage
tt0005855,Outside the Gates
tt0005856,Over Night
tt0005857,The Oyster Dredger
tt0005858,P.A. Powers' Comedies
tt0005859,Pacto de lágrimas
tt0005860,The Pageant of San Francisco
tt0005861,The Painted Lady Betty
tt0005862,The Painted Soul
tt0005863,Pals in Blue
tt0005864,Stick Around
tt0005865,The Parasite
tt0005866,Pardoned
tt0005867,The Park Honeymooners
tt0005868,The Parson Who Fled West
tt0005869,Pasionaria
tt0005870,The Passing of a Soul
tt0005871,Passing of the Oklahoma Outlaws
tt0005872,Paternal Love
tt0005873,Patriks äventyr
tt0005874,The Patriot and the Spy
tt0005875,Peanuts and Bullets
tt0005876,The Pearl of the Antilles
tt0005877,Pearls of Temptation
tt0005878,Peculiar Patients' Pranks
tt0005879,Peer Gynt
tt0005880,Peggy Lynn  Burglar
tt0005881,Peladilla cochero de punto
tt0005882,The Penalty
tt0005883,The Penitentes
tt0005884,Pennington's Choice
tt0005886,Perils of the Jungle
tt0005887,The Period of the Jew
tt0005888,Pero yo te vengaré
tt0005889,The Lower Depths of St. Petersburg
tt0005890,The Phable of Sam and Bill
tt0005891,The Phable of a Busted Romance
tt0005892,A Phyllis of the Sierras
tt0005893,Pies and Poetry
tt0005894,A Pillar of Flame
tt0005895,Pimple's Three Weeks (Without the Option)
tt0005896,The Pinch
tt0005897,The Pine's Revenge
tt0005898,Pinto Ben
tt0005899,Pirate Haunts
tt0005900,The Pitfall
tt0005901,Playing Dead
tt0005902,Pleasing Uncle
tt0005903,Plebeian
tt0005904,The Ploughshare
tt0005905,The Plunderer
tt0005906,The Police Dog Gets Piffles in Bad
tt0005907,The Police Dog to the Rescue
tt0005908,The Politicians
tt0005909,Los polvos del ratero
tt0005910,Pool Sharks
tt0005911,Poor Schmaltz
tt0005912,Por culpa del padre
tt0005913,The Port of Missing Women
tt0005914,The Portrait in the Attic
tt0005915,The Picture of Dorian Grey
tt0005916,After Death
tt0005917,A Prehistoric Love Story
tt0005918,Pressing His Suit
tt0005919,Pressing His Suit
tt0005920,The Pretenders
tt0005921,Pretty Mrs. Smith
tt0005922,The Pretty Sister of Jose
tt0005923,A Price for Folly
tt0005924,The Price of Her Silence
tt0005926,The Price
tt0005927,The Primrose Path
tt0005928,The Prince and the Pauper
tt0005929,The Prince of Pep
tt0005930,Princess Romanoff
tt0005931,The Prisoner of Zenda
tt0005932,Prohibition
tt0005933,The Prophet of the Hills
tt0005934,The Puny Soul of Peter Rand
tt0005935,The Puppet Crown
tt0005936,The Pursuing Shadow
tt0005937,The Quality of Mercy
tt0005938,Queen Margaret
tt0005939,The Quest
tt0005940,Quicksands of Life
tt0005941,Quits
tt0005942,The Race for a Gold Mine
tt0005943,Rafferty Goes to Coney Island
tt0005944,Rafferty at the Hotel de Rest
tt0005945,Rags
tt0005946,Rags and the Girl
tt0005947,Ragtime Snap Shots
tt0005948,El rajá de Lifará en Zaragoza
tt0005949,The Range Girl and the Cowboy
tt0005950,Ranson's Folly
tt0005951,Satan's Rhapsody
tt0005952,A Rascal's Wolfish Ways
tt0005954,Rated at $10  000  000
tt0005955,The Raven
tt0005956,The Reaping
tt0005957,The Red Circle
tt0005958,Redenzione
tt0005959,The Reform Candidate
tt0005960,The Regeneration
tt0005961,Relentless Dalton
tt0005962,The Rent Jumpers
tt0005963,The Return of Richard Neal
tt0005964,The Reward
tt0005965,Richard Carvel
tt0005966,The Right Girl?
tt0005967,Right Off the Bat
tt0005968,The Right of Way
tt0005969,The Rights of Man: A Story of War's Red Blotch
tt0005970,The Ring of the Borgias
tt0005971,The Ringtailed Rhinoceros
tt0005972,The Road o' Strife
tt0005973,The Road to Paradise
tt0005974,The Romance of Elaine
tt0005975,The Romance of an American Duchess
tt0005976,Romantic Reggie
tt0005978,Roping a Bride
tt0005979,The Rosary
tt0005980,Rosemary
tt0005981,Rosen på Tistelön
tt0005982,The Roughneck
tt0005983,A Royal Family
tt0005984,The Rug Maker's Daughter
tt0005985,Rule G
tt0005986,Rum and Wall Paper
tt0005987,Rumpelstiltskin
tt0005988,Runaway June
tt0005989,The Runaway Wife
tt0005990,The Running Fight
tt0005991,The Runt
tt0005992,The Ruse
tt0005993,Ruses  Rhymes and Roughnecks
tt0005994,Ruslan and Ludmilla
tt0005996,The Rustle of a Skirt
tt0005997,The Sable Lorcha
tt0005998,A Safe Investment
tt0005999,Sage Brush Tom
tt0006000,Salvation Nell
tt0006001,Sam Davis  the Hero of Tennessee
tt0006002,Samson
tt0006003,Satan Opium
tt0006004,Satan Sanderson
tt0006005,Saved by Her Horse
tt0006006,Saved by Wireless
tt0006007,Saved from the Harem
tt0006008,Scandal
tt0006009,The Scarlet Lady
tt0006010,The Scarlet Sin
tt0006011,Schlemihl
tt0006012,The Scorpion's Sting
tt0006013,The Scourge of the Desert
tt0006014,Sealed Lips
tt0006015,Sealed Valley
tt0006016,The Second in Command
tt0006017,The Secret Orchard
tt0006018,The Secret Room
tt0006019,The Secret Seven
tt0006020,The Secret Sin
tt0006021,The Secretary of Frivolous Affairs
tt0006023,Semana santa en Tarragona
tt0006024,The Senator
tt0006025,The Sentimental Lady
tt0006026,Settled at the Seaside
tt0006027,The Seven Sisters
tt0006028,The Seventh Noon
tt0006029,Shadows from the Past
tt0006030,The Shadows of a Great City
tt0006032,Shanghaied
tt0006033,Shep the Sentinel
tt0006034,Sheriff for an Hour
tt0006035,The Sheriff's Dilemma
tt0006036,The Sheriff's Streak of Yellow
tt0006037,The Shooting of Dan McGrew
tt0006038,Should a Mother Tell
tt0006039,Should a Wife Forgive?
tt0006040,The Folly of Desire
tt0006041,Camille
tt0006042,The Silent Command
tt0006043,The Silent Voice
tt0006045,The Silver Lining
tt0006046,Silver Threads Among the Gold
tt0006047,Simon Judit
tt0006048,Simon  the Jester
tt0006049,Sin
tt0006050,The Sin of Olga Brandt
tt0006051,The Sins of Society
tt0006052,The Sins of the Mothers
tt0006054,Siren of Corsica
tt0006055,The Siren's Song
tt0006056,A Sister's Burden
tt0006057,Skomakare  bliv vid din läst
tt0006058,Slim Higgins
tt0006059,The Slim Princess
tt0006060,Snobs
tt0006062,The Soap-Suds Star
tt0006063,The Social Pirates
tt0006064,Sold
tt0006065,El soldado de San Marcial
tt0006066,A Soldier's Oath
tt0006067,The Solution to the Mystery
tt0006068,Some Baby
tt0006070,Sonad skuld
tt0006071,The Song of Hate
tt0006072,The Song of the Wage Slave
tt0006073,Sonne und Schatten
tt0006074,The Sort-of-Girl-Who-Came-from-Heaven
tt0006075,The Soul of Broadway
tt0006076,The Soul of the Vase
tt0006077,The Source of Happiness
tt0006078,Spades Are Trumps
tt0006079,Spaghetti a la Mode
tt0006080,The Spanish Jade
tt0006081,The Speed King
tt0006082,The Spell of the Poppy
tt0006083,The Spender
tt0006084,The Spendthrift
tt0006085,The Spirit of Adventure
tt0006086,Spit-Ball Sadie
tt0006087,The Sporting Duchess
tt0006088,The Stagecoach Driver and the Girl
tt0006089,The Stagecoach Guard
tt0006090,The Star of the Sea
tt0006091,The Starring of Flora Finchurch
tt0006092,Stars Their Courses Change
tt0006093,Station Content
tt0006094,Steady Company
tt0006096,Still Waters
tt0006097,Stingaree
tt0006098,Stolen Goods
tt0006099,Stolen Magic
tt0006100,The Stolen Ruby
tt0006101,The Stolen Voice
tt0006102,The Pride of the Firm
tt0006103,The Stool Pigeon
tt0006104,Stop Thief!
tt0006105,The Strangler's Cord
tt0006106,Strass et Compagnie
tt0006107,Strathmore
tt0006108,Strejken
tt0006109,The Stronger Mind
tt0006110,Stronger Than Death
tt0006111,Stuart Webbs: Die Toten erwachen
tt0006112,The Stubbornness of Geraldine
tt0006113,Studies in Clay
tt0006114,A Study in Tramps
tt0006115,A Submarine Pirate
tt0006116,The Suburban
tt0006117,Such Is Life
tt0006118,Sunday
tt0006119,Sunshine Molly
tt0006120,The Supreme Test
tt0006121,Suspicious Characters
tt0006122,Sverchok na pechi
tt0006123,Sweedie Goes to College
tt0006124,Sweedie and Her Dog
tt0006125,Sweedie in Vaudeville
tt0006126,Sweedie's Hopeless Love
tt0006127,Sweedie's Suicide
tt0006128,Sweet Alyssum
tt0006129,Sweet Lavender
tt0006132,Das Tagebuch Collins
tt0006133,Tainted Money
tt0006134,The Taking of Luke McVane
tt0006135,The Taking of Mustang Pete
tt0006136,The Tale of the 'C'
tt0006137,The Tale of the Night Before
tt0006138,The Taming of Mary
tt0006139,The Tattooed Hand
tt0006140,Temptation
tt0006141,The Tenderfoot's Triumph
tt0006142,Terribly Stuck Up
tt0006143,The Terror of Twin Mountains
tt0006144,A Texas Steer
tt0006145,That Little Band of Gold
tt0006146,That Springtime Feeling
tt0006147,Their Golden Wedding
tt0006148,Their Happy Honeymoon
tt0006149,Their Happy Little Home
tt0006150,Their Social Splash
tt0006151,There's Good in Everyone
tt0006153,This Is the Life
tt0006154,Those College Girls
tt0006155,Thou Art the Man
tt0006156,The Threads of Fate
tt0006157,Three Bad Men and a Girl
tt0006158,The Three Brothers
tt0006159,Through Turbulent Waters
tt0006160,Tillie's Tomato Surprise
tt0006161,Time Lock No. 776
tt0006162,Tinkering with Trouble
tt0006163,A tiszti kardbojt
tt0006164,To Cherish and Protect
tt0006165,To Redeem a Value
tt0006166,To Redeem an Oath
tt0006167,The Toast of Death
tt0006168,Die Tochter der Landstraße
tt0006169,The Toll of Youth
tt0006170,Too Many Smiths
tt0006171,Tools of Providence
tt0006172,Tracked by the Hounds
tt0006173,A Trade Secret
tt0006174,The Tragedy of Bear Mountain
tt0006175,The Tragic Circle
tt0006176,The Traitor
tt0006177,The Tramp
tt0006178,The Tramps
tt0006179,Trickery
tt0006180,Tricks of Fate
tt0006181,Tried for His Own Murder
tt0006182,Trilby
tt0006184,The Trust
tt0006185,The Truth About Helen
tt0006186,Truth Stranger Than Fiction
tt0006187,The Turn of the Road
tt0006188,Tutyu és Totyó
tt0006189,The Twin Sister
tt0006190,The Two Orphans
tt0006191,Two Women
tt0006192,Um 500.000 Mark
tt0006193,Un drame au château d'Acre
tt0006194,The Unafraid
tt0006195,The Unbroken Road
tt0006196,Under Southern Skies
tt0006197,Under a Shadow
tt0006198,Under the Crescent
tt0006199,The Unfaithful Wife
tt0006200,The Unhidden Treasure
tt0006201,The Unknown
tt0006202,Unto the Darkness
tt0006203,The Unwelcome Wife
tt0006204,The Valley of Decision
tt0006205,The Valley of Lost Hope
tt0006206,Les Vampires
tt0006207,The Vanderhoff Affair
tt0006208,The Vanishing Vases
tt0006209,The Vanishing Vault
tt0006210,Vanity Fair
tt0006211,Vengeance of Nana
tt0006212,Vengeance of the Wilds
tt0006213,The Ventures of Marguerite
tt0006214,The Verdict of the Heart
tt0006215,A Versatile Villain
tt0006216,Die vertauschte Braut
tt0006217,Via Wireless
tt0006218,Vice and Virtue
tt0006219,Victorine
tt0006220,The Victorious Jockey
tt0006221,The Victory of Virtue
tt0006222,The Village Homestead
tt0006223,A Village Scandal
tt0006224,The Violin Maker
tt0006225,Virtue
tt0006226,The Vision of the Shepherd
tt0006227,A Visit to Uncle Dudley's Farm
tt0006228,A Visit to the Zoo
tt0006229,The Vivisectionist
tt0006230,The Voice in the Fog
tt0006232,Voices from the Past
tt0006233,Volonté
tt0006234,Vordertreppe - Hintertreppe
tt0006235,The Vow
tt0006236,Las víctimas de la fatalidad
tt0006237,The Waif
tt0006238,Zhenshchina vampir
tt0006239,Wanted: A Leading Lady
tt0006241,War and Peace
tt0006242,The Warning
tt0006243,The Warrens of Virginia
tt0006244,The Warring Millions
tt0006246,The Water Clue
tt0006247,The Way Back
tt0006248,The Way Out
tt0006249,We'll Take Her Children in Amongst Our Own
tt0006251,What Happened on the Barbuda
tt0006252,What Happened to Father
tt0006253,What Happened to Jones
tt0006255,What's Ours?
tt0006256,Wheat and Tares: A Story of Two Boys Who Tackle Life on Diverging Lines
tt0006257,The Wheels of Justice
tt0006258,When Ambrose Dared Walrus
tt0006259,When Fate Rebelled
tt0006260,When the Fiddler Came to Big Horn
tt0006261,When London Burned
tt0006262,When Love Took Wings
tt0006263,When Shadows Fall
tt0006264,When Thieves Fall Out
tt0006265,When Two Play a Game
tt0006266,When We Were Twenty-One
tt0006267,When a Man's Fickle
tt0006268,When a Queen Loved O'Rourke
tt0006269,When a Woman Loves
tt0006270,When It Strikes Home
tt0006271,When the Gods Played a Badger Game
tt0006272,When the Mummy Cried for Help
tt0006273,Where Cowboy Is King
tt0006274,Where the Forest Ends
tt0006275,While the Tide Was Rising
tt0006276,The Whirl of Life
tt0006277,Whispering Smith
tt0006278,The White Goddess
tt0006279,The White Pearl
tt0006280,The White Scar
tt0006281,The White Sister
tt0006282,The White Terror
tt0006283,Who Pays?
tt0006284,Who Stole the Doggies?
tt0006285,Who's Who in Society
tt0006286,Whose Husband?
tt0006287,The Widow's Secret
tt0006288,The Wild Goose Chase
tt0006290,The Wild Olive
tt0006291,Wildfire
tt0006292,A Will of Her Own
tt0006293,Willful Ambrose
tt0006294,The Winged Idol
tt0006296,Wished on Mabel
tt0006297,A Witch of Salem Town
tt0006298,With the Aid of the Law
tt0006299,The Wolf Man
tt0006300,The Wolf of Debt
tt0006301,The Wolf's Prey
tt0006302,The Woman Next Door
tt0006303,The Woman Pays
tt0006304,A Woman Scorned
tt0006305,The Woman Who Lied
tt0006307,A Woman's Past
tt0006308,A Woman's Resurrection
tt0006309,A Woman
tt0006310,The Woman
tt0006311,The Wonderful Adventure
tt0006312,The Word
tt0006313,Work
tt0006314,The Working of a Miracle
tt0006315,The World of Today
tt0006316,The World's Desire
tt0006317,Wormwood
tt0006318,Het wrak van de Noorzee
tt0006319,The Wrong Woman
tt0006320,A Yankee from the West
tt0006321,The Yankee Girl
tt0006322,Ye Olden Grafter
tt0006323,Ekaterina Ivanovna
tt0006324,A Yellow Streak
tt0006325,York State Folks
tt0006326,The Young Man Who 'Figgered'
tt0006327,Young Romance
tt0006328,Youth
tt0006329,Zaragoza pintoresca
tt0006330,Zaza
tt0006331,Sugar and Spice
tt0006332,L'énigme de dix heures
tt0006333,20 000 Leagues Under the Sea
tt0006334,A la pesca de los 45 millones
tt0006335,The Abandonment
tt0006336,According to Law
tt0006337,According to the Code
tt0006338,Acquitted
tt0006339,The Adventures of Peg o' the Ring
tt0006340,An Aerial Joyride
tt0006341,Aktiebolaget Hälsans gåva
tt0006342,The Alibi
tt0006343,Alien Souls
tt0006344,All Man
tt0006345,Alma torturada
tt0006346,The Almighty Dollar
tt0006347,Along the Border
tt0006348,Along the Malibu
tt0006349,Where is My Treasure?
tt0006350,Alsace
tt0006351,Amar es sufrir
tt0006352,Ambition
tt0006353,Ambrose's Cup of Woe
tt0006354,Ambrose's Fury
tt0006355,Ambrose's Rapid Rise
tt0006356,America Preparing
tt0006357,American Aristocracy
tt0006358,The American Beauty
tt0006359,The Americano
tt0006360,Passano gli Unni...
tt0006361,Amor y lágrimas
tt0006362,And the Law Says
tt0006363,An Angelic Attitude
tt0006364,Annie Laurie
tt0006365,The Answer
tt0006366,Anton the Terrible
tt0006367,The Apostle of Vengeance
tt0006368,April
tt0006369,Los apuros de un paleto
tt0006370,The Argonauts of California - 1849
tt0006371,Arms and the Woman
tt0006372,Around the World
tt0006373,Arsene Lupin
tt0006374,Arthur's Desperate Resolve
tt0006375,The Aryan
tt0006376,As in a Looking Glass
tt0006377,Aschenbrödel
tt0006378,Ashes of Embers
tt0006379,At Piney Ridge
tt0006380,At a Premium
tt0006381,Atta Boy's Last Race
tt0006382,Audrey
tt0006383,Aus Mangel an Beweisen
tt0006385,Autumn
tt0006386,The Avenger
tt0006387,L'aventure des millions
tt0006388,The Awakening of Bess Morton
tt0006389,The Awakening of Helena Ritchie
tt0006390,The Awakening
tt0006391,An Awful Romance
tt0006392,BZ-Maxe & Co.
tt0006393,A Circus Romance
tt0006394,Back Stage
tt0006395,The Bad Man of Cheyenne
tt0006396,The Bait
tt0006397,Balettprimadonnan
tt0006398,The Ballet Girl
tt0006399,The Bandit's Wager
tt0006400,Barriers of Society
tt0006401,A Bath House Blunder
tt0006402,Bath Tub Perils
tt0006403,The Battle of Hearts
tt0006404,The Battle of Life
tt0006405,Kitchener's Great Army in the Battle of the Somme
tt0006406,Beans and Bullets
tt0006407,A Bear of a Story
tt0006408,The Beast
tt0006409,Beatrice Fairfax
tt0006410,Because He Loved Her
tt0006411,The Beckoning Trail
tt0006412,The Beggar of Cawnpore
tt0006413,Behind the Lines
tt0006414,Behind the Screen
tt0006415,Behind the Veil
tt0006416,The Belle of the Season
tt0006417,Ben Blair
tt0006418,Bengts nya kärlek eller Var är barnet?
tt0006419,El beso de la muerte
tt0006420,El beso fatal
tt0006421,The Best Man
tt0006422,Better Halves
tt0006423,Better Late Than Never
tt0006424,Bettina Loved a Soldier
tt0006425,Die Bettlerin von St. Marien
tt0006426,Betty of Greystone
tt0006427,Beyond the Trail
tt0006428,The Big Sister
tt0006429,Big Tremaine
tt0006430,Birds of a Feather
tt0006431,Bitter Sweet
tt0006432,The Black Crook
tt0006433,Black Friday
tt0006434,Black Orchids
tt0006435,The Black Sheep of the Family
tt0006436,The Black Wolf
tt0006437,The Blacklist
tt0006438,Blazing Love
tt0006439,The Blindness
tt0006440,Blood Money
tt0006441,Blue Blood and Red
tt0006442,The Blue Envelope Mystery
tt0006443,Bobbie of the Ballet
tt0006444,Bobby Bumps Gets a Substitute
tt0006445,Bobby Bumps Goes Fishing
tt0006446,Bobby Bumps Helps a Book Agent
tt0006447,Bobby Bumps Loses His Pup
tt0006448,Bobby Bumps Queers the Choir
tt0006449,Bobby Bumps Starts a Lodge
tt0006450,Bobby Bumps and His Goatmobile
tt0006451,Bobby Bumps and His Pointer Pup
tt0006452,Bobby Bumps and the Detective Story
tt0006453,Bobby Bumps and the Stork
tt0006454,Bobby Bumps at the Circus
tt0006455,Bobby Bumps' Fly Swatter
tt0006456,La vie de Bohème
tt0006457,Bombs!
tt0006458,The Bondman
tt0006459,Borrowed Plumes
tt0006460,Borrowing Trouble
tt0006461,Botarate y la andaluza
tt0006462,Bought and Paid For
tt0006463,The Brand of Cowardice
tt0006464,Brandsoldaten
tt0006465,The Brave Ones
tt0006466,Braver Than the Bravest
tt0006467,Brigadier Gerard
tt0006468,Bright Lights
tt0006469,The Broken Cross
tt0006470,Broken Fetters
tt0006471,The Broken Melody
tt0006472,The Broken Spur
tt0006473,The Bruiser
tt0006474,Bucking Society
tt0006475,The Bugle Call
tt0006476,The Bugler of Algiers
tt0006477,Bullets and Brown Eyes
tt0006478,Busting the Beanery
tt0006479,By Stork Delivery
tt0006480,Who Killed Simon Baird?
tt0006481,Die Börsenkönigin
tt0006482,The Call of the Cumberlands
tt0006483,Calle som miljonär
tt0006484,Calles nya kläder
tt0006485,Calínez y Gedeón  detectives
tt0006486,The Canby Hill Outlaws
tt0006487,The Candy Trail
tt0006488,Caprice of the Mountains
tt0006489,The Captive God
tt0006490,Los cascabeles fantasmas
tt0006491,Casey at the Bat
tt0006492,Caught in a Jam
tt0006493,Ce que les flots racontent
tt0006494,Cenere
tt0006495,The Chalice of Sorrow
tt0006496,The Challenge
tt0006499,The Chattel
tt0006500,Cheaters
tt0006501,The Chess Queen
tt0006502,Chicken-Hearted Jim
tt0006503,Chickens
tt0006504,A Child of Mystery
tt0006505,A Child of the Paris Streets
tt0006508,The Children Pay
tt0006509,The Children in the House
tt0006510,Children of the Feud
tt0006511,Christus
tt0006512,Ciklámen
tt0006513,Cinders of Love
tt0006514,The Circular Room
tt0006516,The City of Failing Light
tt0006517,Civilization
tt0006518,A Close Call
tt0006519,The Closed Road
tt0006520,The Clown
tt0006521,The Code of His Ancestors
tt0006522,The Code of Honor
tt0006523,The Code of Marcia Gray
tt0006524,Colonel Heeza Liar's Bachelor Quarters
tt0006525,Colonel Heeza Liar Captures Villa
tt0006526,Colonel Heeza Liar Gets Married
tt0006527,Colonel Heeza Liar on Strike
tt0006528,Colonel Heeza Liar Plays Hamlet
tt0006529,Colonel Heeza Liar Wins the Pennant
tt0006530,Colonel Heeza Liar and the Bandits
tt0006531,Colonel Heeza Liar and the Pirates
tt0006532,Colonel Heeza Liar at the Vaudeville Show
tt0006533,Colonel Heeza Liar's Courtship
tt0006534,Colonel Heeza Liar's Waterloo
tt0006535,Colonel Heeza Liar  Hobo
tt0006536,The Colored American Winning His Suit
tt0006537,The Combat
tt0006538,The Come-Back
tt0006539,The Committee on Credentials
tt0006540,Common Ground
tt0006541,The Common Law
tt0006542,Como aquel día
tt0006543,The Conflict
tt0006544,Crooked Trails
tt0006545,Cooks vs. Chefs: The Phable of Olaf and Louie
tt0006546,A Corner in Water
tt0006547,The Cossack Whip
tt0006548,The Count
tt0006549,The Country That God Forgot
tt0006550,The Courtin' of Calliope Clew
tt0006551,The Cowpuncher's Peril
tt0006552,Cramps
tt0006553,A Creampuff Romance
tt0006554,The Crimson Stain Mystery
tt0006555,The Crimson Yoke
tt0006556,The Crippled Hand
tt0006557,The Crisis
tt0006558,The Crucial Test
tt0006559,Culpas ajenas
tt0006560,Curlew Corliss
tt0006561,The Cycle of Fate
tt0006562,The Danger Girl
tt0006563,Een danstragedie
tt0006564,Daphne and the Pirate
tt0006565,Daredevil Kate
tt0006566,The Daring of Diana
tt0006567,A Dash of Courage
tt0006568,A Daughter of the Gods
tt0006569,David Garrick
tt0006570,Davy Crockett
tt0006571,The Dawn Maker
tt0006572,The Dawn of Love
tt0006573,A Day at School
tt0006574,The Decoy
tt0006575,A Deep Sea Liar
tt0006576,Delinquent Bridegrooms
tt0006577,The Demon of Fear
tt0006578,The Desert Calls Its Own
tt0006579,The Desert
tt0006580,The Deserter
tt0006581,Desperation
tt0006582,Destiny
tt0006583,Destiny's Toy
tt0006584,The Destroyers
tt0006585,Deuda pagada
tt0006586,The Devil at His Elbow
tt0006587,The Devil's Bondwoman
tt0006588,The Devil's Double
tt0006589,The Devil's Needle
tt0006590,The Devil's Prize
tt0006591,Diamant
tt0006592,Diane of the Follies
tt0006593,Diana the Huntress
tt0006594,Dimples
tt0006595,Diplomacy
tt0006596,The Dividend
tt0006597,Doctor Neighbor
tt0006598,Doctoring a Leak
tt0006599,The Dog Pound
tt0006600,Mr. Doctor
tt0006601,Dollars and Sense
tt0006602,Dollars of Dross
tt0006603,Dolly's Scoop
tt0006604,Dough Nuts
tt0006605,The Dream Girl
tt0006606,Dreamy Dud Has a Laugh on the Boss
tt0006607,Dreamy Dud Joyriding with Princess Zlim
tt0006608,Dreamy Dud Lost at Sea
tt0006609,Dreamy Dud in the African War Zone
tt0006610,Dreamy Knights
tt0006611,Le droit à la vie
tt0006612,Drugged Waters
tt0006613,Ducking a Discord
tt0006614,The Dumb Girl of Portici
tt0006615,The Dupe
tt0006616,Duplicity
tt0006617,Kiss of Death
tt0006618,Each Pearl a Tear
tt0006620,The Eagle's Wings
tt0006621,East Lynne
tt0006622,Edison Bugg's Invention
tt0006623,Az egymillió fontos bankó
tt0006624,Die Ehe der Luise Rohrbach
tt0006625,Un ejemplo
tt0006626,Elnémult harangok
tt0006627,Elusive Isabel
tt0006628,Enchantment
tt0006629,The End of the Rainbow
tt0006630,The End of the Trail
tt0006631,An Enemy to the King
tt0006632,Enslingens hustru
tt0006633,Ernst ist das Leben
tt0006634,The First Patient
tt0006635,Es war einst ein Prinzesschen
tt0006636,Esther
tt0006637,The Eternal Grind
tt0006638,The Eternal Sappho
tt0006639,An Eventful Evening
tt0006640,The Evil Thereof
tt0006641,The Evil Women Do
tt0006642,The Extra Man and the Milk-Fed Lion
tt0006643,The Eye of God
tt0006644,Eye of the Night
tt0006645,The Medic
tt0006646,The Fable of Books Made to Balance
tt0006647,The Fable of Flora and Adolph and a Home Gone Wrong
tt0006648,The Fable of Handsome Jethro  Who Was Simply Cut Out to Be a Merchant
tt0006649,The Fable of How Wisenstein Did Not Lose Out to Buttinsky
tt0006650,The Fable of the Fearsome Feud Between the First Families
tt0006652,The Fable of the Grass Widow and the Mesmeree and the Six Dollars
tt0006654,The Fable of the Kittenish Super-Anns and the World-Weary Snipes
tt0006656,The Fable of the Slim Girl Who Tried to Keep a Date That Was Never Made
tt0006658,The Fable of the Throbbing Genius of a TankTown Who Was Encouraged by Her Folks Who Were Prominent
tt0006659,The Fable of the Two Philanthropic Sons
tt0006660,The Fable of the Undecided Brunette
tt0006661,The Face in the Mirror
tt0006662,Faith
tt0006663,Faith's Reward
tt0006664,The Fall of a Nation
tt0006665,The Village Rogue
tt0006666,The Wolf
tt0006667,Father Gets Into the Movies
tt0006668,Fatty and Mabel Adrift
tt0006669,The Fear Market
tt0006670,The Feast of Life
tt0006671,The Feathered Nest
tt0006672,Fehér éjszakák
tt0006673,The Black Rainbow
tt0006674,Felix on the Job
tt0006675,The Feud Girl
tt0006676,Fido's Fate
tt0006677,Fiesta de la flor en Zaragoza
tt0006678,Fiesta del árbol en Zaragoza
tt0006679,Fifty-Fifty
tt0006680,Fighting Blood
tt0006681,Fighting Joe
tt0006682,The Finer Metal
tt0006683,Fioritures
tt0006684,The Fireman
tt0006685,Fires of Conscience
tt0006686,$5  000 Reward
tt0006687,The Flirt
tt0006688,Flirting with Fate
tt0006689,The Floorwalker
tt0006690,Flor de otoño
tt0006691,The Flower of No Man's Land
tt0006692,The Flying Torpedo
tt0006694,The Fool's Revenge
tt0006695,For Ten Thousand Bucks
tt0006696,For the Defense
tt0006697,The Forgotten Prayer
tt0006698,Le fou de la falaise
tt0006699,The Foundling
tt0006700,The Fourth Estate
tt0006702,Frenzied Finance
tt0006703,Friday the 13th
tt0006704,From Broadway to a Throne
tt0006705,Fyrstindens skæbne
tt0006706,Fången på Karlstens fästning
tt0006707,The Tenor  Inc.
tt0006708,The Gamble
tt0006709,Under Suspicion
tt0006710,The Garden of Shadows
tt0006711,The Gates of Eden
tt0006712,The Gay Lord Waring
tt0006713,Les gaz mortels
tt0006714,The Mixed Ladies Chorus
tt0006715,Genie tegen geweld
tt0006716,The Gilded Cage
tt0006717,The Gilded Spider
tt0006718,The Girl from Frisco
tt0006719,The Girl Philippa
tt0006720,The Girl Who Didn't Tell
tt0006721,The Girl Who Feared Daylight
tt0006722,The Girl with the Green Eyes
tt0006723,The Girl in Lower 9
tt0006724,The Girl of Gold Gulch
tt0006725,The Girl of Lost Lake
tt0006726,Gloria's Romance
tt0006727,Gloriana
tt0006728,God's Country and the Woman
tt0006729,God's Crucible
tt0006730,God's Half Acre
tt0006731,Going Straight
tt0006732,Going West to Make Good
tt0006733,Gold and the Woman
tt0006734,The Golden Idiot
tt0006735,The Golden Thought
tt0006736,The Good Bad-Man
tt0006737,The Good Woman
tt0006738,The Grasp of Greed
tt0006739,The Great Pearl Tangle
tt0006740,The Great Problem
tt0006741,The Greater Woman
tt0006742,Green Stockings
tt0006743,The Green Swamp
tt0006744,The Green-Eyed Monster
tt0006745,Gretchen the Greenhorn
tt0006746,The Grip of Evil
tt0006747,The Grip of Jealousy
tt0006748,Guldspindeln
tt0006749,A Gutter Magdalene
tt0006750,Gypsy Joe
tt0006751,The Habit of Happiness
tt0006752,Half a Rogue
tt0006753,The Half-Breed
tt0006754,The Half Million Bribe
tt0006755,The Hand of Peril
tt0006756,Hans hustrus förflutna
tt0006757,Harmony in A Flat
tt0006758,The Haunted Manor
tt0006759,Haunts for Rent
tt0006760,The Havoc
tt0006761,Havsgamar
tt0006762,Haystacks and Steeples
tt0006763,Hazel Kirke
tt0006764,He Did and He Didn't
tt0006765,He Fell in Love with His Wife
tt0006766,He Who Gets Slapped
tt0006767,He Wrote a Book
tt0006768,The Head of the Family
tt0006769,Zlaté srdécko
tt0006770,The Heart of Nora Flynn
tt0006771,The Heart of Paula
tt0006772,The Heart of a Child
tt0006773,The Heart of a Hero
tt0006774,The Heart of a Mermaid
tt0006775,The Heart of the Hills
tt0006776,Hearts and Sparks
tt0006777,The Heir to the Hoorah
tt0006778,The Heiress at Coffee Dan's
tt0006779,Helen of the Chorus
tt0006780,Hell's Hinges
tt0006781,Hell-to-Pay Austin
tt0006782,Help!
tt0006783,Hennes Kungliga höghet
tt0006784,Her American Prince
tt0006785,Her Bitter Cup
tt0006787,Her Debt of Honor
tt0006788,Her Double Life
tt0006789,Her Father's Son
tt0006790,Her First Beau
tt0006791,Her Great Triumph
tt0006792,Her Husband's Honor
tt0006793,Her Husband's Wife
tt0006794,Her Marble Heart
tt0006795,The Heritage of Hate
tt0006796,The Hero
tt0006797,The Heroes
tt0006798,The Hidden Scar
tt0006799,Hired and Fired
tt0006800,His Auto Ruination
tt0006801,His Bitter Pill
tt0006802,His Blowout
tt0006803,His Bread and Butter
tt0006804,His Brother's Pal
tt0006805,His Busted Trust
tt0006806,His First False Step
tt0006807,His Hereafter
tt0006808,His Lying Heart
tt0006809,His Picture in the Papers
tt0006810,His Pride and Shame
tt0006811,His Rival
tt0006812,His Wife's Good Name
tt0006813,His Wife's Mistakes
tt0006815,His Wild Oats
tt0006816,His World of Darkness
tt0006817,Hist! At Six O'Clock
tt0006818,The Hock Shop
tt0006819,Hoffmanns Erzählungen
tt0006820,Homunculus  1. Teil
tt0006821,Hon segrade
tt0006822,Honor Thy Name
tt0006823,The Honor of Mary Blake
tt0006824,Honor's Altar
tt0006825,The Honorable Friend
tt0006826,Hoodoo Ann
tt0006827,Hop - The Devil's Brew
tt0006828,The House with the Golden Windows
tt0006829,Dom smerti
tt0006830,The House of Lies
tt0006831,Hulda from Holland
tt0006832,Hulda the Silent
tt0006833,Human Driftwood
tt0006834,Humanidad
tt0006835,Hungry Hearts
tt0006836,The Hunted Woman
tt0006837,The Huntress of Men
tt0006838,Husband and Wife
tt0006839,Husks of Love
tt0006840,Hypocrisy
tt0006841,Högsta vinsten
tt0006842,I elfte timmen
tt0006843,I minnenas band
tt0006844,Ice
tt0006845,El idiota de Sevilla
tt0006846,Idle Wives
tt0006847,If My Country Should Call
tt0006848,Im Angesicht des Toten
tt0006849,Immediate Lee
tt0006850,In His Own Trap
tt0006851,Days of Daring
tt0006852,In the Diplomatic Service
tt0006853,In the Heart of New York
tt0006854,In the Shadows
tt0006855,Inbad the Sailor
tt0006856,Inbad the Sailor Gets Into Deep Water
tt0006857,The Indestructible Hats
tt0006858,The Inner Struggle
tt0006859,The Innocence of Ruth
tt0006860,The Innocent Lie
tt0006861,An Innocent Magdalene
tt0006862,An International Marriage
tt0006863,Into the Primitive
tt0006864,Intolerance
tt0006865,The Intrigue
tt0006866,Iris
tt0006867,The Iron Claw
tt0006868,The Iron Hand
tt0006869,The Iron Mitt
tt0006870,The Iron Woman
tt0006871,Is Any Girl Safe?
tt0006872,The Island of Desire
tt0006873,The Island of Surprise
tt0006874,The Isle of Life
tt0006875,It Happened in Honolulu
tt0006876,It Happened in Pikesville
tt0006878,Jealous Jolts
tt0006879,Jealousy
tt0006880,Jeff's Toothache
tt0006881,Jim Grimsby's Boy
tt0006882,Jim Slocum No. 46393
tt0006883,John Needham's Double
tt0006884,Joy and the Dragon
tt0006885,Las joyas de la condesa
tt0006886,Judex
tt0006887,The Judge
tt0006888,Judgment of the Guilty
tt0006889,Judith of the Cumberlands
tt0006890,Jura de bandera
tt0006891,Just Like a Woman
tt0006892,Kampen om hans hjärta
tt0006893,The Karthauzer
tt0006894,Kennedy Square
tt0006895,King Lear
tt0006896,The King's Daughter
tt0006897,The King's Game
tt0006898,Kinkaid  Gambler
tt0006899,The Kiss of Hate
tt0006900,The Kiss
tt0006901,A Knight of the Range
tt0006902,Kärlek och journalistik
tt0006903,Victory of Love
tt0006904,Kärlekens irrfärder
tt0006905,A Kétszívü férfi
tt0006906,A Lady in the Library
tt0006907,Land o' Lizards
tt0006908,The Lash
tt0006909,A Lass of the Lumberlands
tt0006910,The Last Man
tt0006911,The Laugh of Scorn
tt0006912,Leben um Leben
tt0006913,Legal Advice
tt0006914,Less Than the Dust
tt0006915,Leutnant auf Befehl
tt0006916,Levensschaduwen
tt0006917,Liberty
tt0006918,Life Savers
tt0006919,Life's Blind Alley
tt0006920,Life's Harmony
tt0006921,Life's Shadows
tt0006922,The Light at Dusk
tt0006923,The Light of Happiness
tt0006924,Lillis erste Liebe
tt0006925,Lillo of the Sulu Seas
tt0006926,The Limousine Mystery
tt0006927,The Lion and the Girl
tt0006928,Little Eve Edgarton
tt0006929,The Little Fraud
tt0006930,Little Lady Eileen
tt0006931,The Little Liar
tt0006932,Little Mary Sunshine
tt0006933,Little Meena's Romance
tt0006934,Little Miss Happiness
tt0006935,Little Partner
tt0006936,La loca del monasterio
tt0006938,Lonesome Luke Leans to the Literary
tt0006939,Lonesome Luke Lolls in Luxury
tt0006940,Lonesome Luke  Circus King
tt0006941,The Lords of High Decision
tt0006942,The Lost Bridegroom
tt0006943,The Lottery Man
tt0006944,Lottes erste Liebe
tt0006945,The Love Comet
tt0006946,The Love Girl
tt0006947,The Love Mask
tt0006949,A Love Riot
tt0006950,The Love Thief
tt0006951,Love Will Conquer
tt0006952,Love and Duty
tt0006953,Love and Hate
tt0006955,Love's Crucible
tt0006956,Love's Lariat
tt0006957,Love's Masquerade
tt0006958,Lovely Mary
tt0006959,A Lover's Might
tt0006960,A Lucky Gold Piece
tt0006961,Luke Does the Midway
tt0006962,Luke Foils the Villain
tt0006963,Luke Joins the Navy
tt0006964,Luke Laughs Last
tt0006965,Luke Locates the Loot
tt0006966,Luke Lugs Luggage
tt0006967,Luke Pipes the Pippins
tt0006968,Luke Rides Roughshod
tt0006969,Luke and the Bang-Tails
tt0006970,Luke and the Bomb Throwers
tt0006971,Luke and the Mermaids
tt0006972,Luke and the Rural Roughnecks
tt0006973,Luke's Double
tt0006974,Luke's Fatal Flivver
tt0006975,Luke's Fireworks Fizzle
tt0006976,Luke's Late Lunchers
tt0006977,Luke's Lost Lamb
tt0006978,Luke's Movie Muddle
tt0006979,Luke's Newsie Knockout
tt0006980,Luke's Preparedness Preparations
tt0006981,Luke's Shattered Sleep
tt0006982,Luke's Society Mixup
tt0006983,Luke's Speedy Club Life
tt0006984,Luke's Washful Waiting
tt0006985,Luke  Crystal Gazer
tt0006986,Luke  Patient Provider
tt0006987,Luke  Rank Impersonator
tt0006988,Luke  the Candy Cut-Up
tt0006989,Luke  the Chauffeur
tt0006990,Luke  the Gladiator
tt0006991,The Yellow Streak
tt0006992,The Lure of Heart's Desire
tt0006993,Lyckonålen
tt0006994,Lying Lips
tt0006995,Macbeth
tt0006996,Macbeth
tt0006997,The Warrior
tt0006999,Madame Cubist
tt0007000,Madame la Presidente
tt0007001,Madame X
tt0007003,Madcap Ambrose
tt0007004,The Madcap
tt0007005,The Strength of the Fatherland
tt0007006,Maid Mad
tt0007007,A Maid to Order
tt0007008,The Mainspring
tt0007009,Majoor Frans
tt0007010,Maki állást vállal
tt0007011,The Making of Maddalena
tt0007012,Seven of Spades
tt0007013,Mammy's Rose
tt0007014,The Man from Bitter Roots
tt0007015,The Man Inside
tt0007016,The Man Who Bought London
tt0007017,The Man Who Stood Still
tt0007018,The Man Who Would Not Die
tt0007019,The Man with the Glass Eye
tt0007020,The Man Within
tt0007021,I Believe
tt0007022,Man and His Soul
tt0007023,The Man from Egypt
tt0007024,The Man from Manhattan
tt0007025,The Man from Nowhere
tt0007026,The Man in Motley
tt0007027,The Man in the Sombrero
tt0007028,A Man of Sorrow
tt0007029,A Man's Friend
tt0007030,The Manager of the B & A
tt0007031,Manhattan Madness
tt0007032,La mano
tt0007033,Manobras Navais Portuguesas
tt0007034,The Manxman
tt0007035,A Maori Maid's Love
tt0007036,The Marble Heart
tt0007037,Margy of the Foothills
tt0007038,Maria Rosa
tt0007039,The Mark of Cain
tt0007040,The Market of Vain Desire
tt0007041,The Marriage Bond
tt0007042,Marriage a la Carte
tt0007043,The Marriage of Molly-O
tt0007044,Married on the Wing
tt0007045,Martha's Vindication
tt0007046,The Masked Rider
tt0007047,The Matrimaniac
tt0007048,A Matrimonial Mixup
tt0007049,Max  the Heartbreaker
tt0007050,The Measure of a Man
tt0007051,The Mediator
tt0007052,Medicine Bend
tt0007054,Meg the Lady
tt0007055,La mejor venganza
tt0007056,The Men She Married
tt0007057,The Merchant of Venice
tt0007058,Merely Mary Ann
tt0007059,Mesék az írógépröl
tt0007060,Mice and Men
tt0007061,The Microscope Mystery
tt0007062,Milestones
tt0007063,The Mill-Owner's Daughter
tt0007064,Millers dokument
tt0007065,A Million a Minute
tt0007066,A Million for Mary
tt0007067,The Millionaire
tt0007068,Mind the Paint Girl
tt0007070,Ministerpresidenten
tt0007071,The Unattainable
tt0007073,The Mischief Maker
tt0007074,Miss George Washington
tt0007075,Miss Ledyia
tt0007076,Miss Nanny Goat Becomes an Aviator
tt0007077,Miss Nanny Goat on the Rampage
tt0007078,Miss Peasant
tt0007079,Miss Petticoats
tt0007080,A Mistake in Rustlers
tt0007081,Mistakes Will Happen
tt0007082,Mister 44
tt0007083,El misterio de una noche de verano o El enigma de una noche
tt0007084,A Mix-Up in Movies
tt0007085,Mixed Blood
tt0007086,A Modern Enoch Arden
tt0007087,A Modern Thelma
tt0007088,Molly Make-Believe
tt0007089,The Moment Before
tt0007090,The Moonshiners
tt0007091,The Moral Fabric
tt0007092,The Morals of Hilda
tt0007093,Mother Love
tt0007094,The Mother of Dartmoor
tt0007095,Mother's Guiding Hand
tt0007096,A Mother's Influence
tt0007097,Motherhood
tt0007098,A Movie Star
tt0007099,Mr. Goode  Samaritan
tt0007100,The Mutiny of the Bounty
tt0007101,Mutt and Jeff in the Submarine
tt0007102,Muñecos
tt0007103,My Country First
tt0007104,My Lady Incog.
tt0007105,My Lady's Slipper
tt0007106,My Partner
tt0007107,The Mysteries of Myra
tt0007108,The Mystery of the Leaping Fish
tt0007109,De mystiske z straaler
tt0007110,Mágnás Miska
tt0007111,A Night of Horror
tt0007112,A Nagymama
tt0007113,Naked Hearts
tt0007114,Nanette of the Wilds
tt0007115,The Narrow Path
tt0007116,Nattens barn
tt0007117,The Ne'er Do Well
tt0007118,Nearly a King
tt0007119,Nell Dale's Men Folks
tt0007120,The Net
tt0007121,Neutraal Nederland
tt0007122,Never Lie to Your Wife
tt0007123,A Nevetö Szaszkia
tt0007124,The New Clown
tt0007125,A Newlywed Phable
tt0007126,Nichtozhniye
tt0007127,The Nick of Time Baby
tt0007128,The Night Riders
tt0007129,The Ninety and Nine
tt0007130,The No-Good Guy
tt0007131,Nobody Home
tt0007132,Not My Sister
tt0007133,Notorious Gallagher; or  His Great Triumph
tt0007134,Notre pauvre coeur
tt0007135,The Now Cure
tt0007136,Nugget Jim's Pardner
tt0007137,Number One
tt0007139,The Oath of Hate
tt0007140,L'océan
tt0007141,Officer 666
tt0007142,Oliver Twist
tt0007143,On the Steps of the Altar
tt0007144,Na Varshavskom trakte
tt0007145,One A.M.
tt0007146,One Day
tt0007147,One Night
tt0007148,The Other Man
tt0007149,The Other Side of the Door
tt0007150,Out of the Drifts
tt0007151,Experiment No. 1
tt0007152,A Pair of Spectacles
tt0007153,A Parisian Romance
tt0007154,The Parson of Panamint
tt0007155,Pasa el Ideal
tt0007156,Pasquale
tt0007157,The Passing of Hell's Crown
tt0007158,The Passing of Pete
tt0007159,The Path of Happiness
tt0007160,The Patriot
tt0007161,Pawn of Fate
tt0007162,The Pawnshop
tt0007163,Paying the Price
tt0007164,The Payment
tt0007165,Pearl of the Army
tt0007167,Peggy
tt0007168,Die Peitsche
tt0007170,The People vs. John Doe
tt0007171,Perfido incanto
tt0007172,Perils of the Park
tt0007173,Perils of Our Girl Reporters
tt0007174,The Perils of Pork Pie
tt0007175,Las peripecias de Baby
tt0007176,Pero tu amor me redime
tt0007177,The Phable of the Phat Woman
tt0007178,The Phantom Buccaneer
tt0007179,Phantom Fortunes
tt0007180,The Phantom
tt0007181,Philip Holden - Waster
tt0007182,Picture Pirates
tt0007183,Queen of Spades
tt0007184,Pillars of Society
tt0007185,The Pillory
tt0007186,Pills of Peril
tt0007187,Pipe Dreams
tt0007188,The Place Beyond the Winds
tt0007189,Plain Jane
tt0007190,Playing with Fire
tt0007191,The Pleydell Mystery
tt0007192,The Plow Girl
tt0007193,A Big Guy
tt0007194,Police
tt0007195,The Police Dog Turns Nurse
tt0007196,Police Dog in the Park
tt0007197,Police Dog on the Wire
tt0007198,Politik och brott
tt0007199,Polly Put the Kettle On
tt0007200,The Pony Express Rider
tt0007201,The Pool of Flame
tt0007202,Poor Little Peppina
tt0007203,Por la vida del rey o El misterio de la corte de Suavia
tt0007204,Poultry à la Mode
tt0007205,Powder
tt0007206,The Power of Evil
tt0007207,The Precious Parcel
tt0007208,Prehistoric Poultry
tt0007209,The Price of Fame
tt0007210,The Price of Happiness
tt0007211,The Price of Malice
tt0007212,The Price of Power
tt0007213,The Price of Silence
tt0007214,The Pride and the Man
tt0007215,The Prima Donna's Husband
tt0007216,The Primal Lure
tt0007217,The Primitive Strain
tt0007218,The Prince Chap
tt0007219,A Prince in a Pawnshop
tt0007220,The Prince of Graustark
tt0007221,The Princess of Happy Chance
tt0007222,The Prodigal Daughter
tt0007223,Promoters
tt0007224,The Promoters
tt0007225,Prudence  the Pirate
tt0007226,Public Opinion
tt0007227,Pudd'nhead Wilson
tt0007228,Puppets
tt0007229,Purity
tt0007230,The Purple Lady
tt0007231,På detta numera vanliga sätt
tt0007232,Le périscope
tt0007233,The Quality of Faith
tt0007234,Koroleva ekrana
tt0007235,O Quim e o Manecas
tt0007236,The Quitter
tt0007237,Rabi lyubvi
tt0007238,Race Suicide
tt0007239,The Race
tt0007240,Homunculus  4. Teil - Die Rache des Homunculus
tt0007241,The Rack
tt0007242,The Ragamuffin
tt0007243,The Ragged Princess
tt0007244,The Raiders
tt0007245,The Raiders
tt0007246,The Rail Rider
tt0007247,The Rainbow Princess
tt0007248,Ramona
tt0007249,La razón social Castro y Ferrant
tt0007250,The Real Thing at Last
tt0007251,The Realization of a Negro's Ambition
tt0007252,The Reapers
tt0007253,Reckless Wrestlers
tt0007254,The Red Widow
tt0007255,Redeeming Love
tt0007256,Regeneración
tt0007257,Reggie Mixes In
tt0007258,Regreso de los exploradores que llevaron mensaje a mariano de Cavia
tt0007259,La reina joven
tt0007260,The Return of Draw Egan
tt0007261,The Revolt
tt0007262,The Reward of Patience
tt0007263,The Right to Be Happy
tt0007264,The Rink
tt0007265,The Rise of Susan
tt0007266,The River of Romance
tt0007267,The Road to Love
tt0007268,Roaring Camp
tt0007269,Rolling Stones
tt0007270,A Romance of Billy Goat Hill
tt0007271,Romeo and Juliet
tt0007272,Romeo and Juliet
tt0007273,Roping a Sweetheart
tt0007274,Rose of the South
tt0007275,Royal Blood
tt0007276,The Ruling Passion
tt0007277,The Rummy
tt0007278,Rupert of Hentzau
tt0007279,Rübezahls Hochzeit
tt0007280,Safety First Ambrose
tt0007281,The Salamander
tt0007282,The Saleslady
tt0007283,Sally in Our Alley
tt0007284,Salvation Joan
tt0007285,Sammie Johnsin Gets a Job
tt0007286,Sammie Johnsin Hunter
tt0007287,Sammie Johnsin in Mexico
tt0007288,Sammie Johnsin Magician
tt0007289,Sammie Johnsin Minds the Baby
tt0007290,Sammie Johnsin Slumbers Not
tt0007291,Sammie Johnsin Strong Man
tt0007292,Sammie Johnsin and His Wonderful Lamp
tt0007293,Sammie Johnsin at the Seaside
tt0007294,Sammie Johnsin's Love Affair
tt0007295,The Sand Lark
tt0007296,Sandy  Reformer
tt0007297,Sangre y arena
tt0007298,Saved by a Song
tt0007299,Saving the Family Name
tt0007300,Slander
tt0007301,The Scarlet Mark
tt0007302,The Scarlet Oath
tt0007303,The Scarlet Runner
tt0007304,The Scarlet Woman
tt0007305,Scars and Stripes Forever
tt0007306,The Scenario Bug
tt0007307,Der Schirm mit dem Schwan
tt0007308,The Scholar
tt0007309,Shoe Palace Pinkus
tt0007310,Der schwarze Moritz
tt0007311,A Sea Mystery
tt0007312,The Second Mrs. Tanqueray
tt0007313,The Secret Kingdom
tt0007314,Secret Love
tt0007315,The Secret Wire
tt0007316,Sfinxens Hemmelighed
tt0007317,The Secret of the Submarine
tt0007318,The Secret of the Swamp
tt0007319,El secreto de una madre
tt0007320,Los secretos del mar
tt0007321,The Seekers
tt0007322,The Selfish Woman
tt0007323,Seminary Scandal
tt0007324,Sequel to the Diamond from the Sky
tt0007325,The Serpent
tt0007326,Seventeen
tt0007327,The Severed Hand
tt0007328,Shadows and Sunshine
tt0007329,Shattered Nerves
tt0007330,She
tt0007331,She Loved a Sailor
tt0007332,She Won the Prize
tt0007333,The She-Devil
tt0007334,Shell 43
tt0007335,The Sheriff of Pine Mountain
tt0007336,The Sheriff's Blunder
tt0007337,The Sheriff's Duty
tt0007338,Sherlock Holmes
tt0007339,The Shielding Shadow
tt0007340,Shoes
tt0007341,Shooting Up the Movies
tt0007342,The Shop Girl
tt0007343,Shot in the Fracas
tt0007344,Snow Stuff
tt0007345,The Sign of the Poppy
tt0007346,The Silent Battle
tt0007347,The Silent Stranger
tt0007348,The Silken Spider
tt0007349,Silks and Satins
tt0007351,Sins of Her Parent
tt0007352,Sins of Men
tt0007353,A Sister of Six
tt0007355,The Ships That Meet
tt0007356,Skylight Sleep
tt0007358,The Slave Island
tt0007359,The Smouldering Flame
tt0007360,The Smugglers
tt0007361,Snow White
tt0007362,The Snowbird
tt0007363,The Social Buccaneer
tt0007364,A Social Cub
tt0007365,The Social Highwayman
tt0007366,A Social Outcast
tt0007367,The Social Secretary
tt0007368,Sold for Marriage
tt0007369,Some Duel
tt0007370,Some Liars
tt0007371,A Son of Neptune
tt0007372,The Son of a Rebel Chief
tt0007373,A Son of the Immortals
tt0007374,Sondis Kleine
tt0007375,The Sons of Satan
tt0007376,A Soul Enslaved
tt0007377,The Soul Market
tt0007378,The Sowers
tt0007379,Sowing the Wind
tt0007380,Spaghetti
tt0007381,The Spell of the Yukon
tt0007382,The Sphinx
tt0007383,The Spider and the Fly
tt0007384,The Spider's Web
tt0007385,The Spider
tt0007386,A Splash of Local Color
tt0007387,Sporting Blood
tt0007388,The Spy
tt0007389,Stampede in the Night
tt0007390,Starring in Western Stuff
tt0007391,Stein unter Steinen
tt0007392,The Stepping Stone
tt0007393,The Still Voice
tt0007394,The Sting of Victory
tt0007395,The Stolen Booking
tt0007396,Stolen Honors
tt0007397,The Stone Age
tt0007398,The Storm
tt0007399,The Straight Way
tt0007400,Stranded
tt0007401,The Strange Case of Mary Page
tt0007402,A Stranger from Somewhere
tt0007403,Streichhölzer  kauft Streichhölzer!
tt0007404,The Strength of the Weak
tt0007405,The Stronger Love
tt0007406,Sudden Riches
tt0007407,Szulamit
tt0007408,The Summer Girl
tt0007409,Sunshine
tt0007410,Sunshine Dad
tt0007411,The Supreme Sacrifice
tt0007412,The Supreme Temptation
tt0007413,The Surf Girl
tt0007414,Susan Rocks the Boat
tt0007415,Susie Snowflake
tt0007416,Susie  the Sleuth
tt0007417,The Suspect
tt0007418,Suzanne
tt0007419,Svartsjukans följder
tt0007420,Svärmor på vift
tt0007421,Sweet Kitty Bellairs
tt0007422,Das Tagebuch des Dr. Hart
tt0007423,Taking a Chance
tt0007424,Taking a Rest
tt0007425,The Taming of Grouchy Bill
tt0007426,Tangled Fates
tt0007427,Tangled Hearts
tt0007428,Tante Röschen will heiraten
tt0007429,The Tarantula
tt0007430,The Target
tt0007431,Tauromanías o La vocación de Rafael Arcos
tt0007432,Tauromaquias
tt0007433,Teddy at the Throttle
tt0007434,Temptation and the Man
tt0007435,Tennessee's Pardner
tt0007436,Tenorios modernos en Barcelona
tt0007437,A Terrible Tragedy
tt0007438,The Test
tt0007439,Thais
tt0007440,That Gal of Burke's
tt0007441,Their Anniversary
tt0007442,Their First
tt0007443,Their Honeymoon
tt0007444,Them Was the Happy Days!
tt0007445,Then I'll Come Back to You
tt0007446,Therese
tt0007447,The Third Party
tt0007448,Thirty Days
tt0007449,This Way Out
tt0007450,The Thoroughbred
tt0007451,Thou Shalt Not Covet
tt0007452,The Thousand-Dollar Husband
tt0007453,The Three Godfathers
tt0007454,The Three Musketeers
tt0007455,The Three Slims
tt0007456,The Three Wishes
tt0007457,Through the Wall
tt0007458,Thrown to the Lions
tt0007459,Tigre reale
tt0007461,To Another Woman
tt0007462,To Have and to Hold
tt0007463,Todo lo vence el amor
tt0007464,Tom Brown's Schooldays
tt0007465,Tom's Sacrifice
tt0007466,Tom's Strategy
tt0007467,The Tongues of Men
tt0007468,Too Many Chefs
tt0007469,The Tortured Heart
tt0007470,The Toyland Paper Chase
tt0007471,Tractores y Malacate o Feria agrícola de Almudébar
tt0007472,The Trail of Chance
tt0007473,The Trail of the Lonesome Pine
tt0007474,The Traveling Salesman
tt0007475,Trilby's Love Disaster
tt0007476,Triple Trouble
tt0007477,Trouble Enough!
tt0007478,The Truant Soul
tt0007479,Truthful Tulliver
tt0007480,The Try Out
tt0007481,Trägen vinner eller Calle som skådespelare
tt0007482,A Tugboat Romeo
tt0007483,The Turn of the Wheel
tt0007484,The Twin Triangle
tt0007485,The Twinkler
tt0007486,Twisted Trails
tt0007487,Two for Hire
tt0007488,Two Men of Sandy Bar
tt0007489,Ultus and the Grey Lady
tt0007490,Ultus 5: The Secret of the Night
tt0007491,Ultus  the Man from the Dead
tt0007492,Un mariage de raison
tt0007494,Und die Liebe siegt
tt0007495,Under Azure Skies
tt0007496,Under Cover
tt0007498,Under Two Flags
tt0007499,Undine
tt0007500,Unfriendly Fruit
tt0007501,Unheilbar
tt0007502,Unprotected
tt0007503,Der unsichtbare Mensch
tt0007504,The Unwelcome Mother
tt0007505,Ups and Downs
tt0007506,The Vagabond Prince
tt0007507,The Vagabond
tt0007508,The Valiants of Virginia
tt0007509,Vampire Ambrose
tt0007510,The Velvet Paw
tt0007511,Vengeance Is Mine!
tt0007512,Vera  the Medium
tt0007513,Vergödö szívek
tt0007514,Vice Versa
tt0007515,The Victim
tt0007516,The Victoria Cross
tt0007517,The Victory of Conscience
tt0007518,Christophe Colomb
tt0007519,La vida y la muerte
tt0007520,The Village Blacksmith
tt0007521,The Village Vampire
tt0007522,Vingarne
tt0007523,The Vital Question
tt0007524,The Vixen
tt0007525,The Voice of Love
tt0007526,Vultures of Society
tt0007527,Vägen utför
tt0007528,The Wager
tt0007529,The Waifs
tt0007530,The Waiters' Ball
tt0007531,The Wall Between
tt0007532,Wall Street
tt0007533,A Wall Street Tragedy
tt0007534,Das wandernde Licht
tt0007535,Wanted: A Home
tt0007536,Wanted: A Husband
tt0007537,Wanted: A Widow
tt0007538,The War Bride's Secret
tt0007539,War Brides
tt0007540,The Water Cure
tt0007541,Water Stuff
tt0007542,The Way of the Redman
tt0007543,The Way of the World
tt0007545,The Weakness of Man
tt0007546,The Weakness of Strength
tt0007547,Der Weg des Todes
tt0007548,Wege  die ins Dunkle führen
tt0007549,A Western Masquerade
tt0007550,The Wharf Rat
tt0007551,What Love Can Do
tt0007552,What Will People Say?
tt0007553,What's Sauce for the Goose
tt0007554,When Cupid Slipped
tt0007555,When Knights Were Bold
tt0007556,When Papa Died
tt0007557,When the Wolf Howls
tt0007558,Where Are My Children?
tt0007559,Where Love Leads
tt0007560,The Whirlpool of Destiny
tt0007561,The Whispered Name
tt0007562,Who Killed Joe Merrion?
tt0007563,Whom the Gods Destroy
tt0007564,Whoso Findeth a Wife
tt0007565,Whoso Is Without Sin
tt0007566,The Wicked City
tt0007567,Wife and Auto Trouble
tt0007568,A Wife at Bay
tt0007569,A Wife in a Hurry
tt0007570,A Wife's Sacrifice
tt0007571,A Wild Girl of the Sierras
tt0007572,Wings and Wheels
tt0007574,The Witch
tt0007575,Witchcraft
tt0007576,The Witching Hour
tt0007577,With a Life at Stake
tt0007579,The Woman in 47
tt0007580,The Woman in the Case
tt0007581,The Dagger Woman
tt0007582,A Woman's Daring
tt0007583,A Woman's Eyes
tt0007584,A Woman's Fight
tt0007585,The Woman's Law
tt0007586,A Woman's Way
tt0007587,The Wood Nymph
tt0007588,Working Out with Police Dog
tt0007589,The World Against Him
tt0007590,The World and the Woman
tt0007591,The World's Great Snare
tt0007592,The Worst of Friends
tt0007594,The Writing on the Wall
tt0007595,The Wrong Door
tt0007596,The Yaqui
tt0007597,The Years of the Locust
tt0007598,The Yellow Menace
tt0007599,The Yellow Passport
tt0007600,The Yellow Pawn
tt0007601,A Yoke of Gold
tt0007602,Get the Boy
tt0007603,Youth's Endearing Charm
tt0007604,Der zehnte Pavillon der Zitadelle
tt0007605,Zirkusblut
tt0007606,Zwischen halb 11 und 11
tt0007607,Zyte
tt0007608,Ålderdom och dårskap
tt0007609,A 44-Calibre Mystery
tt0007610,'49-'17
tt0007611,The Accomplice
tt0007612,The Adopted Son
tt0007613,The Adventurer
tt0007614,The Adventurer
tt0007616,An Alabaster Box
tt0007617,Aladdin and the Wonderful Lamp
tt0007618,Aladdin from Broadway
tt0007619,Aladdin's Other Lamp
tt0007620,Alexander den Store
tt0007621,Alias Mrs. Jessop
tt0007622,The Alien Blood
tt0007623,Alimony
tt0007624,All Aboard
tt0007625,All for a Husband
tt0007626,All Avenges Itself
tt0007627,Alma de sacrificio
tt0007628,Alma  Where Do You Live?
tt0007629,The Almost Good Man
tt0007630,An Amateur Orphan
tt0007631,The Amazons
tt0007632,American - That's All
tt0007633,The American Consul
tt0007634,The Secret of Lost Valley
tt0007635,The American Heiress
tt0007636,American Methods
tt0007637,An American Widow
tt0007638,El amor que huye
tt0007639,Andrey Kozhukhov
tt0007640,The Angel Factory
tt0007641,Angoisse
tt0007642,Annie-for-Spite
tt0007643,The Antics of Ann
tt0007644,Anything Once
tt0007645,The Apple-Tree Girl
tt0007646,El apóstol
tt0007647,Are Waitresses Safe?
tt0007649,The Argyle Case
tt0007650,Arms and the Girl
tt0007651,Art Aches
tt0007652,As Man Made Her
tt0007653,As Men Love
tt0007654,At First Sight
tt0007655,The Auction Block
tt0007656,The Auction of Virtue
tt0007657,Auld Lang Syne
tt0007658,Auld Robin Gray
tt0007659,Auto Intoxication
tt0007660,Avarice
tt0007661,The Avenging Trail
tt0007662,Aventuras de Jim Trot
tt0007663,Aventuras del Noi de Tona
tt0007664,The Awakening of Ruth
tt0007665,Bab the Fixer
tt0007666,Bab's Burglar
tt0007667,Bab's Diary
tt0007668,Bab's Matinee Idol
tt0007669,The Babes in the Woods
tt0007670,Babette
tt0007671,Baby Mine
tt0007672,Back of the Man
tt0007673,The Bad Boy
tt0007675,A Bad Little Good Man
tt0007677,The Bar Sinister
tt0007678,Barbary Sheep
tt0007679,Barberousse
tt0007680,Baree  Son of Kazan
tt0007681,Baroneßchen auf Strafurlaub
tt0007682,Barranca trágica
tt0007683,Barred from the Bar
tt0007684,The Barrier
tt0007685,Bartered Youth
tt0007686,Bashful
tt0007687,The Battling Bellboy
tt0007688,The Beautiful Impostor
tt0007689,Because of a Woman
tt0007690,A Bedroom Blunder
tt0007691,Behind the Map
tt0007692,Behind the Mask
tt0007693,The Bell Hops
tt0007694,Beloved Adventuress
tt0007695,Beloved Jim
tt0007696,The Betrayal of Maggie
tt0007697,Betrayed
tt0007698,Betsy Ross
tt0007699,Betsy's Burglar
tt0007700,Betty to the Rescue
tt0007701,Big Timber
tt0007702,Das Bildnis des Dorian Gray
tt0007704,The Birth of Patriotism
tt0007705,The Bitter Truth
tt0007706,Black Evidence
tt0007707,Blackmail
tt0007708,Blind Man's Luck
tt0007709,Bliss
tt0007710,Blood-Stained Russia
tt0007711,Blue Jeans
tt0007712,The Blue Streak
tt0007713,The Blouse King
tt0007714,The Boarding House
tt0007715,Bobby Bumps Adopts a Turtle
tt0007716,Bobby Bumps Daylight Camper
tt0007717,Bobby Bumps  Early Shopper
tt0007718,Bobby Bumps at Fido's Birthday Party
tt0007719,Bobby Bumps Outwits the Dogsnatcher
tt0007720,Bobby Bumps Starts for School
tt0007721,Bobby Bumps Submarine Chaser
tt0007722,Bobby Bumps Volunteers
tt0007723,Bobby Bumps in the Great Divide
tt0007724,Bobby Bumps' Amusement Park
tt0007725,Bobby Bumps' Fourth
tt0007726,Bobby Bumps' Tank
tt0007727,Bobby Bumps' World Serious
tt0007728,Bobby Bumps  Chef
tt0007729,Bobby Bumps  Office Boy
tt0007730,Bobby Bumps  Surf Rider
tt0007731,Bobby als Amor
tt0007732,A Bold  Bad Knight
tt0007733,Bombs and Bandits
tt0007734,The Bond Between
tt0007735,Bond of Fear
tt0007736,Bondage
tt0007737,The Book Agent
tt0007738,Boomer Bill Goes to Sea
tt0007739,Boomer Bill's Awakening
tt0007740,The Bottle Imp
tt0007741,The Bottom of the Well
tt0007742,Box Car Bill Falls in Luck
tt0007743,The Boy Girl
tt0007744,The Brand of Satan
tt0007745,Brand's Daughter
tt0007747,The Breaker
tt0007748,The Bride's Silence
tt0007749,Bringing Home Father
tt0007750,Broadway Arizona
tt0007751,Broadway Jones
tt0007752,The Broadway Sport
tt0007753,The Bronze Bride
tt0007754,Brottmålsdomaren
tt0007755,Bucking Broadway
tt0007756,Bucking the Tiger
tt0007757,Bungalowing
tt0007758,Bunked and Paid For
tt0007759,The Burglar
tt0007760,Burning the Candle
tt0007761,The Butcher Boy
tt0007762,The Butcher's Nightmare
tt0007763,By Right of Possession
tt0007764,By the Sad Sea Waves
tt0007765,Peace's Road
tt0007766,Cactus Nell
tt0007767,The Call of Her People
tt0007768,The Call of the East
tt0007769,Camille
tt0007770,Campeonato de Patinagem
tt0007771,Campeonato de Ténis nas Laranjeiras
tt0007772,Canning the Cannibal King
tt0007773,Captain Kiddo
tt0007774,Captain of the Gray Horse Troop
tt0007775,The Car of Chance
tt0007776,A Case at Law
tt0007777,The Case of Doctor Standing
tt0007778,Castles for Two
tt0007779,Catcher's Love
tt0007780,Caught in the End
tt0007781,The Chamber of Horrors
tt0007782,Chanson triste
tt0007783,Charity Castle
tt0007784,The Charmer
tt0007785,Chased Into Love
tt0007786,The Checkmate
tt0007787,Cheerful Givers
tt0007788,The Cheese Tamers
tt0007789,A Chemical Calamity
tt0007790,Chernaya lyubov
tt0007791,Cheyenne's Pal
tt0007792,A Child of the Wild
tt0007793,The Church and the Woman
tt0007794,Um Chá nas Nuvens
tt0007795,The Cinderella Man
tt0007796,Cipriano  bailarín a pesar suyo
tt0007797,A Circus Cyclone
tt0007798,The Circus of Life
tt0007799,The Clean Gun
tt0007800,The Clean-Up
tt0007801,Cleopatra
tt0007802,A Clever Dummy
tt0007803,The Climber
tt0007804,The Clock Struck One
tt0007805,The Clock
tt0007806,A Close Resemblance
tt0007807,The Cloud
tt0007808,Clover's Rebellion
tt0007809,Clubs Are Trump
tt0007810,The Co-respondent
tt0007811,The Cold Deck
tt0007812,Colonel Heeza Liar on the Jump
tt0007813,Colonel Heeza Liar's Temperance Lecture
tt0007814,Colonel Heeza Liar  Detective
tt0007815,Colonel Heeza Liar  Spy Dodger
tt0007816,Come Through
tt0007817,The Common Cause
tt0007818,Commuting
tt0007819,Coney Island
tt0007820,The Conqueror
tt0007821,The Corner Grocer
tt0007822,Corrida Automobilística ao Norte de Portugal
tt0007823,The Cost of Hatred
tt0007824,The Countess Charming
tt0007825,A Country Hero
tt0007826,The Courage of Silence
tt0007827,Cows and Caws
tt0007828,The Cricket
tt0007829,The Crimson Dove
tt0007831,Cupid by Proxy
tt0007832,The Cure
tt0007833,Damned Millions
tt0007834,The Dancer's Peril
tt0007835,Danger Trail
tt0007836,Dangers of a Bride
tt0007837,A Dark Room Secret
tt0007838,Darkest Russia
tt0007839,The Darling of Paris
tt0007840,Daughter of Destiny
tt0007841,A Daughter of the Poor
tt0007842,A Day in Camp
tt0007843,The Dazzling Miss Davison
tt0007844,The Debt
tt0007845,The Deemster
tt0007846,The Defeat of the City
tt0007847,The Dentist
tt0007848,The Derelict
tt0007849,The Desert Man
tt0007850,La déserteuse
tt0007851,The Desire of the Moth
tt0007852,Det finns inga gudar på jorden
tt0007853,Ein Detektiv-Duell
tt0007854,The Devil's Assistant
tt0007855,The Devil's Bait
tt0007856,The Devil's Pay Day
tt0007857,The Devil-Stone
tt0007858,Diamonds and Pearls
tt0007859,La dicha ajena
tt0007860,The Dipper
tt0007861,The Divorce Game
tt0007862,El doctor Rojo
tt0007863,Dodging His Doom
tt0007864,A Dog Catcher's Love
tt0007865,A Dog's Life
tt0007866,The Dog
tt0007867,A Doll's House
tt0007868,The Door Between
tt0007869,The Dormant Power
tt0007870,Double Crossed
tt0007871,The Double Room Mystery
tt0007872,The Double Standard
tt0007873,Down to Earth
tt0007874,Drama's Dreadful Deal
tt0007875,Dropped from the Clouds
tt0007876,Durand of the Bad Lands
tt0007877,Each to His Kind
tt0007878,The Easiest Way
tt0007879,Easy Money
tt0007880,Easy Street
tt0007881,The Edge of the Law
tt0007882,Efficiency Edgar's Courtship
tt0007883,Die Eheschule
tt0007884,Ehestiftung mit Hindernissen
tt0007885,The Empress
tt0007886,The Empty Gun
tt0007887,Empty Pockets
tt0007888,En defensa propia
tt0007889,En la sombra
tt0007890,En pos de la ilusión
tt0007891,The Enchanted Kiss
tt0007892,Enlighten Thy Daughter
tt0007893,Ensueños
tt0007894,Envar sin egen lyckas smed
tt0007895,Envy
tt0007896,Erblich belastet
tt0007897,Escalada do Zimbório da Estrela
tt0007898,Eternal Love
tt0007899,The Eternal Mother
tt0007900,The Eternal Sin
tt0007901,The Eternal Temptress
tt0007902,Even As You and I
tt0007903,An Even Break
tt0007904,Every Girl's Dream
tt0007905,The Evil Eye
tt0007907,Exile
tt0007908,Out of the Far East
tt0007909,The Eyes of the World
tt0007910,The Colonel
tt0007911,The Fable of All That Triangle Stuff As Sized Up by the Meal Ticket
tt0007912,The Fable of Prince Fortunatus  Who Moved Away from Easy Street  and Silas  the Saver  Who Moved In
tt0007913,The Fable of What Transpires After the Wind-Up
tt0007914,The Fable of What the Best People Are Not Doing
tt0007915,The Fable of the Back-Trackers from the Hot Sidewalks
tt0007916,The Fable of the Film Fed Family
tt0007917,The Fable of the Girl Who Took Notes and Got Wise and Then Fell Down
tt0007918,The Fable of the Speedy Sprite
tt0007919,The Fable of the Toilsome Ascent and the Shining Table Lamp
tt0007920,The Fable of the Twelve-Cylinder Speed of the Leisure Class
tt0007921,The Fable of the Uplifter and His Dandy Little Opus
tt0007922,The Fable of the Wandering Boy and the Wayward Parents
tt0007924,Face Value
tt0007925,Faint Heart and Fair Lady
tt0007926,The Fair Barbarian
tt0007927,The Fall of the Romanoffs
tt0007928,The False Friend
tt0007929,The Family Honor
tt0007930,Fanatics
tt0007931,The Man from Painted Post
tt0007932,The Fatal Ring
tt0007933,Faun
tt0007934,Die Faust des Riesen
tt0007935,Fear Not
tt0007936,Feet of Clay
tt0007937,The Fettered Woman
tt0007938,The Fibbers
tt0007939,The Field of Honor
tt0007940,Fighting for Love
tt0007941,A Rough Shod Fighter
tt0007942,The Fighting Gringo
tt0007943,Fighting Mad
tt0007944,Fighting Odds
tt0007945,The Fighting Trail
tt0007946,Filling His Own Shoes
tt0007947,The Final Fraud
tt0007948,The Final Payment
tt0007949,The Firefly of Tough Luck
tt0007950,Fires of Rebellion
tt0007951,Five Little Widows
tt0007952,The Flame of Youth
tt0007953,Flames
tt0007954,Flames of Treachery
tt0007955,The Flashlight
tt0007956,The Flirt
tt0007957,Flirting with Death
tt0007958,Peach Blossom
tt0007959,The Flower of Doom
tt0007960,Flying Colors
tt0007961,Follow the Girl
tt0007962,The Food Gamblers
tt0007963,The Foolish Virgin
tt0007964,Fools for Luck
tt0007965,For France
tt0007966,For Liberty
tt0007967,For Valour
tt0007968,Forbidden Paths
tt0007969,Forget-Me-Not
tt0007970,The Fortunes of Fifi
tt0007972,De forældreløse
tt0007973,A Four Cent Courtship
tt0007974,The Frame-Up
tt0007975,Freckles
tt0007976,Der Fremde
tt0007977,Der Friedensreiter
tt0007978,Frightened Flirts
tt0007979,The Fringe of Society
tt0007980,Fru Bonnets felsteg
tt0007981,The Fuel of Life
tt0007982,Fuerza y nobleza
tt0007983,Fear
tt0007984,Earth's Man
tt0007985,För hem och härd
tt0007986,The Suburban Vicar
tt0007987,A Game of Wits
tt0007988,The Garden of Allah
tt0007989,The Gates of Doom
tt0007990,The Gay Lord Quex
tt0007991,Die Geburt der Venus
tt0007992,Het geheim van Delft
tt0007993,Das Geheimnis der Briefmarke
tt0007994,Der geigende Tod
tt0007995,The Gentle Intruder
tt0007996,Das Geschäft
tt0007997,Getting the Evidence
tt0007998,The Ghost House
tt0007999,The Gift Girl
tt0008000,Gift o' Gab
tt0008001,The Girl God Made for Jones
tt0008002,A Girl Like That
tt0008003,The Girl Who Won Out
tt0008004,The Girl Without a Soul
tt0008005,The Girl and the Crisis
tt0008006,A Girl at Bay
tt0008007,The Girl at Home
tt0008008,The Girl by the Roadside
tt0008009,The Girl in the Checkered Coat
tt0008010,A Girl of the Timber Claims
tt0008011,A Girl's Folly
tt0008012,Gitana cañí
tt0008013,Gladys' Day Dreams
tt0008014,Gloria transita
tt0008015,Glory
tt0008016,The Glory of Yolanda
tt0008017,God's Law and Man's
tt0008018,God's Man
tt0008019,Goin' Straight
tt0008020,The Golden Bullet
tt0008021,The Golden Fetter
tt0008022,Golden Rule Kate
tt0008023,Das goldene Kalb
tt0008024,El golfo
tt0008025,The Good for Nothing
tt0008026,Gouden ketenen
tt0008027,Gratitud
tt0008028,The Gray Ghost
tt0008029,Great Expectations
tt0008030,The Great Hansom Cab Mystery
tt0008031,The Great Secret
tt0008032,The Greater Law
tt0008033,The Greatest Power
tt0008034,The Green Door
tt0008035,The Grit of a Jew
tt0008036,The Gun Fighter
tt0008037,Gólyakalifa
tt0008038,Hair-Trigger Burke
tt0008039,The Death-Bell
tt0008040,Hamlet
tt0008041,The Hand That Rocks the Cradle
tt0008042,Hands Up!
tt0008043,Hans Trutz im Schlaraffenland
tt0008044,Happiness
tt0008045,Happiness of Three Women
tt0008046,The Happy Warrior
tt0008047,Harrison és Barrison
tt0008048,Hash
tt0008049,Hashimura Togo
tt0008050,Hate
tt0008051,The Hater of Men
tt0008052,The Haunted House
tt0008053,The Haunted Pajamas
tt0008054,The Hawk
tt0008055,He Had 'em Buffaloed
tt0008056,He Tries His Hand at Hypnotism
tt0008057,He Winked and Won
tt0008058,Heart and Soul
tt0008059,The Heart of Ezra Greer
tt0008060,The Heart of Texas Ryan
tt0008061,The Heart of a Lion
tt0008062,Hearts and Saddles
tt0008063,Heart Strings
tt0008064,Heir of the Ages
tt0008065,Hell Morgan's Girl
tt0008066,Henry's Ancestors
tt0008067,Her Anniversaries
tt0008068,Her Better Self
tt0008069,Her Circus Knight
tt0008070,Her Condoned Sin
tt0008071,Her Country's Call
tt0008072,Her Fame and Shame
tt0008073,Her Fighting Chance
tt0008074,Her First Love
tt0008075,Her Fractured Voice
tt0008076,Her Greatest Love
tt0008077,Her Iron Will
tt0008078,Her Lesson
tt0008079,Her Nature Dance
tt0008080,Her Official Fathers
tt0008081,Her Right to Live
tt0008082,Her Silent Sacrifice
tt0008083,Her Soul's Inspiration
tt0008084,Her Strange Wedding
tt0008085,Her Temptation
tt0008086,Her Torpedoed Love
tt0008087,La herencia del diablo
tt0008088,The Hero of the Hour
tt0008089,The Hidden Children
tt0008090,The Hidden Hand
tt0008091,The Hidden Spring
tt0008092,The High Cost of Living
tt0008093,The High Cost of Starving
tt0008094,High Finance
tt0008095,The High Sign
tt0008096,High Speed
tt0008097,The Highway of Hope
tt0008098,La hija del mar
tt0008099,Hilde Warren und der Tod
tt0008100,A Trip to Mars
tt0008101,His Bogus Boast
tt0008102,His Curiosity
tt0008103,His Deadly Calm
tt0008104,Her Excellency  the Governor
tt0008105,His Fatal Beauty
tt0008106,His Father's Son
tt0008107,His Naughty Thought
tt0008108,His Perfect Day
tt0008109,His Precious Life
tt0008110,His Sweetheart
tt0008111,His Uncle Dudley
tt0008112,His Wedding Night
tt0008113,Hoch klingt das Lied vom U-Boot-Mann
tt0008114,Die Hochzeit im Excentricclub
tt0008115,Home Defense
tt0008116,The Honeymoon
tt0008117,The Honor System
tt0008118,The Honor of an Outlaw
tt0008119,The Hostage
tt0008120,A Hot Time in the Gym
tt0008121,Hotel Paradiso
tt0008122,The House Built Upon Sand
tt0008123,House of Cards
tt0008125,A Hungry Heart
tt0008126,The Hungry Heart
tt0008127,The Hunting of the Hawk
tt0008128,The Hypochondriacs
tt0008129,I Will Repay
tt0008130,In the Fetters of Darkness
tt0008131,The Iced Bullet
tt0008132,Ich heirate meine Puppe
tt0008133,The Immigrant
tt0008134,In Again  Out Again
tt0008135,In the Theatrical Business
tt0008136,Indiscreet Corinne
tt0008137,The Inner Shrine
tt0008138,The Innocent Sinner
tt0008139,The Interpreters
tt0008140,Intrigue
tt0008141,Invited Out
tt0008142,The Iron Ring
tt0008143,Jack and Jill
tt0008144,Jack and the Beanstalk
tt0008145,The Jaguar's Claws
tt0008146,The Janitors
tt0008147,A Jewel in Pawn
tt0008148,Jim Bludso
tt0008149,Jimmie Dale  Alias the Grey Seal
tt0008150,Joan the Woman
tt0008151,John Ermine of Yellowstone
tt0008152,Juan José
tt0008153,The Judgment House
tt0008154,Jungeldrottningens smycke
tt0008155,The Jury of Fate
tt0008156,Justice
tt0008157,A Kentucky Cinderella
tt0008158,Kick In
tt0008159,Kidnapped
tt0008160,The Kingdom of Love
tt0008161,Korol Parizha
tt0008162,The Bully
tt0008163,A Penny's History
tt0008164,The Charlatan
tt0008165,The Lad and the Lion
tt0008166,Lady Barnacle
tt0008167,The Lair of the Wolf
tt0008168,The Land of Long Shadows
tt0008169,The Land of Promise
tt0008170,The Lash of Power
tt0008171,The Last of the Carnabys
tt0008172,The Last of the Night Riders
tt0008173,The Late Lamented
tt0008174,Law of the Land
tt0008175,The Law of the North
tt0008176,Leoni Leo
tt0008177,Küzdelem a Létért
tt0008178,Lest We Forget
tt0008179,The Last Suit
tt0008180,Den levande mumien
tt0008181,La leyenda del cementerio
tt0008182,Die Liebe  sie war nur ein Traum
tt0008183,Life's Whirlpool
tt0008184,The Lifted Veil
tt0008185,The Light in Darkness
tt0008187,Like Wildfire
tt0008188,The Little American
tt0008189,The Little Duchess
tt0008190,Little Lost Sister
tt0008191,Little Miss Nobody
tt0008192,Little Miss Optimist
tt0008193,The Little Orphan
tt0008194,The Little Patriot
tt0008195,The Little Pirate
tt0008196,A Little Princess
tt0008198,The Little Shoes
tt0008199,The Little Terror
tt0008200,Lone Larry
tt0008201,The Lone Wolf
tt0008202,The Lonesome Chap
tt0008203,From Laramie to London
tt0008204,Lonesome Luke Loses Patients
tt0008205,Lonesome Luke on Tin Can Alley
tt0008206,Lonesome Luke's Honeymoon
tt0008207,Lonesome Luke's Lively Life
tt0008208,Lonesome Luke's Lovely Rifle
tt0008209,Lonesome Luke's Wild Women
tt0008210,Lonesome Luke  Lawyer
tt0008211,Lonesome Luke  Mechanic
tt0008212,Lonesome Luke  Messenger
tt0008213,Lonesome Luke  Plumber
tt0008214,The Long Trail
tt0008215,Lorelei of the Sea
tt0008216,The Lost Express
tt0008217,Lost and Won
tt0008218,Lost in Transit
tt0008219,Lost: A Cook
tt0008220,Love Aflame
tt0008221,The Love Doctor
tt0008222,Love Letters
tt0008223,Love Me  Love My Biscuits
tt0008224,A Love Sublime
tt0008225,Love's Law
tt0008226,Love  Laughs and Lather
tt0008227,The Luck That Jealousy Brought
tt0008228,Luke Wins Ye Ladye Faire
tt0008229,Luke's Busy Day
tt0008230,Luke's Lost Liberty
tt0008231,Luke's Trolley Troubles
tt0008232,Lulu
tt0008233,La luz  tríptico de la vida moderna
tt0008234,Löjtnant Galenpanna
tt0008235,Maciste atleta
tt0008236,Maciste medium
tt0008237,Maciste poliziotto
tt0008238,Maciste turista
tt0008239,The Mad Lover
tt0008240,Madame Bo-Peep
tt0008241,Madame Du Barry
tt0008242,Madame Pinkette & Co
tt0008243,Madcap Madge
tt0008244,Magda
tt0008245,Maggie's First False Step
tt0008246,Magic
tt0008247,The Magic Vest
tt0008248,The Magnificent Meddler
tt0008249,A Maid of Belgium
tt0008250,A Maiden's Trust
tt0008251,The Mainspring
tt0008252,Malombra
tt0008254,The Man Trap
tt0008255,The Man Who Forgot
tt0008256,The Man Who Made Good
tt0008257,The Man Who Took a Chance
tt0008258,The Man Who Was Afraid
tt0008259,The Man Without a Country
tt0008260,Man and Beast
tt0008261,A Man and the Woman
tt0008262,The Man from Montana
tt0008263,The Man of Mystery
tt0008264,Man's Fate
tt0008265,A Man's Law
tt0008266,A Man's Man
tt0008267,Man's Woman
tt0008268,La mano roja
tt0008269,The Marcellini Millions
tt0008270,Mariage d'amour
tt0008271,A Marked Man
tt0008272,The Marriage Market
tt0008273,Married in Name Only
tt0008274,Mary Jane's Pa
tt0008275,Mary Moreland
tt0008276,The Mask of Love
tt0008277,Masked Mirth
tt0008278,The Mate of the Sally Ann
tt0008279,The Torture of Silence
tt0008280,Maternity
tt0008281,Max Comes Across
tt0008282,Mayblossom
tt0008283,Me and M'Pal
tt0008284,Mefisto
tt0008285,Mellan liv och död
tt0008286,Melting Millions
tt0008287,Men of the Desert
tt0008288,The Message of the Mouse
tt0008289,Midinettes
tt0008290,The Midnight Man
tt0008291,Might and the Man
tt0008292,Miljonarvet
tt0008293,The Millionaire Vagrant
tt0008294,The Millionaire's Double
tt0008296,Mine of Missing Men
tt0008297,The Mirror
tt0008298,Miss Deception
tt0008299,Miss Jackie of the Army
tt0008300,Miss Jackie of the Navy
tt0008301,Miss Nanny Goat at the Circus
tt0008302,Miss Nobody
tt0008303,Miss Robinson Crusoe
tt0008304,Miss U.S.A.
tt0008305,Les Misérables
tt0008306,Miséricorde
tt0008307,A Modern Cinderella
tt0008308,A Modern Mother Goose
tt0008309,A Modern Musketeer
tt0008311,El monedero de Cipriano
tt0008312,Money Madness
tt0008313,Money Magic
tt0008314,The Money Mill
tt0008315,The Moral Code
tt0008316,Moral Courage
tt0008317,The More Excellent Way
tt0008318,More Truth Than Poetry
tt0008319,A Mormon Maid
tt0008320,The Mortal Sin
tt0008321,The Moth
tt0008323,The Mother Instinct
tt0008324,Mother Love and the Law
tt0008325,Mother o' Mine
tt0008327,A Mother's Ideal
tt0008328,A Mother's Ordeal
tt0008329,Mothers of Men
tt0008330,Mountain Dew
tt0008331,Move On
tt0008332,Mr. Dolan of New York
tt0008333,Mr. Opp
tt0008334,Mrs. Balfame
tt0008335,The Clever Mrs. Carfax
tt0008336,La muerte civil
tt0008337,Music Hath Charms
tt0008338,The Musical Marvel
tt0008339,A Mute Appeal
tt0008340,Mutiny
tt0008341,My Father
tt0008343,My Lady's Dress
tt0008344,My Little Boy
tt0008345,My Mother
tt0008346,My Unmarried Wife
tt0008347,Myself
tt0008348,Mysteriet natten till den 25:e
tt0008349,The Mysterious Miss Terry
tt0008350,The Mysterious Mr. Tiller
tt0008351,The Mysterious Mrs. Musslewhite
tt0008352,The Mysterious Outlaw
tt0008353,The Mystery Ship
tt0008354,The Mystery of No. 47
tt0008355,The Mystery of the Double Cross
tt0008356,De mystiske fodspor
tt0008357,The Mystic Hour
tt0008358,Mystère d'une vie
tt0008359,Mothers of France
tt0008360,Nabat
tt0008361,Nan of Music Mountain
tt0008362,The Narrow Trail
tt0008363,The Natural Law
tt0008364,Nearer My God to Thee
tt0008365,Nearly Married
tt0008366,The Neglected Wife
tt0008367,New York Luck
tt0008368,The New York Peacock
tt0008369,Nina  the Flower Girl
tt0008370,North of Fifty-Three
tt0008371,The New Mission of Judex
tt0008372,Nuts in May
tt0008373,O-My the Tent Mover
tt0008374,Az obsitos
tt0008375,La obsesión de Periquito
tt0008376,Obsession
tt0008377,Oh Doctor!
tt0008378,Oh! U-Boat
tt0008379,An Old Fashioned Young Man
tt0008380,An Old Soldier's Romance
tt0008381,On Dangerous Ground
tt0008382,On Record
tt0008383,On Trial
tt0008384,On the Level
tt0008386,The On-the-Square Girl
tt0008387,One Hour
tt0008388,One Law for Both
tt0008389,One Touch of Nature
tt0008390,One Touch of Sin
tt0008391,One of Many
tt0008392,Open Places
tt0008393,Oriental Love
tt0008394,Ossi's Diary
tt0008395,Father Sergius
tt0008396,Our Little Wife
tt0008397,Out of the Bag
tt0008398,Out of the Wreck
tt0008399,The Outlaw and the Lady
tt0008400,Outwitted
tt0008401,Over the Fence
tt0008402,Paddy O'Hara
tt0008403,The Page Mystery
tt0008404,The Painted Lie
tt0008405,The Painted Madonna
tt0008406,Panthea
tt0008407,Paradise Garden
tt0008408,Paradisfågeln
tt0008409,Le passé de Monique
tt0008410,Inherited Passions
tt0008411,Patria
tt0008412,The Patriot
tt0008413,Patsy
tt0008414,The Pawnbroker's Heart
tt0008415,Paws of the Bear
tt0008416,Peace on Earth
tt0008417,Pay Me!
tt0008418,The Peddler
tt0008419,Peggy Leads the Way
tt0008420,Peggy  the Will O' the Wisp
tt0008421,Pension Trudchen
tt0008422,Perils of the West
tt0008423,Periwinkle
tt0008424,Pero el amor venció
tt0008425,Persuasive Peggy
tt0008426,The Pest
tt0008427,A Phantom Husband
tt0008428,The Phantom Shotgun
tt0008429,The Phantom's Secret
tt0008430,Pidgin Island
tt0008431,The Pied Piper of Hamelin
tt0008432,Pinched
tt0008433,Pinched in the Finish
tt0008434,Pioneer Days
tt0008435,The Piper's Price
tt0008436,A Pit-boy's Romance
tt0008437,The Planter
tt0008438,Please Help Emily
tt0008439,The Plow Woman
tt0008440,Polly Ann
tt0008441,Polly Redhead
tt0008442,Polly of the Circus
tt0008443,The Poor Little Rich Girl
tt0008444,Poppy
tt0008445,Pots-and-Pans Peggy
tt0008446,Pour épouser Gaby
tt0008447,Pratas Conquistador
tt0008448,Preparedness
tt0008449,The Price Mark
tt0008450,The Price She Paid
tt0008451,The Price of Her Soul
tt0008452,The Price of Pride
tt0008453,The Price of Silence
tt0008454,The Price of a Good Time
tt0008455,Pride
tt0008456,Pride and the Man
tt0008457,The Pride of New York
tt0008458,The Pride of the Clan
tt0008459,The Primitive Call
tt0008460,The Primrose Ring
tt0008461,Princess Virtue
tt0008462,Princess of the Dark
tt0008463,The Princess of Park Row
tt0008464,The Princess of Patches
tt0008466,The Princess' Necklace
tt0008467,The Prison Without Walls
tt0008468,The Promise
tt0008469,The Prospectors
tt0008470,El protegido de Satán
tt0008471,Public Be Damned
tt0008472,Public Defender
tt0008473,Public Prosecutor
tt0008474,The Pullman Bride
tt0008475,The Pulse of Life
tt0008476,The Purple Mask
tt0008477,The Purple Scar
tt0008478,Putting the Bee in Herbert
tt0008479,Quacky Doodles Sings the Pledge
tt0008480,Quacky Doodles Soldiering for Fair
tt0008481,Quacky Doodles the Cheater
tt0008482,Quacky Doodles the Early Bird
tt0008483,Quacky Doodles' Food Crisis
tt0008484,Quacky Doodles' Picnic
tt0008485,Queen X
tt0008486,The Question
tt0008487,Die Rache der Toten
tt0008488,Rache des Gefallenen
tt0008489,Raffles  the Amateur Cracksman
tt0008490,The Raggedy Queen
tt0008491,The Railroad Raiders
tt0008492,The Rainbow Girl
tt0008493,Rainbow Island
tt0008494,The Rainbow
tt0008495,The Range Boss
tt0008496,Rasputin  the Black Monk
tt0008497,Rauschgold
tt0008498,Reaching for the Moon
tt0008499,Rebecca of Sunnybrook Farm
tt0008500,A Reckless Romeo
tt0008501,The Recoil
tt0008502,The Red Ace
tt0008504,Red  White and Blue Blood
tt0008505,The Reed Case
tt0008506,The Rejuvenator
tt0008507,The Renaissance at Charleroi
tt0008508,The Rescue
tt0008510,Revelj
tt0008511,Revenge Is Sweet
tt0008512,The Reward of the Faithless
tt0008513,A Rich Man's Plaything
tt0008514,Richard the Brazen
tt0008515,Der Ring der Giuditta Foscari
tt0008516,Der Ring des Todes
tt0008517,The Rise of Jenny Cushing
tt0008518,A Roman Cowboy
tt0008519,A Romance of the Redwoods
tt0008520,Roping Her Romeo
tt0008521,The Rose of Blood
tt0008522,Rosie O'Grady
tt0008523,The Rough House
tt0008524,A Royal Romance
tt0008525,Rubbing It In
tt0008526,Runaway Romany
tt0008527,Das Rätsel von Bangalor
tt0008528,A Régiséggyüjtö
tt0008529,Sacrifice
tt0008530,The Saddle Girth
tt0008531,Safety First
tt0008532,The Saint's Adventure
tt0008533,The Saintly Sinner
tt0008534,Los saltimbanquis
tt0008535,Sapho
tt0008536,Satan Triumphant
tt0008537,Satan's Private Door
tt0008538,The Savage
tt0008539,The Sawdust Ring
tt0008540,Scandal
tt0008541,The Scarlet Car
tt0008542,The Scarlet Crystal
tt0008543,The Scarlet Letter
tt0008544,The Scarlet Pimpernel
tt0008545,Scepter of Suspicion
tt0008546,A School for Husbands
tt0008547,The Scrapper
tt0008548,The Scrub Lady
tt0008549,The Sea Master
tt0008550,The Secret Game
tt0008551,The Secret Man
tt0008552,The Secret of Black Mountain
tt0008553,The Secret of Eve
tt0008554,The Secret of the Storm Country
tt0008555,Secrets of a Beauty Parlor
tt0008556,Die Seeschlacht
tt0008557,A Self-Made Widow
tt0008558,Nobody's Son
tt0008559,Edged Tools
tt0008560,Seven Deadly Sins
tt0008561,Seven Keys to Baldpate
tt0008562,The Seven Pearls
tt0008563,The Seven Swans
tt0008564,Shadowing Henry
tt0008565,She
tt0008566,She Needed a Doctor
tt0008567,Shirley Kaye
tt0008568,The Show Down
tt0008569,The Silent Lady
tt0008570,The Silent Lie
tt0008571,The Silent Man
tt0008572,The Silent Master
tt0008573,The Silent Partner
tt0008574,Silnyi chelovek
tt0008575,Sin egen slav
tt0008576,El sino manda
tt0008577,Sins of Ambition
tt0008578,The Siren
tt0008579,Sirens of the Sea
tt0008580,Sister Against Sister
tt0008581,Six Cylinder Love
tt0008582,Six-Shooter Justice
tt0008583,The Sixteenth Wife
tt0008584,Skidding Hearts
tt0008585,Skinner's Baby
tt0008586,Skinner's Bubble
tt0008587,Skinner's Dress Suit
tt0008588,Skuggan av ett brott
tt0008589,The Slacker's Heart
tt0008590,The Slacker
tt0008591,The Slave
tt0008592,Sleeping Fires
tt0008593,The Small Town Girl
tt0008594,Smith
tt0008595,Snap Judgment
tt0008596,The Social Leper
tt0008597,Society's Driftwood
tt0008598,A Soft Tenderfoot
tt0008599,Une soirée mondaine
tt0008600,Sold at Auction
tt0008601,La sombra del polaco
tt0008602,Some Boy
tt0008603,The Son of His Father
tt0008604,A Son of the Hills
tt0008605,The Soul Herder
tt0008606,The Soul of a Magdalen
tt0008607,Souls Adrift
tt0008608,Souls Triumphant
tt0008609,Souls in Pawn
tt0008610,Southern Justice
tt0008611,Southern Pride
tt0008612,Sowers and Reapers
tt0008613,La soñadora
tt0008614,Speed
tt0008615,Sphynx
tt0008616,The Spindle of Life
tt0008617,Die Spinne
tt0008618,The Spirit of Lafayette
tt0008619,Das Spitzentuch der Fürstin Wolkowska
tt0008620,Spliced and Iced
tt0008621,The Spotted Lily
tt0008622,The Spreading Dawn
tt0008623,The Square Deal Man
tt0008624,A Square Deal
tt0008625,The Square Deceiver
tt0008626,The Squaw Man's Son
tt0008627,Stars and Bars
tt0008628,Step Lively
tt0008629,The Stolen Paradise
tt0008630,The Stolen Play
tt0008631,The Stolen Treaty
tt0008632,Stop! Luke! Listen!
tt0008633,A Stormy Knight
tt0008634,Straight Shooting
tt0008635,The Streets of Illusion
tt0008636,A Studio Stampede
tt0008637,The Submarine Chasers
tt0008638,The Submarine Eye
tt0008639,The Sultan's Wife
tt0008640,Sunlight's Last Raid
tt0008641,Sunny Jane
tt0008642,The Sunset Trail
tt0008643,A Sunset
tt0008644,Sunshine and Gold
tt0008645,Susan's Gentleman
tt0008646,Susie of the Follies
tt0008647,Susie the Sleepwalker
tt0008648,Susie's Scheme
tt0008649,Swearing Off
tt0008650,St. Peter's Umbrella
tt0008651,Secret of St. Job Forest
tt0008652,A Tale of Two Cities
tt0008653,A Tale of Two Nations
tt0008654,El talismán
tt0008655,Taming Target Center
tt0008656,Tangled Lives
tt0008657,Tatárjárás
tt0008658,Tavasz a télben
tt0008659,Tears and Smiles
tt0008660,The Tell-Tale Step
tt0008661,Teni liubvi
tt0008662,Tepeyac
tt0008663,A Man There Was
tt0008664,The Terror
tt0008665,The Texas Sphinx
tt0008666,Thais
tt0008667,That Night
tt0008668,Their Compact
tt0008669,Think It Over
tt0008670,Thirst
tt0008671,This Is the Life
tt0008672,Wanted - A Film Actress
tt0008673,Those Without Sin
tt0008674,Thou Shalt Not Steal
tt0008675,Threads of Fate
tt0008676,The Tides of Barnegat
tt0008677,The Tiger Woman
tt0008678,The Tigress
tt0008679,Tillie Wakes Up
tt0008680,Tillie of the Nine Lives
tt0008681,Time Locks and Diamonds
tt0008682,To Honor and Obey
tt0008683,To the Death
tt0008684,To the Highest Bidder
tt0008685,Told at Twilight
tt0008686,Tom Jones
tt0008687,Tom Sawyer
tt0008688,Tom and Jerry
tt0008689,Too Much Henry
tt0008690,The Tornado
tt0008691,El toro fenómeno
tt0008692,The Trail of Hate
tt0008693,Transgression
tt0008694,Treason
tt0008695,Las tribulaciones de Querubín
tt0008696,A Trip Through China
tt0008697,Triste crepúsculo
tt0008698,Triumph
tt0008699,A Trooper of Troop K
tt0008701,The Trouble Buster
tt0008702,Trouble Makers
tt0008704,True Love and Fake Money
tt0008705,Tsvety zapozdalye
tt0008706,Twin Kiddies
tt0008707,Two Crooks
tt0008708,Two Little Imps
tt0008709,Two Men and a Woman
tt0008710,The Girl from the Marsh Croft
tt0008711,Ulbo Garvema
tt0008712,Ultus and the Three-Button Mystery
tt0008714,Unconquered
tt0008715,Under False Colors
tt0008716,Under Handicap
tt0008717,The Undying Flame
tt0008718,Uneasy Money
tt0008719,Unge hjerter
tt0008720,Unknown 274
tt0008721,Das unruhige Hotel
tt0008722,The Untamed
tt0008723,Until They Get Me
tt0008724,The Upper Crust
tt0008725,The Last Dawn
tt0008726,The Valentine Girl
tt0008727,The Varmint
tt0008728,Vaya remojón
tt0008729,Vem sköt?
tt0008730,Vengeance - and the Woman
tt0008731,Vengeance of the Dead
tt0008732,Venus Victrix
tt0008733,La verdad
tt0008734,Das Verhängnis der schönen Susi
tt0008735,The Vicar of Wakefield
tt0008736,The Victim
tt0008737,Victoria
tt0008738,Villa of the Movies
tt0008739,Vindicator
tt0008740,En vinternat
tt0008741,The Voice of Conscience
tt0008742,The Voice on the Wire
tt0008743,The Volunteer
tt0008744,Värdshusets hemlighet
tt0008745,The Red Samson
tt0008746,The Waiting Soul
tt0008747,War Prides
tt0008748,War and the Woman
tt0008749,The War of the Tongs
tt0008750,The Warfare of the Flesh
tt0008752,We Never Sleep
tt0008753,The Weavers of Life
tt0008754,The Web of Desire
tt0008755,Webb Singing Pictures
tt0008756,Wee Lady Betty
tt0008757,Wenn Frauen lieben und hassen
tt0008758,Wenn Tote sprechen
tt0008759,When Four Do the Same
tt0008760,When Baby Forgot
tt0008761,When Ben Bolted
tt0008762,When False Tongues Speak
tt0008763,When a Man Sees Red
tt0008764,The Whip
tt0008765,The White Raven
tt0008766,Who Goes There?
tt0008767,Who Is Number One?
tt0008768,Who Was the Other Man?
tt0008769,Who's Looney Now?
tt0008770,Who's Your Neighbor?
tt0008771,Why Henry Left Home
tt0008772,Wife Number Two
tt0008773,A Wife on Trial
tt0008774,A Wife's Folly
tt0008775,Wild and Woolly
tt0008776,The Window Dresser's Dream
tt0008777,The Winged Mystery
tt0008778,The Winning Punch
tt0008779,The Winning of Sally Temple
tt0008780,The Wishbone
tt0008781,Within the Law
tt0008782,Wits and Fits
tt0008783,Wolf Lowry
tt0008784,The Wolf and His Mate
tt0008785,A Woman Alone
tt0008786,The Woman God Forgot
tt0008787,Womanhood  the Glory of the Nation
tt0008789,Wooden Shoes
tt0008790,The World Apart
tt0008791,Wrath
tt0008792,Wrath of Love
tt0008793,The Wrong Man
tt0008794,Yankee Pluck
tt0008795,The Yankee Way
tt0008796,The Yellow Bullet
tt0008797,Young Mother Hubbard
tt0008798,Your Obedient Servant
tt0008799,Youth
tt0008800,Za schastem
tt0008801,Zhizn trekh dney
tt0008802,Zollenstein
tt0008803,The Zone of Death
tt0008804,Master Zoard
tt0008805,¿Quién me hará olvidar sin morir?
tt0008806,Jean the Tenant
tt0008807,The Last Indian Attack
tt0008808,$5  000 Reward
tt0008809,'Tis Tough to Be Tender
tt0008810,99
tt0008811,A.W.O.L.
tt0008812,The Accident Attorney
tt0008813,The Accidental Honeymoon
tt0008814,Ace High
tt0008815,An Ace and a Joker
tt0008816,Adam Bede
tt0008817,The Adventure Shop
tt0008819,The Agonies of Agnes
tt0008820,Algie's Romance
tt0008821,Ali Baba and the Forty Thieves
tt0008822,All Night
tt0008823,All Woman
tt0008824,All the World to Nothing
tt0008825,Sacrifice
tt0008826,Alraune
tt0008827,Amarilly of Clothes-Line Alley
tt0008828,America's Answer
tt0008829,American Buds
tt0008831,Amerikaansche meisjes
tt0008832,Among the Cannibal Isles of the South Pacific
tt0008833,Amor parricida
tt0008834,André Cornélis
tt0008835,Ann's Finish
tt0008836,Anna Karenina
tt0008837,Annexing Bill
tt0008838,The Answer
tt0008840,El apache de Londres
tt0008841,Aphrodite
tt0008842,Appearance of Evil
tt0008843,Man of Gold
tt0008844,Are Crooks Dishonest?
tt0008845,Arizona
tt0008846,Around the World in Nine Minutes
tt0008847,The Art Bug
tt0008848,Cupid's Rival
tt0008849,Ashes of Love
tt0008850,At the Front
tt0008851,At the Mercy of Men
tt0008852,The Atom
tt0008853,Au paradis des enfants
tt0008854,The Eyes of the Mummy
tt0008855,El aventurero misterioso
tt0008856,Los aventureros del crimen
tt0008857,The Awakening
tt0008858,A Bachelor's Children
tt0008859,Back to the Balkans
tt0008860,Back to the Woods
tt0008861,Back to the Woods
tt0008862,Bajada del ángel en Tudela
tt0008863,The Battle Royal
tt0008864,Battling Jane
tt0008865,Beans
tt0008866,Bears and Bad Men
tt0008867,Beat It
tt0008869,Beauty and the Rogue
tt0008870,Beauty in Chains
tt0008871,Bees in His Bonnet
tt0008872,Before and After Taking
tt0008873,Believe Me  Xantippe
tt0008874,The Bell Boy
tt0008875,The Bells
tt0008876,The Beloved Blackmailer
tt0008877,The Beloved Rogue
tt0008878,The Beloved Traitor
tt0008879,The Outlaw and His Wife
tt0008880,The Better Half
tt0008881,Betty Wakes Up
tt0008882,Betty Takes a Hand
tt0008883,Beware of Strangers
tt0008884,The Big Idea
tt0008885,The Biggest Show on Earth
tt0008886,The Bird of Prey
tt0008887,Blackie's Redemption
tt0008888,Die blaue Laterne
tt0008889,The Blind Adventure
tt0008890,The Blindness of Divorce
tt0008891,The Blue Bird
tt0008892,'Blue Blazes' Rawden
tt0008893,Blue-Eyed Mary
tt0008894,Bobby Bumps Becomes an Ace
tt0008895,Bobby Bumps Caught in the Jamb
tt0008896,Bobby Bumps Films a Fire
tt0008897,Bobby Bumps' Incubator
tt0008898,Bobby Bumps Out West
tt0008899,Bobby Bumps Puts a Beanery on the Bum
tt0008900,Bobby Bumps and the Speckled Death
tt0008901,Bobby Bumps at the Dentist
tt0008902,Bobby Bumps in Before and After
tt0008903,Bobby Bumps on the Doughnut Trail
tt0008904,Bobby Bumps on the Road
tt0008905,Bobby Bumps' Disappearing Gun
tt0008906,Bobby Bumps' Fight
tt0008907,The Bond
tt0008908,The Bonds That Tie
tt0008909,Bonnie Annie Laurie
tt0008910,The Border Legion
tt0008911,Border Raiders
tt0008912,The Border Wireless
tt0008913,Borrowed Clothes
tt0008914,Bosquejo cinematográfico
tt0008915,Bound in Morocco
tt0008916,Boundary House
tt0008917,Brace Up
tt0008918,Branding Broadway
tt0008919,The Brass Bullet
tt0008920,The Brass Check
tt0008921,Brave and Bold
tt0008922,The Bravest Way
tt0008923,Bread
tt0008924,Breakers Ahead
tt0008925,Bride and Gloom
tt0008926,The Bride of Fear
tt0008927,The Bride's Awakening
tt0008929,Broadway Bill
tt0008930,Broadway Love
tt0008931,A Broadway Scandal
tt0008932,Brown of Harvard
tt0008933,Die Brüder Karamasoff
tt0008934,Buchanan's Wife
tt0008935,The Bull's Eye
tt0008936,A Bullet for Berlin
tt0008937,Bulling the Bolshevik
tt0008938,Bums and Boarders
tt0008939,The Burden of Proof
tt0008940,The Burglar Alarm
tt0008941,A Burglar for a Night
tt0008942,The Business of Life
tt0008943,The Cabaret Girl
tt0008944,The Caillaux Case
tt0008945,A Camouflage Kiss
tt0008946,The Captain's Captain
tt0008947,Captain Fracasse
tt0008950,Carmen
tt0008951,Carmen of the Klondike
tt0008952,Casanova
tt0008953,Caught in the Act
tt0008954,The Cavell Case
tt0008955,Cecilia of the Pink Roses
tt0008956,Cheating the Public
tt0008957,The Chief Cook
tt0008959,A Christmas Fantasy
tt0008960,Chumps and Cops
tt0008961,The City Slicker
tt0008962,The City of Dim Faces
tt0008963,The City of Purple Dreams
tt0008964,The City of Tears
tt0008965,The Claim
tt0008966,The Claw
tt0008967,The Claws of the Hun
tt0008969,The Clutch of Circumstance
tt0008970,Codicia
tt0008971,Colomba
tt0008973,Come on In
tt0008974,Confession
tt0008975,The Cook
tt0008976,A Coorial on the Orinoco
tt0008977,La cortina verde
tt0008978,The Craving
tt0008979,Nye dlya deneg radivshisya
tt0008980,The Cross Bearer
tt0008981,The Cruise of the Make-Believes
tt0008982,Soldiers of the Emperor
tt0008983,The Ugly Boy
tt0008984,Cupid Angling
tt0008985,Cupid's Roundup
tt0008986,The Curse of Iku
tt0008987,Cyclone Higgins  D.D.
tt0008988,A Dam Catastrophe
tt0008989,Dame Nature's Love
tt0008990,The Danger Game
tt0008991,The Danger Mark
tt0008992,Danger Within
tt0008993,Danger  Go Slow
tt0008994,A Daughter of France
tt0008995,A Daughter of Uncle Sam
tt0008996,A Daughter of the Old South
tt0008997,The Dawn of Understanding
tt0008998,De Luxe Annie
tt0008999,The Death Dance
tt0009000,The Debt of Honor
tt0009001,The Deciding Kiss
tt0009002,The Decoy
tt0009004,The Demon
tt0009005,Desert Law
tt0009006,Deuce Duncan
tt0009007,The Devil Dodger
tt0009010,The Devil's Wheel
tt0009011,The Story of Dida Ibsen
tt0009012,A Diplomatic Mission
tt0009013,The Divine Sacrifice
tt0009014,The Tenth Symphony
tt0009015,Do You Love Your Wife?
tt0009016,The Doctor and the Woman
tt0009017,Dodging a Million
tt0009018,A Dog's Life
tt0009019,Doing Their Bit
tt0009020,A Doll's House
tt0009021,Dombey and Son
tt0009023,The Doughboy
tt0009024,Draft 258
tt0009025,The Draft Board
tt0009026,The Dream Lady
tt0009027,Das Dreimäderlhaus
tt0009028,De duivel
tt0009029,The Eagle's Eye
tt0009030,The Eagle
tt0009031,Ecce Homo
tt0009032,Efficiency
tt0009033,Wanted a Wife
tt0009034,The Eleventh Commandment
tt0009035,The Embarrassment of Riches
tt0009036,The Empty Cab
tt0009037,The Enemy Within
tt0009038,Es werde Licht! 3. Teil
tt0009039,La España trágica o Tierra de sangre
tt0009040,Eve's Daughter
tt0009041,Every Mother's Son
tt0009042,Everywoman's Husband
tt0009043,An Ex-Cannibal Carnival
tt0009045,The Extra-Quick Lunch
tt0009046,Eye for Eye
tt0009047,The Eyes of Julia Deep
tt0009048,The Eyes of Mystery
tt0009049,The Face in the Dark
tt0009050,The Fair Pretender
tt0009051,The Rosentopf Case
tt0009052,Fallen Angel
tt0009053,Fame and Fortune
tt0009054,The Family Skeleton
tt0009055,Fan Fan
tt0009056,Fare  Please
tt0009057,Farms and Fumbles
tt0009058,Fast Company
tt0009059,The Fatal Marriage
tt0009060,Fedora
tt0009061,The Fickle Blacksmith
tt0009062,The Merry Jail
tt0009063,A Fight for Millions
tt0009065,The Fighting Grin
tt0009066,Find the Woman
tt0009067,Finest on Four Feet
tt0009068,The Finger of Justice
tt0009069,The Firebrand
tt0009070,The Firefly of France
tt0009071,Fireman Save My Child
tt0009072,Fires of Youth
tt0009073,The First Law
tt0009074,A Fisherless Cartoon
tt0009075,Five Thousand an Hour
tt0009077,Flare-Up Sal
tt0009078,The Flash of Fate
tt0009079,The Floor Below
tt0009080,Flower of the Dusk
tt0009081,Flying with the Marines
tt0009082,Follow the Crowd
tt0009083,For Freedom
tt0009084,For Husbands Only
tt0009085,For Sale
tt0009086,The Forbidden City
tt0009087,The Forbidden Path
tt0009088,Frauds and Frenzies
tt0009089,Frei Bonifácio
tt0009090,Freight Investigation
tt0009091,Friend Husband
tt0009092,Fuhrmann Henschel
tt0009094,The Further Adventures of Stingaree
tt0009095,Fuss and Feathers
tt0009096,Fyrvaktarens dotter
tt0009097,A Game with Fate
tt0009098,Gas Logic
tt0009099,A Gasoline Wedding
tt0009100,The Gates of Gladness
tt0009101,The Geezer of Berlin
tt0009102,Getaway Kate
tt0009103,The Ghost Flower
tt0009104,The Ghost of Rosy Taylor
tt0009105,The Ghost of Slumber Mountain
tt0009106,The Ghosts of Yesterday
tt0009107,Ghost of the Rancho
tt0009108,The Girl Who Came Back
tt0009109,The Girl Who Stayed at Home
tt0009110,The Girl Who Wouldn't Quit
tt0009111,The Girl with the Champagne Eyes
tt0009112,The Girl from Downing Street
tt0009113,The Girl in the Dark
tt0009114,The Girl of Today
tt0009116,The Glorious Adventure
tt0009117,Go West  Young Man
tt0009118,The Goat
tt0009119,God Bless Our Red  White and Blue
tt0009120,The Goddess of Lost Lake
tt0009121,The Golden Wall
tt0009122,Der goldene Pol
tt0009123,Good Night  Nurse!
tt0009124,Good Night  Paul
tt0009125,The Good Sport
tt0009126,The Grain of Dust
tt0009127,The Grand Passion
tt0009128,The Great Adventure
tt0009129,The Great Game
tt0009130,The Great Love
tt0009131,The Great Romance
tt0009133,The Greatest Thing in Life
tt0009134,Green Eyes
tt0009135,The Guilt of Silence
tt0009136,The Gulf Between
tt0009137,The Gun Woman
tt0009138,The Gypsy Trail
tt0009139,Hands Down
tt0009140,Happy Though Married
tt0009141,The Hard Rock Breed
tt0009142,He Comes Up Smiling
tt0009143,Headin' South
tt0009144,Hear 'Em Rave
tt0009145,The Heart of Humanity
tt0009146,The Heart of Romance
tt0009147,The Heart of a Girl
tt0009148,Heart of the Wilds
tt0009149,A Heart's Revenge
tt0009150,Hearts of the World
tt0009151,Hearts or Diamonds?
tt0009152,Heiress for a Day
tt0009153,Hell Bent
tt0009154,The Hell Cat
tt0009155,Hell's Crater
tt0009156,Hello Trouble
tt0009157,Helping McAdoo
tt0009158,Henriette Jacoby
tt0009159,Her Body in Bond
tt0009160,Her Boy
tt0009161,Her Decision
tt0009162,Her Final Reckoning
tt0009164,Her Great Chance
tt0009165,Her Inspiration
tt0009166,Her Man
tt0009167,Her One Mistake
tt0009168,Her Only Way
tt0009169,Her Price
tt0009170,Here Come the Girls
tt0009171,Hey There
tt0009172,Hickory Hiram
tt0009173,The Hidden Pearls
tt0009174,Hide and Seek  Detectives
tt0009175,The Hillcrest Mystery
tt0009176,Hindle Wakes
tt0009177,The Hired Man
tt0009178,His Bonded Wife
tt0009179,His Day Out
tt0009180,His First Love
tt0009181,His Majesty  Bunker Bean
tt0009182,His Official Fiancée
tt0009183,His Own People
tt0009184,His Robe of Honor
tt0009185,His Royal Highness
tt0009186,His Smothered Love
tt0009187,His Temporary Wife
tt0009188,Hit Him Again
tt0009189,Hit-the-Trail Holliday
tt0009190,Hitting the High Spots
tt0009191,Hitting the Trail
tt0009192,Home  James
tt0009193,O Homem dos Olhos Tortos
tt0009194,An Honest Man
tt0009195,The Honest Thief
tt0009196,The Honor of His House
tt0009197,A Hoosier Romance
tt0009198,Hoot Mon!
tt0009199,The Hopper
tt0009200,Hospital Orderlies
tt0009201,Hotel De Mutt
tt0009202,The House of Glass
tt0009203,The House of Gold
tt0009204,The House of Hate
tt0009205,The House of Mirth
tt0009206,The House of Silence
tt0009207,How Could You  Caroline?
tt0009208,How Could You  Jean?
tt0009209,Huck and Tom
tt0009210,Hugon  the Mighty
tt0009211,Humdrum Brown
tt0009212,The Hun Within
tt0009213,Hungry Eyes
tt0009214,Huns and Hyphens
tt0009216,Hunting the U-Boats
tt0009217,I Love You
tt0009218,I Want to Forget
tt0009219,I'll Say So
tt0009220,Ikarus  der fliegende Mensch
tt0009221,Impossible Susan
tt0009222,The Impostor
tt0009223,In Judgment of...
tt0009224,In Pursuit of Polly
tt0009225,In the Hollow of Her Hand
tt0009226,In the Silver Country
tt0009227,Independence  B'Gosh
tt0009228,Innocent's Progress
tt0009229,Inside the Lines
tt0009230,Los intereses creados
tt0009231,The Interloper
tt0009232,The Invasion of Britain
tt0009233,The Iron Test
tt0009234,It's a Wild Life
tt0009236,Jack Spurlock  Prodigal
tt0009237,A Japanese Nightingale
tt0009238,Jettchen Gebert's Story
tt0009239,Jilted Janet
tt0009240,Joan of Plattsburg
tt0009241,Johanna Enlists
tt0009242,Joining the Tanks
tt0009243,Journey's End
tt0009244,Jules of the Strong Heart
tt0009245,Just Peggy
tt0009246,Just Rambling Along
tt0009247,Júdás
tt0009248,Kaieteur  the Perfect Cataract
tt0009249,Kaiser's Finish
tt0009250,The Kaiser's New Dentist
tt0009251,The Kaiser's Shadow
tt0009252,The Kaiser  the Beast of Berlin
tt0009253,Keimendes Leben  Teil 1
tt0009254,The Key to Power
tt0009255,Kicked Out
tt0009256,Kicking the Germ Out of Germany
tt0009257,The Kid Is Clever
tt0009258,Kidder and Ko
tt0009259,Kids
tt0009261,Kildare of Storm
tt0009262,King Social Briars
tt0009264,The Kingdom of Youth
tt0009265,Kiss or Kill
tt0009266,The Kitchen Lady
tt0009267,The Knife
tt0009268,Know Your Neighbor
tt0009269,De kroon der schande
tt0009270,Kultur
tt0009271,Károly bakák
tt0009273,The Lady of the Dugout
tt0009274,A Lady's Name
tt0009275,Lafayette  We Come
tt0009276,The Lamb
tt0009277,Landing a Spy
tt0009278,The Landloper
tt0009279,Laughing Bill Hyde
tt0009280,Lawless Love
tt0009281,Lead  Kindly Light
tt0009282,The Leak
tt0009283,Leap to Fame
tt0009284,The Legion of Death
tt0009285,Lend Me Your Name
tt0009286,The Leopard's Spots
tt0009287,Less Than Kin
tt0009288,The Lesson
tt0009289,Lest We Forget
tt0009290,Let's Get a Divorce
tt0009291,Let's Go
tt0009292,A leányasszony
tt0009293,The Liar
tt0009294,Liberty Bond Jimmy
tt0009295,The Lie
tt0009296,Die Liebe des Van Royk
tt0009297,The Life Mask
tt0009298,Life Savers
tt0009299,Life or Honor?
tt0009300,The Light Within
tt0009301,The Light of Western Stars
tt0009302,Lili
tt0009303,Limousine Life
tt0009304,The Lion's Claws
tt0009305,Little Miss Hoover
tt0009306,Little Orphant Annie
tt0009307,Little Red Decides
tt0009308,A Little Sister of Everybody
tt0009309,Little Women
tt0009312,Loaded Dice
tt0009313,The Locked Heart
tt0009314,Lodsens datter
tt0009316,Look Pleasant  Please
tt0009317,A Lot of Bull
tt0009318,The Love Cheat
tt0009319,Love Me
tt0009320,The Love Swindle
tt0009321,Love Watches
tt0009322,Lu  the Coquette
tt0009324,The Lure of Luxury
tt0009325,The Lure of the Circus
tt0009326,M'Liss
tt0009327,Maciste sonnambulo
tt0009328,Madam Who?
tt0009329,Madame Jealousy
tt0009330,Madame Sphinx
tt0009331,Madame Spy
tt0009332,The Magic Eye
tt0009333,Maid o' the Storm
tt0009334,The Make-Believe Wife
tt0009336,Mal de Espanha
tt0009337,Malmequer
tt0009338,Mammon and the Archer
tt0009339,The Man from Funeral Range
tt0009340,The Man Who Woke Up
tt0009341,The Man Who Won
tt0009342,The Man Who Wouldn't Tell
tt0009343,The Man of Bronze
tt0009344,A Man's World
tt0009346,The Mantle of Charity
tt0009347,El manuscrito de una madre
tt0009348,Marionetten
tt0009349,The Marionettes
tt0009350,Marked Cards
tt0009351,Market Days and Festivals
tt0009352,Marriage
tt0009353,The Marriage Lie
tt0009354,The Marriage Ring
tt0009355,Marriages Are Made
tt0009356,The Married Virgin
tt0009357,Mary Ann
tt0009358,The Mask
tt0009359,Masks and Faces
tt0009360,Matching Billy
tt0009361,The Matinee Girl
tt0009362,The Mating
tt0009363,Meeting Theda Bara
tt0009364,The Menace
tt0009365,Merely Players
tt0009367,Mexico Today
tt0009369,Mickey
tt0009370,The Midnight Burglar
tt0009371,Midnight Madness
tt0009372,The Midnight Trail
tt0009373,Midst Peaceful Scenes
tt0009374,Milady o' the Beanstalk
tt0009375,Mile-a-Minute Kendall
tt0009376,The Million Dollar Dollies
tt0009377,Mirandy Smiles
tt0009378,Miss Ambition
tt0009379,Miss Innocence
tt0009380,Miss Meri
tt0009381,Miss Mischief Maker
tt0009382,Missing
tt0009383,A Model's Confession
tt0009384,Modern Love
tt0009385,Der Dieb
tt0009386,Molly Go Get 'Em
tt0009387,Money Isn't Everything
tt0009388,Money Mad
tt0009389,Moonshine
tt0009390,The Moral Law
tt0009391,Moral Suicide
tt0009392,More Trouble
tt0009393,Morgan's Raiders
tt0009394,The Mortgaged Wife
tt0009395,A Mother's Secret
tt0009396,A Mother's Sin
tt0009397,Mother  I Need You
tt0009399,A Mountaineering Memory
tt0009400,Mr. Fix-It
tt0009401,Mr. Logan  U.S.A.
tt0009402,Mrs. Dane's Defense
tt0009403,Mrs. Leffingwell's Boots
tt0009404,Mum's the Word
tt0009405,My Cousin
tt0009406,My Four Years in Germany
tt0009407,The House of Mirrors
tt0009408,My Own United States
tt0009409,My Sweetheart
tt0009410,My Wife
tt0009411,The Mysterious Client
tt0009412,The Mystery Girl
tt0009413,Mystic Faces
tt0009414,Las máscaras negras
tt0009415,The Ballet Girl
tt0009416,Mästerkatten i stövlar
tt0009417,Nach zwanzig Jahren
tt0009418,Nancy Comes Home
tt0009419,The Sunflower Woman
tt0009420,Nattliga toner
tt0009421,The Nature Girl
tt0009422,Nature's Gentleman
tt0009423,The Naulahka
tt0009424,Neighbors
tt0009425,Nelson
tt0009426,New Love for Old
tt0009427,A Nine O'Clock Town
tt0009428,Nine-Tenths of the Law
tt0009429,No Man's Land
tt0009430,No Place Like Jail
tt0009431,Nobelpristagaren
tt0009432,Nobody's Wife
tt0009433,Nocturno der Liebe
tt0009434,The Non-Stop Kid
tt0009435,Nothing But Trouble
tt0009436,Nászdal
tt0009437,Occultism
tt0009438,Old Hartwell's Cub
tt0009439,Old Love for New
tt0009440,Old Wives for New
tt0009441,The Oldest Law
tt0009442,On Ice
tt0009443,On Leave
tt0009444,On the Jump
tt0009445,On the Quiet
tt0009446,One Dollar Bid
tt0009447,One More American
tt0009448,One Thousand Dollars
tt0009449,The One Woman
tt0009450,The Only Road
tt0009451,Onward Christian Soldiers
tt0009452,Op hoop van zegen
tt0009453,Opfer der Gesellschaft
tt0009454,Opportunity
tt0009455,The Ordeal of Rosetta
tt0009456,The Orderly
tt0009457,L'orgoglio
tt0009458,Othello
tt0009459,Other Men's Daughters
tt0009460,The Other Woman
tt0009463,Our Four Days in Germany
tt0009465,Our Mrs. McChesney
tt0009466,Out West
tt0009467,Out of a Clear Sky
tt0009468,Out of the Night
tt0009469,Outwitting the Hun
tt0009470,Over the Top
tt0009471,An Ozark Romance
tt0009472,The Painted Lily
tt0009473,Painted Lips
tt0009474,A Pair of Cupids
tt0009475,A Pair of Silk Stockings
tt0009476,Pals First
tt0009477,The Panther Woman
tt0009478,Parasites of Life
tt0009480,The Passing of the Third Floor Back
tt0009481,Pay Day
tt0009482,Peck's Bad Girl
tt0009483,Peer Gynt
tt0009484,Peg of the Pirates
tt0009485,A Perfect 36
tt0009486,A Perfect Lady
tt0009487,Perfectly Fiendish Flanagan; or  the Hart of the Dreadful West
tt0009488,Perfidia
tt0009489,Pershing's Crusaders
tt0009490,Pesn lyubvi nedopetaya
tt0009491,Les petites marionnettes
tt0009492,A Petticoat Pilot
tt0009493,Petticoats and Politics
tt0009494,The Phantom Riders
tt0009497,Pin Feather Pickaninnies
tt0009498,Pines Up and Palms Down
tt0009499,Pipe the Whiskers
tt0009500,Play Straight or Fight
tt0009501,Playing the Game
tt0009502,Playmates
tt0009503,Playthings
tt0009504,The Poor Rich Man
tt0009505,Pot Luck in the Army
tt0009506,The Potaro River
tt0009507,A Pottery Girl's Romance
tt0009508,The Power and the Glory
tt0009509,Vlast tmy
tt0009510,Powers That Prey
tt0009511,The Pretender
tt0009512,The Price of Applause
tt0009513,The Primitive Woman
tt0009514,Prince Sami
tt0009515,Die Prinzessin von Urbino
tt0009516,The Prisoner of War
tt0009517,Prisoners of the Pines
tt0009518,Private Peat
tt0009519,Pro domo
tt0009520,Het proces Begeer
tt0009521,The Prodigal Wife
tt0009522,Proekt inzhenera Prayta
tt0009523,Prunella
tt0009524,The Prussian Cur
tt0009525,The Purple Lily
tt0009526,The Queen of Hearts
tt0009527,Queen of the Sea
tt0009528,The Quest of the Big 'Un
tt0009529,Die Rachegöttin
tt0009530,The Racing Strain
tt0009531,The Railroader
tt0009532,The Rainbow Trail
tt0009533,Raindrops
tt0009534,The Ranger
tt0009535,Real Folks
tt0009536,The Reason Why
tt0009537,Reclaimed: The Struggle for a Soul Between Love and Hate
tt0009538,The Red Cross Nurse
tt0009539,Red Pottage
tt0009540,The Red  Red Heart
tt0009541,Resurrection
tt0009542,The Return of Mary
tt0009543,Revelation
tt0009544,Revenge
tt0009546,Revolutionens datter
tt0009547,El rey de la serranía
tt0009548,A Rich Man's Darling
tt0009549,Rich Man  Poor Man
tt0009550,Riddle Gawne
tt0009551,Riders of the Night
tt0009552,Riders of the Purple Sage
tt0009553,Rimrock Jones
tt0009554,The Risky Road
tt0009555,The Road Through the Dark
tt0009556,The Road to France
tt0009557,The Toboggan Cavalier
tt0009558,The Rogue
tt0009559,A Romance of Happy Valley
tt0009560,The Romance of Tarzan
tt0009561,A Romance of the Air
tt0009562,A Romance of the Underworld
tt0009563,Romans and Rascals
tt0009564,Rose Bernd
tt0009565,Rose o' Paradise
tt0009566,Rose of Wolfville
tt0009567,Rose of the World
tt0009568,Rose-France
tt0009569,Der Rosenkranz
tt0009570,The Rough Lover
tt0009571,Rough and Ready
tt0009572,Life's Greatest Problem
tt0009573,Salome
tt0009574,Sandy
tt0009575,Santa
tt0009576,Sauce for the Goose
tt0009577,Saucy Madeline
tt0009578,The Savage Woman
tt0009579,Say! Young Fellow
tt0009580,The Scarlet Drop
tt0009581,The Scarlet Road
tt0009582,The Scarlet Trail
tt0009587,The Sea Flower
tt0009588,The Sea Panther
tt0009589,The Sea Waif
tt0009590,The Seal of Silence
tt0009593,The Secret Code
tt0009594,Secret Strings
tt0009595,The Secret Woman
tt0009596,Selfish Yates
tt0009597,The Service Star
tt0009598,The Seventy-Mile Gun
tt0009599,Shackled
tt0009600,Shark Monroe
tt0009601,The She Devil
tt0009602,She Hired a Husband
tt0009603,She Loved Him Plenty
tt0009604,She Loves Me Not
tt0009605,Sheba
tt0009606,The Shell Game
tt0009607,Sheriff Nell's Tussle
tt0009608,Shifting Sands
tt0009609,The Shoes That Danced
tt0009610,Shootin' Mad
tt0009611,Shoulder Arms
tt0009612,The Shuttle
tt0009613,Sic 'Em  Towser
tt0009614,The Side Show
tt0009615,The Sign Invisible
tt0009616,Signal
tt0009617,The Silent Mystery
tt0009618,The Silent Woman
tt0009619,Sin dejar rastros
tt0009620,The Sinking of the 'Lusitania'
tt0009621,Six-Shooter Andy
tt0009622,A skorpió I.
tt0009623,Sliakot bulvarnaia
tt0009624,Smashing Through
tt0009625,So'n kleiner Schwerenöter
tt0009626,Social Briars
tt0009627,Social Hypocrites
tt0009628,Social Quicksands
tt0009629,A Society Sensation
tt0009630,Society for Sale
tt0009631,Somewhere in Turkey
tt0009632,The Song of Songs
tt0009633,The Song of the Soul
tt0009634,A Soul for Sale
tt0009635,A Soul Without Windows
tt0009636,A Soul in Trust
tt0009637,The Soul of Buddha
tt0009638,The Source
tt0009640,Special Today
tt0009641,The Spirit of '17
tt0009642,The Spirit of the Red Cross
tt0009643,The Splendid Sinner
tt0009644,The Spoiled Girl
tt0009645,Sporting Life
tt0009646,Springtime à la Carte
tt0009647,The Spurs of Sybil
tt0009648,Spöket på Junkershus
tt0009649,The Square Deal
tt0009650,The Squaw Man
tt0009651,Station Content
tt0009652,Stella Maris
tt0009653,The Still Alarm
tt0009654,Stolen Honor
tt0009655,Stolen Orders
tt0009657,Storstadsfaror
tt0009658,The Strange Woman
tt0009659,The Stranger
tt0009660,String Beans
tt0009661,The Struggle Everlasting
tt0009663,The Studio Girl
tt0009664,Stürme des Lebens
tt0009665,A Successful Adventure
tt0009666,Such a Little Pirate
tt0009667,The Sudden Gentleman
tt0009669,The Summer Girls
tt0009671,Sunshine Alley
tt0009672,Sunshine Nan
tt0009673,Superintendents
tt0009674,Suspicion
tt0009675,Swat the Spy
tt0009676,Swing Your Partners
tt0009677,Das Tagebuch einer Verlorenen
tt0009678,Take a Chance
tt0009679,The Tale of a Pig
tt0009680,Tales of the Tall Timber
tt0009681,The Talk of the Town
tt0009682,Tarzan of the Apes
tt0009683,Tavaszi vihar
tt0009684,Tell It to the Marines
tt0009685,Tempered Steel
tt0009686,The Temple of Dusk
tt0009687,The Testing of Mildred Vane
tt0009688,That Devil  Bateese
tt0009689,That's Him
tt0009690,Thieves' Gold
tt0009691,The Thing We Love
tt0009692,Third  Jiggs and the Social Lion
tt0009693,Thirty a Week
tt0009694,Thomas Graals bästa barn
tt0009695,Those Athletic Girls
tt0009696,Three Mounted Men
tt0009697,Three X Gordon
tt0009698,Throwing the Bull
tt0009699,Tidbits of Travel
tt0009700,The Tiger Man
tt0009701,Tih Minh
tt0009702,Till I Come Back to You
tt0009703,Tinker  Tailor  Soldier  Sailor
tt0009704,Tinsel
tt0009705,The Tip
tt0009706,To Hell with the Kaiser!
tt0009707,To the Rescue
tt0009708,Together
tt0009709,Tongues of Flame
tt0009710,Tonsorial Artists
tt0009711,Tony America
tt0009712,Too Fat to Fight
tt0009713,Too Many Millions
tt0009714,The Top Dog
tt0009715,Tosca
tt0009716,Tourada no Campo Pequeno
tt0009717,Toys of Fate
tt0009718,The Trail to Yesterday
tt0009719,The Trap
tt0009720,Les travailleurs de la mer
tt0009721,Treasure Island
tt0009722,The Treasure of the Sea
tt0009723,El tren de los suicidas
tt0009725,The Triumph of the Weak
tt0009726,True Blue
tt0009727,The Turn of a Card
tt0009728,The Turn of the Wheel
tt0009729,Twenty-One
tt0009730,Two Scrambled
tt0009731,Two Tough Tenderfeet
tt0009732,Two-Gun Gussie
tt0009733,The Two-Soul Woman
tt0009734,Tyrant Fear
tt0009735,La tía de Pancho
tt0009736,El tío de América
tt0009737,The Unbeliever
tt0009738,The Unblazed Trail
tt0009739,The Unchastened Woman
tt0009740,Unclaimed Goods
tt0009741,Uncle Tom's Cabin
tt0009742,Under Four Flags
tt0009743,Under Suspicion
tt0009744,Under the Greenwood Tree
tt0009745,Under the Yoke
tt0009747,Up Romance Road
tt0009748,Up in the Air
tt0009749,Up the Road with Sallie
tt0009750,Congestion
tt0009751,The Vamp
tt0009752,Vamping the Vamp
tt0009753,The Vanity Pool
tt0009754,Magic Waltz
tt0009755,Vdova
tt0009756,The Velvet Hand
tt0009757,Vendémiaire
tt0009758,Vengeance
tt0009759,Vengeance Is Mine
tt0009760,The Venus Model
tt0009762,Victory and Peace
tt0009764,The Villain
tt0009765,Virtuous Wives
tt0009766,Vive la France!
tt0009767,Viviette
tt0009768,The Voice of Destiny
tt0009769,Vor tids helte
tt0009770,The Vortex
tt0009771,The Merry Widow
tt0009772,The Wages of Sin
tt0009773,Waifs
tt0009774,The Wanderer and the Whoozitt
tt0009775,Wanted: A Brother
tt0009776,Wanted: A Mother
tt0009777,Washington's Sky Patrol
tt0009778,Watch Your Neighbor
tt0009779,The Way Out
tt0009780,The Way of an Eagle
tt0009781,We Can't Have Everything
tt0009782,We Should Worry
tt0009783,A Weaver of Dreams
tt0009784,Wedlock
tt0009785,A Wee Bit Odd
tt0009787,Western Blood
tt0009788,What the Ice Age Left
tt0009789,When Do We Eat?
tt0009790,When Men Betray
tt0009791,When a Man Rides Alone
tt0009792,When a Woman Sins
tt0009793,Which Woman?
tt0009794,The Whims of Society
tt0009795,The Whirlpool
tt0009796,The Whispering Chorus
tt0009798,The White Man's Law
tt0009799,Who Is to Blame?
tt0009800,Who Shall Take My Life?
tt0009801,Who's Your Father?
tt0009802,Whose Little Wife Are You?
tt0009803,Who's Zoo?
tt0009804,Why I Should Not Marry
tt0009805,Why I Would Not Marry
tt0009806,Why Pick on Me?
tt0009807,The Wife He Bought
tt0009808,Wife or Country
tt0009810,The Wildcat of Paris
tt0009811,Wild Women
tt0009812,Wild Women and Tame Lions
tt0009813,Wild Youth
tt0009814,The Winding Trail
tt0009815,The Wine Girl
tt0009816,Winner Takes All
tt0009817,The Winning of Beatrice
tt0009818,The Winning of the Mocking Bird
tt0009820,The Witch Woman
tt0009821,With Neatness and Dispatch
tt0009822,Within the Cup
tt0009823,Wives and Other Wives
tt0009824,Wives of Men
tt0009825,Wolves of Kultur
tt0009826,Wolves of the Rail
tt0009827,Woman
tt0009828,The Woman Between Friends
tt0009829,The Woman Suffers
tt0009830,The Woman Who Gave
tt0009831,Woman and Wife
tt0009832,The Woman and the Law
tt0009833,The Woman in the Web
tt0009834,A Woman of Impulse
tt0009836,A Woman's Experience
tt0009837,A Woman's Fool
tt0009838,Women's Weapons
tt0009839,The Wooing of Princess Pat
tt0009840,The World for Sale
tt0009841,The Yellow Dog
tt0009842,The Yellow Ticket
tt0009843,You Can't Believe Everything
tt0009845,Young America
tt0009846,A Youthful Affair
tt0009847,The Zeppelin's Last Raid
tt0009848,The Zero Hour
tt0009849,Zongar
tt0009850,A Zuni Kicking Race
tt0009851,Masked Ball
tt0009852,The Picture of Dorian Gray
tt0009853,The Devil
tt0009854,12.10
tt0009855,23 1/2 Hours' Leave
tt0009856,500 Miles on a Gallon of Gas
tt0009857,A 111-es
tt0009858,The A.B.C. of Love
tt0009859,Ace of the Saddle
tt0009860,Adele
tt0009861,An Adventure in Hearts
tt0009862,The Adventures of Ruth
tt0009863,After the War
tt0009864,Alias Mike Moran
tt0009865,All That Glitters Is Not Goldfish
tt0009866,All Wrong
tt0009867,Almost Married
tt0009868,Almost a Husband
tt0009869,The Amateur Adventuress
tt0009870,The Amateur Liar
tt0009871,An Amateur Widow
tt0009872,The Amazing Impostor
tt0009873,The Amazing Wife
tt0009874,Ambrose's Day Off
tt0009875,The American Way
tt0009877,And a Still Small Voice
tt0009878,Different from the Others
tt0009879,Anne of Green Gables
tt0009880,Another Man's Wife
tt0009881,L'apache
tt0009882,The Call of the Blood
tt0009883,Los arlequines de seda y oro
tt0009884,Arme Thea
tt0009885,As a Man Thinks
tt0009886,As the Sun Went Down
tt0009887,Ask Father
tt0009888,At the Old Stage Door
tt0009889,At the Point of a Gun
tt0009890,L'atleta fantasma
tt0009891,Atonement
tt0009892,Auction of Souls
tt0009893,The Oyster Princess
tt0009894,The Grey Automobile
tt0009895,The Avalanche
tt0009896,Ave Caesar!
tt0009897,A Bachelor Husband
tt0009898,A Bachelor's Wife
tt0009899,Back Stage
tt0009900,Back to God's Country
tt0009901,Ballahooing on the Anarika
tt0009902,The Bandbox
tt0009903,Bare Fists
tt0009904,Bare-Fisted Gallagher
tt0009905,Barrabas
tt0009907,The Battler
tt0009908,Be My Wife
tt0009909,Be a Little Sport
tt0009911,The Bearded Lady
tt0009912,The Beauty Market
tt0009913,Before Breakfast
tt0009914,Before Breakfast
tt0009915,Behind the Door
tt0009916,Die beiden Gatten der Frau Ruth
tt0009917,La belle Russe
tt0009918,The Belle of New York
tt0009919,The Beloved Cheater
tt0009920,Beresford and the Baboons
tt0009921,The Best Bad Man
tt0009922,The Best Man
tt0009923,Carry On
tt0009924,Better Times
tt0009925,The Better Wife
tt0009926,Bettler GmbH
tt0009927,Between the Acts
tt0009928,Beware!
tt0009929,Big Little Person
tt0009930,Bill Apperson's Boy
tt0009931,Bill Henry
tt0009932,Billy Blazes  Esq.
tt0009934,The Black Circle
tt0009935,The Black Horde
tt0009936,The Black Secret
tt0009937,Blind Husbands
tt0009938,The Blinding Trail
tt0009939,The Blue Bandanna
tt0009940,The Blue Bonnet
tt0009941,The Bluffer
tt0009942,Bobby Bumps Eel-lectric Launch
tt0009943,Bobby Bumps Throwing the Bull
tt0009944,Bobby Bumps and the Hypnotic Eye
tt0009945,Bobby Bumps and the Sand Lizard
tt0009946,Bobby Bumps' Last Smoke
tt0009947,Bobby Bumps' Lucky Day
tt0009948,Bobby Bumps' Night Out with Some Night Owls
tt0009949,Bobby Bumps' Pup Gets the Flea-enza
tt0009950,Bolshevism on Trial
tt0009951,The Bondage of Barbara
tt0009952,Bonds of Love
tt0009953,The Boomerang
tt0009954,Boots
tt0009955,El botón de fuego
tt0009956,Bound and Gagged
tt0009957,Bound in Spaghetti
tt0009959,The Bramble Bush
tt0009960,The Brand
tt0009961,Brass Buttons
tt0009962,The Brat
tt0009963,The Brazen Beauty
tt0009964,Breed of Men
tt0009965,Breezy Jim
tt0009966,Bringing Up Betty
tt0009967,A Broadway Saint
tt0009968,Broken Blossoms
tt0009969,The Broken Butterfly
tt0009970,The Broken Commandments
tt0009971,Brother Bill
tt0009972,The Brute Breaker
tt0009973,Bumping Into Broadway
tt0009974,Bunkered
tt0009975,Burglar by Proxy
tt0009976,The Busher
tt0009977,By Indian Post
tt0009978,By Right of Birth
tt0009979,Caleb Piper's Girl
tt0009980,The Call of the Soul
tt0009981,The Cambric Mask
tt0009982,Cameraing Through Africa
tt0009983,Cameraing Through Africa
tt0009985,The Capitol
tt0009986,Captain Kidd's Kids
tt0009987,Captain Kidd  Jr.
tt0009988,The Career of Katherine Bush
tt0009989,Carmen of the North
tt0009990,Carolyn of the Corners
tt0009991,The Carter Case
tt0009992,Castles in the Air
tt0009994,The Cave Man's Bride
tt0009995,Caves and Coquettes
tt0009996,The Centaurs
tt0009997,The Challenge of Chance
tt0009998,The Chambermaid's Revenge
tt0009999,Chasing Rainbows
tt0010000,Cheating Cheaters
tt0010001,Cheating Herself
tt0010002,Checkers
tt0010003,Chilkat Cubs
tt0010005,The Chinese Puzzle
tt0010006,Chop Suey & Co.
tt0010008,The Cinema Murder
tt0010009,The City of Comrades
tt0010010,The Climbers
tt0010011,Close to Nature
tt0010012,The Cloud
tt0010013,The Clown's Pups
tt0010014,Come Again Smith
tt0010015,Come Out of the Kitchen
tt0010016,The Coming of the Law
tt0010017,O Comissário de Polícia
tt0010018,Common Clay
tt0010019,Common Property
tt0010020,Comradeship
tt0010021,Confessions of a Telephone Girl
tt0010022,The Corsican Brothers
tt0010023,Count Your Change
tt0010024,Count the Votes
tt0010025,The Country Cousin
tt0010026,The Courage of Marge O'Doone
tt0010027,The Cow's Husband
tt0010028,Cowardice Court
tt0010029,The Cowboy and the Rajah
tt0010030,Crack Your Heels
tt0010031,Creaking Stairs
tt0010032,The Crimson Gardenia
tt0010033,The Crook of Dreams
tt0010034,¡Cuidado con los ladrones!
tt0010035,Cupid Forecloses
tt0010036,Cupid's Day Off
tt0010037,Cupid's Hold-Up
tt0010038,Cutting Out His Nonsense
tt0010039,Cyclone Smith Plays Trumps
tt0010040,Daddy-Long-Legs
tt0010041,The Ghost Lady
tt0010042,A Damsel in Distress
tt0010043,Damsels and Dandies
tt0010044,The Danger Zone
tt0010045,Dangerous Hours
tt0010046,The Daredevil
tt0010047,Daring Hearts
tt0010048,A Dark Lantern
tt0010049,The Dark Star
tt0010050,A Daughter of Eve
tt0010051,Daughter of Mine
tt0010052,A Daughter of the Wolf
tt0010054,Dawn
tt0010055,Day Dreams
tt0010056,The Day She Paid
tt0010057,A Day's Pleasure
tt0010058,The Deadlier Sex
tt0010059,A Debtor to the Law
tt0010060,The Delicious Little Devil
tt0010061,Deliverance
tt0010062,A Desert Hero
tt0010063,The Desert Rat
tt0010064,Destiny
tt0010065,The Devil's Riddle
tt0010066,The Devil's Trail
tt0010067,Prostitution II
tt0010068,The Divorce Trap
tt0010069,The Divorcee
tt0010070,Dog-Gone Tough Luck
tt0010071,Don't Change Your Husband
tt0010072,Don't Shove
tt0010073,Downstairs and Up
tt0010074,The Drifters
tt0010075,The Dub
tt0010076,De duivel in Amsterdam
tt0010077,The Dutiful Dub
tt0010078,The Eagle and the Fawn
tt0010079,East Lynne with Variations
tt0010080,Easy to Make Money
tt0010081,The Echo of Youth
tt0010082,Edge o' Beyond
tt0010083,The Egg Crate Wallop
tt0010084,The Oath of Stephan Huller
tt0010085,Elmo  the Mighty
tt0010086,The Enchanted Barn
tt0010087,The End of the Game
tt0010088,The End of the Road
tt0010089,L'engrenage
tt0010090,Erstwhile Susan
tt0010091,Evangeline
tt0010092,Everybody's Business
tt0010093,Everybody's Doing It
tt0010094,Everybody's Girl
tt0010096,Everywoman
tt0010097,Experiment No. 2
tt0010098,Experiment No. 3
tt0010099,Experimental Marriage
tt0010100,Expiación
tt0010102,The Exquisite Thief
tt0010103,Eyes of Youth
tt0010104,Eyes of the Soul
tt0010105,Die Fahrt ins Blaue
tt0010106,Fair and Warmer
tt0010107,The Faith of the Strong
tt0010108,The Fall of Babylon
tt0010109,A Fallen Idol
tt0010110,Falscher Start
tt0010111,False Evidence
tt0010112,The False Faces
tt0010113,Ett farligt frieri
tt0010114,The Fatal Fortune
tt0010115,The Fear Woman
tt0010116,White Rose
tt0010117,The Feud
tt0010118,Fiddlers and Acrobats
tt0010119,A Fight for Love
tt0010120,The Fighting Brothers
tt0010121,A Fighting Colleen
tt0010122,Fighting Cressy
tt0010123,Fighting for Gold
tt0010124,The Fighting Roosevelts
tt0010125,Fighting Through
tt0010126,The Final Close-Up
tt0010127,The Fire Flingers
tt0010128,Fireman Save My Child
tt0010129,Fires of Faith
tt0010130,The Firing Line
tt0010131,Fit to Win
tt0010132,Flame of the Desert
tt0010133,The Follies Girl
tt0010134,Fool's Gold
tt0010136,Fools and Their Money
tt0010137,For Better  for Worse
tt0010138,For Bitter or for Verse
tt0010139,For a Woman's Honor
tt0010140,Forbidden
tt0010141,The Forbidden Room
tt0010142,Forest Rivals
tt0010143,The Forfeit
tt0010144,Foxy Ambrose
tt0010145,Die Frau mit den Orchideen
tt0010146,From Hand to Mouth
tt0010147,From Scales to Antlers
tt0010148,Frozen Thrills
tt0010149,Fräulein Pfiffikus
tt0010150,A Fugitive from Matrimony
tt0010151,Der Galeerensträfling
tt0010152,The Gamblers
tt0010153,Gambling in Souls
tt0010154,The Game's Up
tt0010155,The Garage
tt0010156,Gates of Brass
tt0010157,The Gay Lord Quex
tt0010158,A Gay Old Dog
tt0010159,Gebannt und erlöst
tt0010160,The Genius Pierre
tt0010161,A Gentleman of Quality
tt0010162,Getting Mary Married
tt0010164,Getting the Cassiar's Goat
tt0010165,Storms in May
tt0010166,The Ghost of a Chance
tt0010167,The Girl Dodger
tt0010168,The Girl from Nowhere
tt0010169,The Girl from Outside
tt0010170,A Girl in Bohemia
tt0010171,A Girl Named Mary
tt0010172,The Girl Problem
tt0010173,The Girl with No Regrets
tt0010175,Girls
tt0010176,La gitana blanca
tt0010178,The Glorious Lady
tt0010179,God's Outlaw
tt0010180,Anniversary of the Revolution
tt0010181,Going! Going! Gone!
tt0010182,The Gold Cure
tt0010183,The Golden Shower
tt0010184,Good Gracious  Annabelle
tt0010185,Good-Bye  Bill
tt0010186,Die Gottesgeisel
tt0010187,The Gray Towers Mystery
tt0010188,Greased Lightning
tt0010189,The Great Gamble
tt0010190,The Great Radium Mystery
tt0010191,The Great Victory  Wilson or the Kaiser? The Fall of the Hohenzollerns
tt0010192,Greater Than Love
tt0010193,The Greatest Question
tt0010194,The Green God
tt0010195,The Grim Game
tt0010196,The Grouch
tt0010197,Guided and Miss Guided
tt0010198,A Gun Fightin' Gentleman
tt0010199,Gun Law
tt0010200,The Gun Packer
tt0010201,Haceldama ou Le prix du sang
tt0010202,A Haitian Night's Tale
tt0010203,The Halfbreed
tt0010204,The Hand Invisible
tt0010205,Hands Up
tt0010206,Hans nåds testamente
tt0010207,Happiness a la Mode
tt0010208,Harakiri
tt0010209,Hard Boiled
tt0010210,Hard Lions
tt0010211,Hard Luck
tt0010212,Harems and Hookum
tt0010213,Harold  the Last of the Saxons
tt0010215,The Haunted Bedroom
tt0010216,Haunting Shadows
tt0010219,Hawthorne of the U.S.A.
tt0010220,Hay Foot  Straw Foot
tt0010221,The Hayseed
tt0010222,He Ain't Done Right by Our Nell
tt0010223,He Leads  Others Follow
tt0010224,Heads Win
tt0010225,Heap Big Chief
tt0010226,A Heart in Pawn
tt0010227,Heart o' the Hills
tt0010228,Heart of Gold
tt0010229,The Heart of Wetona
tt0010230,The Heart of Youth
tt0010231,The Heart of a Gypsy
tt0010232,The Heart of a Rose
tt0010233,Hearts and Flowers
tt0010234,Heartsease
tt0010235,Hell-Roarin' Reform
tt0010236,Help! Help! Police!
tt0010237,The People of Hemso
tt0010238,Her Code of Honor
tt0010239,Her First Kiss
tt0010240,Her Game
tt0010241,Her Heritage
tt0010242,Her Kingdom of Dreams
tt0010243,Her Purchase Price
tt0010244,Here Comes the Bride
tt0010245,Here Comes the Groom
tt0010246,Here and There
tt0010247,Sir Arne's Treasure
tt0010248,Der Herr der Liebe
tt0010249,Die Herrin der Welt 1. Teil - Die Freundin des gelben Mannes
tt0010250,Hidalguía española
tt0010253,His Bridal Night
tt0010254,His Divorced Wife
tt0010255,His Majesty  the American
tt0010256,His Only Father
tt0010257,His Parisian Wife
tt0010258,His Royal Slyness
tt0010259,Historien om en gut
tt0010260,Hobbs in a Hurry
tt0010261,Home
tt0010262,The Home Town Girl
tt0010263,Home Wanted
tt0010264,The Homebreaker
tt0010265,Eyes Without a Face
tt0010266,The Honest Book Agent
tt0010267,The Hoodlum
tt0010268,Hope
tt0010269,The Hope Chest
tt0010270,The Hornet's Nest
tt0010271,A House Divided
tt0010272,The House of Intrigue
tt0010274,A Howling Success
tt0010275,The Hula Hula Cabaret
tt0010276,Human Desire
tt0010277,The Hushed Hour
tt0010278,I'll Get Him Yet
tt0010279,I'm on My Way
tt0010281,I Don't Want to Be a Man
tt0010282,Ihr Sport
tt0010283,The Illustrious Prince
tt0010284,Im Dienste der Liebe
tt0010285,Imposing on Good Nature
tt0010286,Impossible Catherine
tt0010287,The Impossible Woman
tt0010288,In His Brother's Place
tt0010289,In Honor's Web
tt0010290,In Mizzoura
tt0010291,In Old Kentucky
tt0010292,In Wrong
tt0010293,In for Thirty Days
tt0010294,In the Land of the Setting Sun
tt0010295,In the Money
tt0010296,The Indestructible Wife
tt0010298,Ingmarssönerna
tt0010299,An Innocent Adventuress
tt0010300,The Intrusion of Isabel
tt0010301,The Invisible Bond
tt0010302,Irrungen
tt0010303,The Island of Intrigue
tt0010304,The Isle of Conquest
tt0010305,It Pays to Advertise
tt0010306,Itasca Makes Her Bow
tt0010307,J'accuse!
tt0010308,The Janitor
tt0010309,Die Japanerin
tt0010310,A Japanese Study
tt0010311,A Jazzed Honeymoon
tt0010312,Jefthas dotter
tt0010313,Jinx
tt0010314,John Petticoats
tt0010315,Johnny Get Your Gun
tt0010316,Jubilo
tt0010317,Die Jugendsünde
tt0010319,The Jungle Trail
tt0010320,Just Dropped In
tt0010321,Just Neighbors
tt0010322,Jön az öcsém
tt0010323,The Cabinet of Dr. Caligari
tt0010324,Comrades
tt0010325,Kathleen Mavourneen
tt0010326,Keimendes Leben  Teil 2
tt0010327,The Kid and the Cowboy
tt0010328,Kino-nedelya
tt0010329,The Stork Society
tt0010330,Emerald of Death
tt0010331,The Knickerbocker Buckaroo
tt0010332,Krümelchens Reiseabenteuer
tt0010335,Die lachende Seele
tt0010336,The Lackey and the Lady
tt0010337,Die Dame mit dem schwarzen Handschuh
tt0010338,The Land of Silence
tt0010340,Landing an Heiress
tt0010341,Lasca
tt0010342,The Last Bottle
tt0010343,The Last of His People
tt0010344,The Last of the Duanes
tt0010345,The Law of Men
tt0010346,Leave It to Susan
tt0010347,Die lebende Tote
tt0010348,Left at the Post
tt0010349,Die Legende von der heiligen Simplicia
tt0010350,Let's Elope
tt0010351,Die Liebschaften der Kaethe Keller
tt0010352,The Life Line
tt0010354,The Light of Victory
tt0010355,The Light
tt0010356,Lightning Bryce
tt0010357,The Lightning Raider
tt0010358,Liliom
tt0010359,Lilith and Ly
tt0010360,The Lincoln Highwayman
tt0010361,The Lion Man
tt0010362,The Lion Tamers
tt0010363,Lion Trapping
tt0010364,The Lion and the Mouse
tt0010365,The Lion's Den
tt0010366,The Little Boss
tt0010367,A Little Brother of the Rich
tt0010368,Little Comrade
tt0010369,The Little Diplomat
tt0010370,The Little Intruder
tt0010371,The Little Rowdy
tt0010372,The Little White Savage
tt0010373,The Little Widow
tt0010374,The Littlest Scout
tt0010375,The Log of the U-35
tt0010376,Lombardi  Ltd.
tt0010377,The Lone Star Ranger
tt0010378,The Lone Wolf's Daughter
tt0010379,The Lonesome Pup
tt0010380,The Long Arm of Mannister
tt0010381,The Long Lane's Turning
tt0010382,Look Out Below
tt0010383,Look Pleasant Please
tt0010384,Loot
tt0010385,Lord and Lady Algy
tt0010386,The Lost Battalion
tt0010387,Lost Money
tt0010388,The Lost Princess
tt0010389,The Lottery Man
tt0010390,Louisiana
tt0010391,Love
tt0010392,The Love Auction
tt0010393,The Love Burglar
tt0010394,The Love Defender
tt0010395,The Love Hunger
tt0010396,Love Insurance
tt0010397,Love Is Love
tt0010398,The Love Net
tt0010399,The Love That Dares
tt0010400,Love and Lather
tt0010401,Love in a Hurry
tt0010402,Love's Prisoner
tt0010403,The Loves of Letty
tt0010404,Luck and Pluck
tt0010405,Luck in Pawn
tt0010406,Lure of Alaska
tt0010407,Lure of Ambition
tt0010408,The Lurking Peril
tt0010409,Luxuspflänzchen
tt0010410,Löjtnant Galenpannas sista växel
tt0010411,Maciste I
tt0010412,Maciste innamorato
tt0010414,La madona de las rosas
tt0010415,Maggie Pepper
tt0010416,O Mais Forte
tt0010418,Male and Female
tt0010419,The Man Hunter
tt0010420,The Man Who Forgot
tt0010421,The Man Who Stayed at Home
tt0010422,The Man Who Turned White
tt0010423,The Man Who Won
tt0010424,A Man and His Money
tt0010425,The Man in the Moonlight
tt0010426,A Man in the Open
tt0010427,A Man of Honor
tt0010428,Man of Might
tt0010429,A Man's Country
tt0010430,Man's Desire
tt0010431,A Man's Duty
tt0010432,A Man's Fight
tt0010433,Mandarin's Gold
tt0010434,Der Mann der Tat
tt0010435,The Marathon
tt0010436,Marie  Ltd.
tt0010437,Marion de Lorme
tt0010438,Marked Men
tt0010439,The Market of Souls
tt0010440,The Marriage Price
tt0010441,Marriage for Convenience
tt0010442,Married in Haste
tt0010443,Mary Regan
tt0010444,The Masked Rider
tt0010446,The Master Mystery
tt0010447,The Mayor of Filbert
tt0010448,A Member of Tattersall's
tt0010450,Memory Lane
tt0010451,Men I Have Met
tt0010452,Men  Women  and Money
tt0010453,Menschen in Ketten
tt0010454,The Merry-Go-Round
tt0010455,La mesonera del Tormes
tt0010456,Meyer from Berlin
tt0010457,Las micelas de plata
tt0010458,The Microbe
tt0010459,Midnight Gambols
tt0010460,The Midnight Man
tt0010461,A Midnight Romance
tt0010462,The Midnight Stage
tt0010463,The Millionaire Pirate
tt0010465,The Mints of Hell
tt0010466,The Miracle Man
tt0010467,The Miracle of Love
tt0010468,A Misfit Earl
tt0010469,The Misleading Widow
tt0010470,Miss Adventure
tt0010471,Miss Arizona
tt0010472,Mixed Nuts
tt0010473,Modern Husbands
tt0010474,A Modern Salome
tt0010475,Molly of the Follies
tt0010476,The Money Corral
tt0010477,Money Talks
tt0010478,Monika Vogelsang
tt0010481,The Moonshine Trail
tt0010482,The Moral Deadline
tt0010483,More Deadly Than the Male
tt0010484,The Mother and the Law
tt0010486,Mr. Outing Climbs Aboard
tt0010487,Mr. Outing Floats a Dream
tt0010488,Mr. Wu
tt0010489,Mrs. Thompson
tt0010490,Mrs. Wiggs of the Cabbage Patch
tt0010491,Mutt and Jeff in Paris
tt0010492,Mutt and Jeff in Spain
tt0010493,Mutt and Jeff in Switzerland
tt0010494,Mutt the Mutt Trainer
tt0010495,My Husband's Other Wife
tt0010496,My Little Sister
tt0010497,My Wife  the Movie Star
tt0010498,The Mysterious Princess
tt0010499,The Mystery of the Yellow Room
tt0010500,Das Mädchen und die Männer
tt0010501,Der Mädchenhirt
tt0010502,Nachtgestalten
tt0010503,Nascimento  Musico
tt0010504,Nascimento  Sapateiro
tt0010505,Never Say Quit
tt0010506,Never Touched Me
tt0010507,The New Moon
tt0010508,Next Aisle Over
tt0010510,No Mother to Guide Him
tt0010511,Nobody Home
tt0010512,Noche de reyes o El regalo de reyes
tt0010514,Nugget Nell
tt0010515,The Oakdale Affair
tt0010516,Off the Trolley
tt0010517,Oh Teacher
tt0010518,Oh  You Women!
tt0010519,Die Okarina
tt0010521,The Old Maid's Baby
tt0010522,On the Fire
tt0010523,Once a Mason
tt0010524,One Against Many
tt0010525,One Every Minute
tt0010526,One Week of Life
tt0010527,One of the Finest
tt0010528,One-Thing-at-a-Time O'Day
tt0010529,The Only Way
tt0010530,Op stap door Amsterdam
tt0010531,The Open Door
tt0010532,Open Your Eyes
tt0010533,Opium
tt0010534,The Other Half
tt0010535,The Other Man's Wife
tt0010536,The Other
tt0010537,Our Better Selves
tt0010538,Out an' in Again
tt0010539,Out of the Fog
tt0010540,Out of the Inkwell
tt0010541,Out of the Inkwell
tt0010543,Out of the Shadow
tt0010544,The Outcasts of Poker Flat
tt0010545,Over the Garden Wall
tt0010546,The Pagan God
tt0010547,Paid in Advance
tt0010548,Paid in Full
tt0010549,The Pale Pack Train
tt0010551,The Parisian Tigress
tt0010552,Pay Your Dues
tt0010553,The Peace of Roaring River
tt0010554,Pegeen
tt0010555,Peggy Does Her Darndest
tt0010556,Peppy Polly
tt0010557,The Perfect Lover
tt0010558,Perils of Thunder Mountain
tt0010559,Pest in Florenz
tt0010560,The Pest
tt0010561,A Petal on the Current
tt0010562,The Little Cafe
tt0010563,Pets and Pests
tt0010564,Pettigrew's Girl
tt0010565,The Phantom Honeymoon
tt0010566,Phil-for-Short
tt0010569,Pigtails and Peaches
tt0010570,La piovra
tt0010571,Pistols for Breakfast
tt0010572,Pitfalls of a Big City
tt0010573,Please Get Married
tt0010574,The Plumbers
tt0010575,The Pointing Finger
tt0010576,The Poison Pen
tt0010577,The Polar Bear
tt0010578,The Polar Star
tt0010579,The Poor Boob
tt0010580,Poor Relations
tt0010581,The Poppy Girl's Husband
tt0010583,The Pousse Cafe
tt0010584,The Praise Agent
tt0010585,Pretty Smooth
tt0010586,The Price Woman Pays
tt0010587,The Prince and Betty
tt0010589,Prinz Kuckuck - Die Höllenfahrt eines Wollüstlings
tt0010590,A Prize Fight
tt0010592,The Probation Wife
tt0010593,The Prodigal Liar
tt0010594,The Profiteer
tt0010595,The Profiteers
tt0010596,Prostitution
tt0010597,Prudence on Broadway
tt0010598,The President
tt0010599,The Puncher and the Pup
tt0010600,The Doll
tt0010601,Puppy Love
tt0010602,Put Up Your Hands!
tt0010603,Put Your Cares on Ice
tt0010604,Putting It Over
tt0010605,Putting One Over
tt0010606,Qui a tué?
tt0010607,The Quickening Flame
tt0010608,Quinneys
tt0010609,Die Rache ist mein
tt0010610,The Rajah
tt0010611,Ramuntcho
tt0010612,Intoxication
tt0010613,The Rebellious Bride
tt0010614,The Red Glove
tt0010615,Red Hot Dollars
tt0010616,The Red Lantern
tt0010617,The Red Viper
tt0010618,The Redhead
tt0010619,El regalo de reyes
tt0010620,A Regular Fellow
tt0010621,A Regular Girl
tt0010622,Around the World in 80 Days
tt0010624,Restless Souls
tt0010625,The Restless Three
tt0010626,El rey de las montañas
tt0010628,Rider of the Law
tt0010629,Riders of Vengeance
tt0010630,The Right to Happiness
tt0010631,The Righteous Revenge
tt0010632,Ring Up the Curtain
tt0010633,The River Gray and the River Green
tt0010634,La rivincita di Maciste
tt0010635,The Roaring Road
tt0010636,Die rollende Kugel
tt0010637,Romance and Arabella
tt0010638,Romance and Rings
tt0010639,Romeo's Dad
tt0010640,Roped
tt0010641,A Rosa do Adro
tt0010642,Rose of the West
tt0010643,Rosemary Climbs the Heights
tt0010644,The Rough Neck
tt0010645,Rough-Riding Romance
tt0010648,Rustlers
tt0010649,Rustling a Bride
tt0010650,A S'prise Party 'n Ever'thing
tt0010651,Sacred Silence
tt0010652,Sadie Love
tt0010653,A Sagebrush Hamlet
tt0010654,Sahara
tt0010655,Salome vs. Shenandoah
tt0010656,A Sammy in Siberia
tt0010657,Satan Junior
tt0010658,Saturday
tt0010659,Savva
tt0010660,The Sawdust Doll
tt0010661,The Scar
tt0010662,Scarlet Days
tt0010663,The Scarlet Shadow
tt0010665,Scenic Succotash
tt0010666,Schoonheidswedstrijd
tt0010667,Guilt
tt0010668,The Swabian Maiden
tt0010670,A Scream in the Night
tt0010671,Neither at Home or Abroad
tt0010672,The Sealed Envelope
tt0010673,Sealed Hearts
tt0010674,The Secret Garden
tt0010675,Secret Marriage
tt0010676,Secret Service
tt0010677,The Secret of the Moor
tt0010678,Die Seebadnixe
tt0010679,Seeing Things
tt0010680,The Sentimental Bloke
tt0010681,Separate Trails
tt0010682,Set Free
tt0010683,The Seventh Person
tt0010684,Shackles of Fate
tt0010685,Shades of Shakespeare
tt0010686,Shadows
tt0010687,Shadows of Suspicion
tt0010689,The Shell Game
tt0010690,The Shepherd of the Hills
tt0010691,The Sheriff's Son
tt0010692,Ship Ahoy
tt0010693,Should a Husband Forgive?
tt0010694,Should a Woman Tell?
tt0010695,Si  Senor
tt0010696,The Silk-Lined Burglar
tt0010697,The Silver King
tt0010699,Sir Sidney
tt0010700,The Siren's Song
tt0010701,Sis Hopkins
tt0010702,A Sisterly Scheme
tt0010703,Six Feet Four
tt0010704,Skinny  School and Scandal
tt0010705,The Sleeping Lion
tt0010706,Sleuths
tt0010707,Slides
tt0010708,Smashing Barriers
tt0010709,Smiles
tt0010710,Snares of Paris
tt0010711,The Sneak
tt0010712,Snow in the Desert
tt0010713,A Society Exile
tt0010714,Soft Money
tt0010715,Soldiers of Fortune
tt0010716,The Solitary Sin
tt0010717,Some Bride
tt0010718,Some Liar
tt0010719,Something to Do
tt0010720,A Son of David
tt0010721,Tarnished Reputations
tt0010722,Sound Your 'A'
tt0010723,The Spark Divine
tt0010724,Speed
tt0010725,The Speed Maniac
tt0010726,The Spiders - Episode 1: The Golden Sea
tt0010727,The Spitfire of Seville
tt0010728,The Splendid Sin
tt0010729,A Sporting Chance
tt0010730,A Sporting Chance
tt0010731,Spotlight Sadie
tt0010732,Spring Fever
tt0010733,Square Deal Sanderson
tt0010734,Squared
tt0010735,A Star Over Night
tt0010736,Stepping Out
tt0010737,A Stitch in Time
tt0010738,Strictly Confidential
tt0010739,The Stronger Vow
tt0010741,Subbing for Tom Mix
tt0010742,Such Is Life in Greenwich Village
tt0010743,Sue of the South
tt0010744,Sundown
tt0010745,The Sundown Trail
tt0010747,Sunnyside
tt0010748,Sunset Trail
tt0010749,Sunshine and Shadows
tt0010751,Surrogatet
tt0010752,Swat the Crook
tt0010753,Sweet Papa
tt0010754,Fairy of Solbakken
tt0010755,Sången om den eldröda blomman
tt0010756,Tangled Threads
tt0010757,The Tantalizing Fly
tt0010758,Tarazona
tt0010759,A Taste of Life
tt0010760,Teddy Birds
tt0010761,The Teeth of the Tiger
tt0010762,A Temperamental Wife
tt0010764,Theodora
tt0010765,The Terror of the Range
tt0010766,The Test of Honor
tt0010767,Die Teufelskirche
tt0010768,Thieves
tt0010769,Thin Ice
tt0010770,The Third Degree
tt0010771,The Third Kiss
tt0010772,This Hero Stuff
tt0010773,Thou Shalt Not
tt0010774,Three Green Eyes
tt0010775,Three Men and a Girl
tt0010777,Through the Toils
tt0010778,Through the Wrong Door
tt0010779,The Thunderbolt
tt0010780,Thunderbolts of Fate
tt0010781,The Tiger's Trail
tt0010782,Tin Pan Alley
tt0010783,To Him That Hath
tt0010784,Toby's Bow
tt0010785,Die Tochter des Mehemed
tt0010786,Todd of the Times
tt0010787,The Toilers
tt0010788,Told in the Hills
tt0010789,Ein toller Schwiegersohn
tt0010790,Tom's Little Star
tt0010791,The Tong Man
tt0010792,Too Many Crooks
tt0010793,The Dance of Death
tt0010794,Toton
tt0010795,The Trail of the Octopus
tt0010797,Training Eve
tt0010798,The Trap
tt0010799,Travail
tt0010800,Treat 'Em Rough
tt0010802,A Trick of Fate
tt0010804,Trixie from Broadway
tt0010805,A Tropical Eggs-pedition
tt0010806,True Heart Susie
tt0010807,The Turn in the Road
tt0010808,Turning the Tables
tt0010811,The Two Brides
tt0010812,The Two Doyles
tt0010813,Typical Mexican Aspects
tt0010814,Tänzerin Tod
tt0010815,Der Tänzer
tt0010816,Uncle Tom Without a Cabin
tt0010817,Under Suspicion
tt0010818,Under the Top
tt0010819,The Undercurrent
tt0010820,En ung mans väg
tt0010821,Eerie Tales
tt0010822,Unknown Love
tt0010823,The Unknown Quantity
tt0010824,The Unpainted Woman
tt0010825,The Unpardonable Sin
tt0010826,Unto the End
tt0010827,The Unwritten Code
tt0010828,Up in the Air After Alligators
tt0010829,The Uphill Climb
tt0010830,The Uplifters
tt0010831,Upstairs
tt0010832,Upstairs and Down
tt0010833,The Usurper
tt0010834,Vagabond Luck
tt0010835,The Valley of the Giants
tt0010836,Vamps and Variety
tt0010837,The Veiled Adventure
tt0010838,Vengeance and the Girl
tt0010839,The Vengeance of Durand
tt0010840,Venus in the East
tt0010841,Die Verführten
tt0010842,A Very Good Young Man
tt0010843,The Woman Next Door
tt0010844,Victory
tt0010845,Vida Nova
tt0010846,Virtuous Men
tt0010847,Virtuous Sinners
tt0010848,The Virtuous Thief
tt0010849,A Virtuous Vamp
tt0010851,The Volcano
tt0010852,Væddeløberen
tt0010853,Wagon Tracks
tt0010854,Wahnsinn
tt0010855,Wanted - $5  000
tt0010856,Wanted: A Husband
tt0010858,A Wasmanipae Week-End
tt0010859,A Tale of Two Worlds
tt0010860,The Way of a Man with a Maid
tt0010861,The Way of a Woman
tt0010862,The Way of the Strong
tt0010863,The Weaker Vessel
tt0010864,The Web of Chance
tt0010865,Well  I'll Be
tt0010866,West Is East
tt0010867,The Westerners
tt0010868,What Am I Bid?
tt0010869,What Every Woman Learns
tt0010870,What Love Forgives
tt0010871,When Bearcat Went Dry
tt0010872,When Doctors Disagree
tt0010873,When Fate Decides
tt0010874,When Knights Were Cold
tt0010875,When Love Is Blind
tt0010876,When Men Desire
tt0010877,When Pals Fall Out
tt0010878,When a Girl Loves
tt0010879,When the Clouds Roll by
tt0010880,Where the Screen Tree Grows
tt0010881,Where the West Begins
tt0010882,The White Heather
tt0010883,Who Cares?
tt0010884,Who Will Marry Me?
tt0010885,Who's Your Brother?
tt0010886,Whom the Gods Would Destroy
tt0010887,Why Divorce?
tt0010888,Why Mutt Left the Village
tt0010889,Why Smith Left Home
tt0010890,The Wicked Darling
tt0010891,Widow by Proxy
tt0010892,A Wild Goose Chase
tt0010893,Wild Waves and Angry Woman
tt0010894,The Wild Westerner
tt0010895,The Wilderness Trail
tt0010896,Will o' the Wisp
tt0010897,William Hohenzollern Sausage Maker
tt0010898,The Winchester Woman
tt0010899,The Window Cleaners
tt0010900,Wings of the Morning
tt0010901,The Winning Girl
tt0010902,The Winning Stroke
tt0010903,The Wishing Ring Man
tt0010904,With Hoops of Steel
tt0010905,The Witness for the Defense
tt0010906,The Wolf of the Tetons
tt0010907,The Wolf
tt0010908,Wolkenbau und Flimmerstern
tt0010909,Wolves of the Night
tt0010910,The Woman Michael Married
tt0010912,A Woman There Was
tt0010913,The Woman Thou Gavest Me
tt0010914,The Woman Under Cover
tt0010915,The Woman Under Oath
tt0010916,A Woman of Pleasure
tt0010918,Words and Music by -
tt0010919,The World Aflame
tt0010920,The World and Its Woman
tt0010921,The World to Live In
tt0010922,Wrangling Dudes
tt0010924,Yamata
tt0010925,Yankee Doodle in Berlin
tt0010926,A Yankee Princess
tt0010927,You Never Know Your Luck
tt0010928,You Never Saw Such a Girl
tt0010929,You're Fired
tt0010930,Young Mr. Jazz
tt0010931,Your Wife and Mine
tt0010932,Yvonne from Paris
tt0010933,Zip and Zest
tt0010934,Zonnestraal
tt0010935,Zonnetje
tt0010936,¡A la orden  mi coronel!
tt0010937,¿Sueño o realidad?
tt0010938,Âmes d'orient
tt0010939,Æresgjesten
tt0010940,Åh  i morron kväll
tt0010941,The $1 000 000 Reward
tt0010942,813
tt0010943,'If Only' Jim
tt0010945,39 East
tt0010946,Aan boord van de 'Sabina'
tt0010947,Evening - Night - Morning
tt0010948,The Adorable Savage
tt0010949,The Adventurer
tt0010950,The Adventures of Bob and Bill
tt0010951,Adventures of Hairbreadth Harry
tt0010952,Alas abiertas
tt0010953,Algol: Tragedy of Power
tt0010954,Alias Jimmy Valentine
tt0010955,Alias Miss Dodd
tt0010956,All Stuck Up
tt0010957,All of a Sudden Peggy
tt0010958,Along the Moonbeam Trail
tt0010959,Always Audacious
tt0010960,The Amateur Gentleman
tt0010961,Anita
tt0010962,Anna Boleyn
tt0010963,Anna the Adventuress
tt0010964,April Folly
tt0010965,An Arabian Knight
tt0010966,Are All Men Alike?
tt0010967,Arme Violetta
tt0010968,At the Villa Rose
tt0010969,Missing Husbands
tt0010970,Au-delà des lois humaines
tt0010971,The Eyes of the World
tt0010972,Aunt Rachel
tt0010973,Der ausgelöste Schwiegerpapa
tt0010974,Autour du mystère
tt0010975,Away Goes Prudence
tt0010976,Babs
tt0010977,Bachelor Apartments
tt0010978,Barbanegra
tt0010979,The Bare Idea
tt0010980,Baron Olson
tt0010981,The Barton Mystery
tt0010982,Beauties in Distress
tt0010983,The Beautiful Model
tt0010984,Beautifully Trimmed
tt0010985,Behold My Wife
tt0010986,Die Beichte einer Toten
tt0010987,Below the Surface
tt0010988,Berth of a Nation
tt0010989,The Best of Luck
tt0010990,Beware of the Bride
tt0010991,The Bicycle Race
tt0010992,Big Happiness
tt0010993,Big Stakes
tt0010994,Billions
tt0010995,Black Is White
tt0010996,Black Shadows
tt0010997,Foolish Monte Carlo
tt0010998,Blackbirds
tt0010999,Blackmail
tt0011000,Leaves From Satan's Book
tt0011001,Bleak House
tt0011002,Blind Wives
tt0011003,Blind Youth
tt0011004,Bloggie's Vacation
tt0011005,The Blood Barrier
tt0011006,The Blue Pearl
tt0011007,Blue Streak McCoy
tt0011008,Das Blut der Ahnen
tt0011009,Bobby Bumps' Orchestra
tt0011010,Bobby Bumps  the Cave Man
tt0011011,Boccaccio
tt0011012,Bodakungen
tt0011013,Bomben
tt0011014,Bonnie Bonnie Lassie
tt0011015,Bonnie May
tt0011016,Bookworms
tt0011017,The Bowling Alley
tt0011018,The Boxing Kangaroo
tt0011019,The Branded Four
tt0011020,The Branded Woman
tt0011021,The Branding Iron
tt0011022,Brave Toreador
tt0011023,The Breakfast Food Industry
tt0011024,The Breaking of the Drought
tt0011025,The Breath of the Gods
tt0011026,Bride 13
tt0011027,Bright Skies
tt0011028,The Bringers
tt0011029,The Broadway Bubble
tt0011030,Broadway and Home
tt0011031,The Hunchback and the Dancer
tt0011032,Bud Takes the Cake
tt0011033,Bud and Susie Join the Tecs
tt0011034,Bud and Tommy Take a Day Off
tt0011035,Los buitres de la aldea
tt0011036,Bullet Proof
tt0011037,The Bump
tt0011038,Burglar Proof
tt0011039,Burning Daylight
tt0011040,Burnt Wings
tt0011041,The Butterfly Man
tt0011042,The Call of the Road
tt0011044,Carmen
tt0011045,Carolina Rediviva
tt0011046,Castles in Spain
tt0011047,Chains of Evidence
tt0011048,The Challenge of the Law
tt0011049,The Charming Mrs. Chase
tt0011050,The Cheater
tt0011051,The Chemists
tt0011052,The Chewing Gum Industry
tt0011053,Chicken à la Cabaret
tt0011054,Children Not Wanted
tt0011055,The Chinaman
tt0011056,The Chorus Girl's Romance
tt0011057,Cinderella's Twin
tt0011058,The Circus
tt0011059,A City Sparrow
tt0011060,The City of Masks
tt0011061,Cleopatra
tt0011062,Clothes
tt0011063,The Clown's Little Brother
tt0011064,Cogida y muerte de Gallito o La tragedia de Talavera
tt0011066,Colombine
tt0011067,Colonel Newcombe  the Perfect Gentleman
tt0011068,Como el perro del hortelano
tt0011069,The Confession
tt0011070,Conrad in Quest of His Youth
tt0011071,Convict 13
tt0011072,Convém Martelar
tt0011073,The Copperhead
tt0011074,Coração de Gaúcho
tt0011075,Countess Bloggie
tt0011076,The County Fair
tt0011077,The Cowpunchers
tt0011078,The Cradle of Courage
tt0011079,Crooked Streets
tt0011080,A Csodagyerek
tt0011081,Cuando la patria lo mande
tt0011082,A Cumberland Romance
tt0011083,The Cup of Fury
tt0011084,Cupid
tt0011085,Cupid the Cowpuncher
tt0011086,The Cyclone
tt0011087,Cynthia of the Minute
tt0011089,The Dancin' Fool
tt0011090,Dangerous Business
tt0011091,Dangerous Days
tt0011092,Dangerous to Men
tt0011093,Daredevil Jack
tt0011094,The Dark Mirror
tt0011095,A Daughter of Two Worlds
tt0011096,Dead Eye Jeff
tt0011097,The Dead Line
tt0011098,Dead Men Tell No Tales
tt0011099,Deadline at Eleven
tt0011100,The Death Trap
tt0011101,Death Valley Kid
tt0011102,The Deep Purple
tt0011103,Deep Waters
tt0011104,Las delicias del campo
tt0011105,Democracy: The Vision Restored
tt0011106,Departed Spirits
tt0011107,Desert Love
tt0011108,Desire
tt0011109,The Desperate Hero
tt0011110,The Two Girls
tt0011111,The Devil to Pay
tt0011112,The Devil's Claim
tt0011113,The Devil's Garden
tt0011114,The Devil's Passkey
tt0011115,Devotion
tt0011116,Dice of Destiny
tt0011117,Dinty
tt0011118,Dollars and Sense
tt0011119,Dollars and the Woman
tt0011120,Don Juan Manuel
tt0011121,Don't Ever Marry
tt0011122,Don't Tickle
tt0011123,Don't Weaken!
tt0011124,De dood van Pierrot
tt0011125,Double Speed
tt0011126,A Double-Dyed Deceiver
tt0011127,Down Home
tt0011128,Down on the Farm
tt0011129,Down the Mississippi
tt0011130,Dr. Jekyll and Mr. Hyde
tt0011131,Dr. Jekyll and Mr. Hyde
tt0011133,Drag Harlan
tt0011134,The Dragon's Net
tt0011135,The Dream Cheater
tt0011136,Dry and Thirsty
tt0011137,Good and Evil
tt0011138,The Duchess of Seven Dials
tt0011139,Duds
tt0011140,Der Dummkopf
tt0011141,The Dwelling Place of Light
tt0011142,Dämon Blut - 2. Teil
tt0011143,Earthbound
tt0011144,An Eastern Westerner
tt0011145,Eastward Ho!
tt0011146,Easy to Get
tt0011148,Elmo the Fearless
tt0011149,The Elusive Pimpernel
tt0011150,The Emotional Miss Vaughn
tt0011151,The Empire of Diamonds
tt0011152,Empty Arms
tt0011153,En la hacienda
tt0011154,Los enmascarados de Mazatlán
tt0011155,Entgleist
tt0011156,Entierro de las víctimas del cuartel del Carmen
tt0011157,Erotikon
tt0011158,La escuadra en el puerto
tt0011159,The Scandal
tt0011160,El espectro del castillo
tt0011161,Everything But the Truth
tt0011162,The Evil Eye
tt0011163,Excuse My Dust
tt0011164,Experience
tt0011165,El expósito
tt0011166,Eyes of the Heart
tt0011167,The Face at Your Window
tt0011168,The Face at the Window
tt0011169,Faith
tt0011170,The False Road
tt0011171,Family Traditions
tt0011172,The Family Honor
tt0011173,Gypsy Anne
tt0011174,Fantomas - On the Stroke of Nine
tt0011175,Farm Efficiency
tt0011176,The Fatal Sign
tt0011177,The Fear Market
tt0011178,Felix O'Day
tt0011179,Os Fidalgos da Casa Mourisca
tt0011180,Fifty-Fifty
tt0011181,The Fighting Shepherdess
tt0011182,Firebrand Trevison
tt0011183,Made in the Kitchen
tt0011184,Fisherman's Luck
tt0011185,Fishing
tt0011186,Fiskebyn
tt0011187,Five Pounds Reward
tt0011188,Fixed by George
tt0011189,Flame of Youth
tt0011190,Flames of the Flesh
tt0011191,The Flaming Disc
tt0011192,Flapjacks
tt0011193,The Flapper
tt0011194,Flickorna i Åre
tt0011195,Der Fluch der Menschheit - 1. Die Tochter der Arbeit
tt0011196,For Those We Love
tt0011197,For the Soul of Rafael
tt0011198,The Forbidden Thing
tt0011199,Forbidden Trails
tt0011200,The Forbidden Valley
tt0011201,The Forbidden Woman
tt0011202,The Forest Runners
tt0011203,The Forged Bride
tt0011204,The Fortune Hunter
tt0011205,The Fortune Teller
tt0011206,45 Minutes from Broadway
tt0011207,The Fourteenth Man
tt0011208,Die Frau im Delphin  oder 30 Tage auf dem Meeresgrund
tt0011209,Die Frau in den Wolken
tt0011210,Frauen vom Gnadenstein
tt0011211,Fresh Paint
tt0011212,The Frisky Mrs. Johnson
tt0011213,From Now On
tt0011214,A Full House
tt0011215,The Furnace
tt0011216,Spanish Fiesta
tt0011217,Journey into the Night
tt0011218,The Garter Girl
tt0011219,Geeft ons kracht
tt0011220,Das Geheimnis von Bombay
tt0011221,Genuine: The Tragedy of a Vampire
tt0011222,Die geschlossene Kette
tt0011223,Get Out and Get Under
tt0011224,The Gift Supreme
tt0011225,The Gilded Dream
tt0011226,Ginger Mick
tt0011227,The Girl and the Law
tt0011228,The Girl in Number 29
tt0011230,The Girl in the Rain
tt0011231,The Girl in the Web
tt0011232,The Girl of My Heart
tt0011233,A Glutton for Punishment
tt0011234,Go and Get It
tt0011235,Going Some
tt0011236,Die goldene Krone
tt0011237,The Golem
tt0011238,Good References
tt0011239,Mat
tt0011240,The Great Accident
tt0011241,The Great Air Robbery
tt0011242,The Great Clean Up
tt0011243,The Great London Mystery
tt0011244,The Great Lover
tt0011245,The Great Pickle Robbery
tt0011246,The Great Redeemer
tt0011247,The Great Shadow
tt0011249,Greater Than Fame
tt0011250,The Greatest Love
tt0011251,The Green Flame
tt0011252,The Gray Wolf's Ghost
tt0011253,The Grocery Clerk
tt0011254,Das große Licht
tt0011255,Gum Shoe Work
tt0011256,Gyurkovicsarna
tt0011257,Hairpins
tt0011258,Handy Mandy's Goat
tt0011259,A Hard Luck Santa Claus
tt0011260,The Harp King
tt0011261,Harriet and the Piper
tt0011262,The Harvest Moon
tt0011263,Haunted Spooks
tt0011264,Das Haus zum Mond
tt0011265,The Hawk's Trail
tt0011266,He Loved Like He Lied
tt0011267,Headin' Home
tt0011268,Heart Strings
tt0011269,Heart of Twenty
tt0011270,The Heart of a Child
tt0011271,The Heart of a Woman
tt0011272,Hearts Are Trumps
tt0011273,Hegyek alján
tt0011274,Held in Trust
tt0011275,Held by the Enemy
tt0011276,De heldendaad van Peter Wells
tt0011277,Helen of Four Gates
tt0011278,Heliotrope
tt0011279,The Hell Ship
tt0011280,Helleveeg
tt0011281,Help Wanted - Male
tt0011282,Her Beloved Villain
tt0011283,Her Benny
tt0011284,Her Elephant Man
tt0011285,Her First Elopement
tt0011286,Her Five-Foot Highness
tt0011287,Her Honor the Mayor
tt0011288,Her Husband's Friend
tt0011289,Her Unwilling Husband
tt0011290,Master Over Life and Death
tt0011291,Hidden Dangers
tt0011292,The High Cost of Living
tt0011293,High and Dizzy
tt0011294,The Swallow and the Titmouse
tt0011295,His Brother's Keeper
tt0011296,His House in Order
tt0011297,His Musical Soup
tt0011298,Hitchin' Posts
tt0011299,Home Brew
tt0011300,Homespun Folks
tt0011301,Home Sweet Home
tt0011302,Man of the Sea
tt0011303,Honest Hutch
tt0011304,The Honest Jockey
tt0011305,The Honey Bee
tt0011306,Honor Bound
tt0011307,The Hope
tt0011308,Hot Dogs
tt0011309,The Hound of the Baskervilles
tt0011310,The Hour of Trial
tt0011311,The House of Whispers
tt0011312,The House of the Tolling Bell
tt0011313,Huckleberry Finn
tt0011314,Hula Hula Town
tt0011315,Human Collateral
tt0011316,Human Stuff
tt0011317,Humoresque
tt0011318,Der Hund von Baskerville - 6. Teil: Das Haus ohne Fenster
tt0011319,The Husband Hunter
tt0011320,The Husband Hunter
tt0011321,En hustru till låns
tt0011322,The Hypnotist
tt0011323,I'm Ringing Your Party
tt0011324,The Idol Dancer
tt0011325,If I Were King
tt0011326,Im Banne der Suggestion
tt0011327,Im letzten Augenblick
tt0011328,In Folly's Trail
tt0011329,In Search of a Sinner
tt0011330,In Wrong
tt0011331,The Unapproachable Woman
tt0011332,The Inferior Sex
tt0011333,The Inner Voice
tt0011334,The Invisible Divorce
tt0011335,The Invisible Hand
tt0011336,The Invisible Ray
tt0011337,The Iron Heart
tt0011338,The Iron Rider
tt0011339,Isobel or the Trail's End
tt0011341,It Might Happen to You
tt0011342,It's a Boy
tt0011343,Jack Straw
tt0011344,The Jack-Knife Man
tt0011345,Die Jagd nach dem Tode
tt0011346,Die Jagd nach der Wahrheit
tt0011347,The Jailbird
tt0011348,The Head of Janus
tt0011349,Jenny Be Good
tt0011350,Jes' Call Me Jim
tt0011351,Johannes Goth
tt0011352,Joselito o La vida y muerte de un matador
tt0011353,The Joyous Trouble-Makers
tt0011354,The Jucklins
tt0011355,Judith Trachtenberg
tt0011356,Judy of Rogues' Harbor
tt0011357,El judío polaco
tt0011358,Just Pals
tt0011359,Just a Wife
tt0011360,Kakadu und Kiebitz
tt0011361,Jackal
tt0011362,Karin Ingmarsdotter
tt0011363,The Kentucky Colonel
tt0011364,A kétarcú asszony
tt0011365,The Kids Find Candy's Catching
tt0011366,Kids Is Kids
tt0011367,King of the Circus
tt0011368,Kismet
tt0011369,The Monastery's Hunter
tt0011370,Klostret i Sendomir
tt0011371,Kohlhiesel's Daughters
tt0011372,Das Kreuz am Teufelsfelsen
tt0011373,Kurfürstendamm
tt0011374,The Courier from Lisbon
tt0011375,Die Kwannon von Okadera
tt0011376,Kärlek och björnjakt
tt0011377,Temperamental Artist
tt0011378,La La Lucille
tt0011379,Das lachende Grauen
tt0011380,The Ladder of Lies
tt0011381,A Lady in Love
tt0011382,Lady Noggs: Peeress
tt0011383,Lady Rose's Daughter
tt0011384,The Land of Jazz
tt0011385,The Land of Opportunity
tt0011386,The Last Straw
tt0011387,The Last of the Mohicans
tt0011388,The Latest in Underwear
tt0011389,The Law Divine
tt0011390,The Law of the Yukon
tt0011391,League of Nations
tt0011392,Leave It to Me
tt0011393,Leather Stocking: The Deerslayer and Chingachgook
tt0011394,Leather Stocking: The Last of the Mohicans
tt0011396,The Leopard Woman
tt0011397,Let 'er Go
tt0011398,Let's Be Fashionable
tt0011399,El león
tt0011400,Liebestaumel
tt0011401,The Life of the Party
tt0011402,Life's Twist
tt0011403,Lifting Shadows
tt0011404,Little Dorrit
tt0011405,The Little Grey Mouse
tt0011406,Little Miss Rebellion
tt0011407,The Little Wanderer
tt0011408,La llaga
tt0011409,Lo  die Kokette
tt0011410,Locked Lips
tt0011411,Lolo
tt0011412,London Pride
tt0011413,The Lost City
tt0011414,The Love Expert
tt0011415,The Love Flower
tt0011416,Love Madness
tt0011417,Love Without Question
tt0011418,Love's Harvest
tt0011419,Love  Honor and Behave!
tt0011420,The Luck of Geraldine Laird
tt0011421,The Luck of the Irish
tt0011422,Le lys de la vie
tt0011423,Maciste in vacanza
tt0011424,Maciste salvato dalle acque
tt0011425,Madame Récamier
tt0011426,Madame X
tt0011428,The Man from Kangaroo
tt0011429,A Broadway Cowboy
tt0011430,The Man Who Dared
tt0011431,The Man Who Lost Himself
tt0011432,Man and His Woman
tt0011433,A Man from Nowhere
tt0011434,Man's Plaything
tt0011435,A Manhattan Knight
tt0011436,Der Mann ohne Namen - 1. Der Millionendieb
tt0011437,Manolescus Memoiren
tt0011438,Marionetten der Leidenschaft
tt0011439,The Mark of Zorro
tt0011440,Markens grøde
tt0011441,Marooned Hearts
tt0011442,The Marquise of O
tt0011443,The Marriage Pit
tt0011444,Married Life
tt0011445,Das Martyrium
tt0011446,Mary Ellen Comes to Town
tt0011447,Mary Latimer  Nun
tt0011448,Mary's Ankle
tt0011449,Masamód
tt0011450,Masked
tt0011451,The Master Mind
tt0011452,A Master Stroke
tt0011453,The Medicine Man
tt0011454,Lord Chilcott
tt0011455,Merely Mary Ann
tt0011456,The Merry Cafe
tt0011457,Miarka  the Child of the Bear
tt0011458,Mice and Money
tt0011459,Mid-Channel
tt0011460,The Midlanders
tt0011461,The Midnight Bride
tt0011462,Midsummer Madness
tt0011463,Milestones
tt0011464,Un millonario va a casarse
tt0011465,The Mint Spy
tt0011466,The Miracle of Money
tt0011467,The Misfit Wife
tt0011468,The Misleading Lady
tt0011469,Miss Hobbs
tt0011470,Miss Nobody
tt0011471,Miss Rovel
tt0011472,Moi aussi  j'accuse
tt0011473,Molly and I
tt0011474,The Mollycoddle
tt0011475,The Money Changers
tt0011476,Monsieur Lebureau
tt0011477,Moon Madness
tt0011478,The Moon Riders
tt0011479,Mord... die Tragödie des Hauses Garrick
tt0011481,The Monster of Frankenstein
tt0011482,The Mother of His Children
tt0011483,Mothers of Men
tt0011484,Mountain Madness
tt0011485,Mr. Gilfil's Love Story
tt0011486,Mrs. Temple's Telegram
tt0011487,Mrs. Tutti Frutti
tt0011488,La muerte de Joselito
tt0011489,The Mutiny of the Elsinore
tt0011490,Mutt and Jeff in Iceland
tt0011491,Mutt and Jeff's Nooze Weekly
tt0011492,My Goodness
tt0011493,My Lady's Garter
tt0011494,The Mystery Mind
tt0011495,The Mystery of 13
tt0011496,The Mystery of the Galvanized Iron Ash Can
tt0011497,La mártir
tt0011498,Mátame
tt0011499,Mästerman
tt0011500,Na krasnom fronte
tt0011501,Die Nacht auf Goldenhall
tt0011502,Die Nacht der Königin Isabeau
tt0011503,Die Nacht ohne Morgen
tt0011504,Nachtbesuch in der Northernbank
tt0011505,Nance
tt0011506,Napoleon
tt0011507,Narayana
tt0011508,Neighbors
tt0011509,The New Cook's Debut
tt0011510,The New York Idea
tt0011511,A Night Out and a Day In
tt0011512,Noche de estreno
tt0011513,Nomads of the North
tt0011514,The North Pole
tt0011515,The North Wind's Malice
tt0011516,The North Woods
tt0011517,Nothing But Girls
tt0011518,Nothing But Lies
tt0011519,The Notorious Mrs. Sands
tt0011520,Number 17
tt0011521,Number  Please?
tt0011522,Nurse Marjorie
tt0011523,Nury
tt0011524,Die Nächte des Cornelis Brouwer
tt0011525,The Great Cattle War
tt0011526,Officer 666
tt0011527,Oh  Lady  Lady
tt0011528,The Old Arm Chair
tt0011529,Old Dad
tt0011530,An Old Fashioned Boy
tt0011531,Old Lady 31
tt0011532,Oliver Twist
tt0011533,On Our Selection
tt0011534,On Strike
tt0011535,On the Hip
tt0011536,Once to Every Woman
tt0011537,Once a Plumber
tt0011538,One Hour Before Dawn
tt0011539,One Hundred Percent Proof
tt0011540,One Round Jeff
tt0011541,One Week
tt0011542,The One-Way Trail
tt0011543,Operaciones del doctor Mas
tt0011544,El oprobio
tt0011545,Oranges and Lemons
tt0011546,The Orphan
tt0011547,Otello
tt0011548,The Ouija Board
tt0011549,Over the Hill to the Poorhouse
tt0011550,Overland Red
tt0011551,The Palace of Darkened Windows
tt0011552,The Paper Hangers
tt0011553,The Papoose
tt0011554,The Parlor Bolshevist
tt0011555,Parlor  Bedroom and Bath
tt0011556,Partners of the Night
tt0011557,Passers-by
tt0011558,The Path She Chose
tt0011559,Patience
tt0011560,La patrona de Berga
tt0011561,The Pawnbrokers
tt0011562,Pax vobiscum
tt0011563,Peaceful Valley
tt0011564,The Peddler of Lies
tt0011565,The Penalty
tt0011566,Penny of Top Hill Trail
tt0011567,The Perfect Woman
tt0011568,Perpetual Motion
tt0011569,Petit ange
tt0011570,Tom Thumb
tt0011571,The Phantom Foe
tt0011572,The Phantom Melody
tt0011573,Piccadilly Jim
tt0011574,Pillars of Society
tt0011575,Pink Tights
tt0011576,Pinto
tt0011577,Pirate Gold
tt0011578,The Place of Honeymoons
tt0011579,Play Ball
tt0011580,Pleasure Seekers
tt0011581,The Plumbers
tt0011582,The Plunger
tt0011583,The Point of View
tt0011584,Poker
tt0011585,The Politicians
tt0011586,Polly of the Storm Country
tt0011587,Polly with a Past
tt0011588,Pollyanna
tt0011589,The Poor Simp
tt0011590,The Poppy Trail
tt0011591,Por teléfono
tt0011594,Pour don Carlos
tt0011595,Prairie Trails
tt0011596,Pretzel Farming
tt0011597,The Prey
tt0011598,The Price of Redemption
tt0011599,The Price of a Good Sneeze
tt0011600,The Pride of the North
tt0011601,The Prince Chap
tt0011602,Prince embêté par Rigadin
tt0011603,The Prince of Avenue A
tt0011604,The Prince and the Pauper
tt0011605,The Private Detectives
tt0011606,Procesión del Corpus en Vigo
tt0011607,The Parson's Widow
tt0011608,The Vicar of Vejlby
tt0011609,The Pursuit of Pamela
tt0011610,Putting on the Dog
tt0011611,The Quack Doctor
tt0011612,Quatre-vingt-treize
tt0011614,The Reckless Sex
tt0011615,Red Foam
tt0011616,The Red Lane
tt0011617,The Merry-Go-Round
tt0011618,The Reincarnation of Serge Renaudier
tt0011619,Remodeling Her Husband
tt0011620,Reproducción de micelas de nitrato de plata por la acción de la luz
tt0011621,Respectable by Proxy
tt0011622,The Restaurant
tt0011623,The Restless Sex
tt0011624,The Revenge of Tarzan
tt0011625,The Riddle: Woman
tt0011626,Riders of the Dawn
tt0011627,The Right of Way
tt0011628,The Right to Lie
tt0011629,The Right to Love
tt0011630,Rio Grande
tt0011631,Risky Business
tt0011632,The River's End
tt0011633,The Road of Ambition
tt0011634,The Road to Divorce
tt0011635,Robbery Under Arms
tt0011636,A Modern Robinson
tt0011637,Rogues and Romance
tt0011638,Der Roman der Komtesse Ruth
tt0011639,Romance
tt0011640,Romance and Rheumatism
tt0011641,Romeo and Juliet in the Snow
tt0011642,Romão Gonçalves  Boxeur e Atleta
tt0011643,A Rose by Any Other Name
tt0011644,Rose of Nome
tt0011645,Der rote Falter
tt0011646,Rouge and Riches
tt0011647,The Round-up
tt0011648,The Rum Runners
tt0011649,Rupert of Hee Haw
tt0011650,Ruth of the Rockies
tt0011651,Sand
tt0011652,The Saphead
tt0011653,Sappho
tt0011654,Satanas
tt0011655,Saved from the Sea
tt0011656,The Scarecrow
tt0011657,The Scarlet Kiss
tt0011658,The Scarlet Rider
tt0011659,The Scarlet Wooing
tt0011660,Schakels
tt0011661,Das schleichende Gift
tt0011662,School Days
tt0011663,Die schwarze Spinne
tt0011664,Der Schädel der Pharaonentochter
tt0011665,The Scrap of Paper
tt0011666,Scratch My Back
tt0011667,The Screaming Shadow
tt0011668,Screen Follies No. 1
tt0011669,Screen Follies No. 2
tt0011670,The Scuttlers
tt0011671,The Sea Rider
tt0011672,The Sea Wolf
tt0011673,The Secret Gift
tt0011674,Seeds of Vengeance
tt0011675,Seeing It Through
tt0011676,Desire
tt0011677,The Servant Question
tt0011678,The Servant in the House
tt0011679,Sex
tt0011680,The Shadow Between
tt0011681,Shadows of the West
tt0011682,Shaking the Shimmy
tt0011683,The Shark
tt0011684,She Couldn't Help It
tt0011685,She Loves and Lies
tt0011686,Sherlock Hawkshaw and Company
tt0011687,Shipwrecked Among Cannibals
tt0011688,Shod with Fire
tt0011689,Shore Acres
tt0011690,The Shuttle of Life
tt0011691,Sick Abed
tt0011692,The Sign on the Door
tt0011693,The Silent Avenger
tt0011694,Silk Husbands and Calico Wives
tt0011695,The Silver Horde
tt0011696,Simple Souls
tt0011697,The Sins of St. Anthony
tt0011698,Sinners
tt0011699,Sinnesrausch
tt0011701,A Sister to Salome
tt0011702,The Six Best Cellars
tt0011703,Das Skelett des Herrn Markutius
tt0011704,Skomakarprinsen
tt0011705,The Skywayman
tt0011707,A Slave of Vanity
tt0011708,Slaves of Pride
tt0011709,The Slim Princess
tt0011710,Smiling All the Way
tt0011711,Snakeville's Champion
tt0011712,Snakeville's Debutantes
tt0011713,Snakeville's Hen Medic
tt0011714,So Long Letty
tt0011715,Sol de gloria
tt0011716,Something to Think About
tt0011717,The Son of Tarzan
tt0011718,A Son of the North
tt0011719,The Song Birds
tt0011720,The Sour Violin
tt0011721,The Soul of Youth
tt0011722,The Soilers
tt0011723,The Spiders - Episode 2: The Diamond Ship
tt0011724,The Spirit of Good
tt0011725,Spiritismus
tt0011726,A Splendid Hazard
tt0011727,The Sporting Duchess
tt0011728,Spuk auf Schloß Kitay
tt0011729,Square Shooter
tt0011730,The Star Boarder
tt0011731,Der Stern von Damaskus
tt0011732,The Stealers
tt0011733,The Steel King
tt0011734,Stop Thief
tt0011735,La storia di una donna
tt0011736,The Strange Boarder
tt0011737,The Street Called Straight
tt0011738,Stronger Than Death
tt0011739,The Strongest
tt0011740,Der Sturz in die Flammen
tt0011741,Suds
tt0011742,One Arabian Night
tt0011743,Sundown Slim
tt0011744,Sunset Sprague
tt0011745,Sweet Lavender
tt0011746,The Tailor Shop
tt0011747,The Tango Dancers
tt0011749,The Tattlers
tt0011750,The Temporary Lady
tt0011751,A Temporary Vagabond
tt0011752,Tenacidad
tt0011753,Terror Island
tt0011754,The Terror
tt0011755,Testimony
tt0011756,The Testing Block
tt0011757,Die Teufelsanbeter
tt0011758,The Texan
tt0011759,That Something
tt0011760,The Thief
tt0011761,The Third Eye
tt0011762,The Third Generation
tt0011763,The Third Woman
tt0011764,The 13th Commandment
tt0011765,Thora van Deken
tt0011766,Thou Art the Man
tt0011767,Thoughtless Women
tt0011768,3 Gold Coins
tt0011769,Three Raisins and a Cake of Yeast
tt0011770,Through Eyes of Men
tt0011771,Thunderbolt Jack
tt0011772,The Tidal Wave
tt0011773,The Tiger Band
tt0011774,The Tiger's Cub
tt0011775,A Tightrope Romance
tt0011776,The Timber Wolf
tt0011777,To Please One Woman
tt0011778,A Tokio Siren
tt0011779,The Toll Gate
tt0011780,Die tolle Heirat von Laló
tt0011781,Too Much Johnson
tt0011782,The Tower of Jewels
tt0011783,The Toy Makers
tt0011784,Trailed by Three
tt0011785,Treasure Island
tt0011786,The Tree of Knowledge
tt0011787,The Trembling Hour
tt0011788,Trent's Last Case
tt0011789,The Triflers
tt0011790,Trilladora trabajando
tt0011791,A Trip to Mars
tt0011792,True Tilda
tt0011793,Trumpet Island
tt0011794,The Truth About Husbands
tt0011795,Twice Two
tt0011796,Twin Beds
tt0011797,Twins of Suffering Creek
tt0011798,Two Kinds of Love
tt0011799,Two Moons
tt0011800,Two Weeks
tt0011801,Tötet nicht mehr
tt0011802,The U.P. Trail
tt0011803,Uncharted Channels
tt0011805,Under Crimson Skies
tt0011806,Under Northern Lights
tt0011807,Under Sentence
tt0011808,Under Two Jags
tt0011809,The Untamed
tt0011810,The Valley of Tomorrow
tt0011811,On the Waves of Happiness
tt0011812,The Vanishing Dagger
tt0011813,Vanishing Trails
tt0011814,The Veiled Marriage
tt0011815,The Veiled Mystery
tt0011816,Velvet Fingers
tt0011817,La venganza del marino
tt0011818,Het verborgen leven
tt0011819,Der verbotene Weg
tt0011820,Die Verwandlung
tt0011821,The Very Idea
tt0011822,The Vice of Fools
tt0011823,Vida cruel
tt0011824,La vida de Joselito y su muerte
tt0011825,The Vigilantes
tt0011827,The Village Sleuth
tt0011828,Village in Crisis
tt0011829,The Witch Virgin
tt0011830,The Virgin of Stamboul
tt0011831,The Virtuous Model
tt0011832,Voices
tt0011833,From Morning to Midnight
tt0011834,John Heriot's Wife
tt0011835,The Walk-Offs
tt0011836,The Wall Street Mystery
tt0011837,The Wandering Image
tt0011838,Wanted at Headquarters
tt0011839,Fate's Plaything
tt0011840,Water  Water  Everywhere
tt0011841,Way Down East
tt0011842,The Web of Deceit
tt0011843,Wedding Blues
tt0011844,The Week-End
tt0011845,Weltbrand
tt0011846,West Is West
tt0011847,What Happened to Jones
tt0011848,What Happened to Rosa
tt0011849,What Women Want
tt0011850,What Would You Do?
tt0011851,What's Your Hurry?
tt0011852,What's Your Husband Doing?
tt0011853,When Dawn Came
tt0011854,When the Devil Laughed
tt0011855,While New York Sleeps
tt0011856,The Whirlwind
tt0011857,The Whisper Market
tt0011858,Whispering Devils
tt0011859,The White Circle
tt0011860,The White Dove
tt0011861,White Lies
tt0011862,The White Moll
tt0011863,White Youth
tt0011864,Who's Your Servant?
tt0011865,Why Change Your Wife?
tt0011866,Wide Open Spaces
tt0011868,The Willow Tree
tt0011869,With All Her Heart
tt0011870,Within Our Gates
tt0011871,Wolf Tracks
tt0011872,The Woman Gives
tt0011873,The Woman and the Puppet
tt0011874,A Woman in Grey
tt0011875,The Woman in His House
tt0011876,The Woman in Room 13
tt0011877,The Woman in the Suitcase
tt0011878,A Woman's Business
tt0011879,Women Men Forget
tt0011880,The Wonder Man
tt0011881,The Wonderful Chance
tt0011882,The World and His Wife
tt0011883,A World of Folly
tt0011884,Would You Forgive?
tt0011885,The Wrestlers
tt0011886,Wuthering Heights
tt0011887,The Yacht Race
tt0011888,The Yellow Claw
tt0011889,The Yellow Typhoon
tt0011890,Yes or No
tt0011891,You Never Can Tell
tt0011892,Young Mrs. Winthrop
tt0011893,Youth's Desire
tt0011894,Youthful Folly
tt0011895,El zarco
tt0011896,Gypsy Blood
tt0011897,Zon
tt0011898,As God Made Her
tt0011899,Zuster Brown
tt0011900,Between Night and Dawn
tt0011901,Tillers of the Soil
tt0011902,Ett ödesdigert inkognito
tt0011903,$10 000 Under a Pillow
tt0011904,The Ace of Hearts
tt0011905,Across the Divide
tt0011906,Action
tt0011907,The Adventures of Sherlock Holmes
tt0011908,Adventures of Tarzan
tt0011909,The Affairs of Anatol
tt0011910,After Midnight
tt0011911,After Your Own Heart
tt0011912,After the Show
tt0011913,The Alarm
tt0011914,Alf's Button
tt0011915,Alias Ladyfingers
tt0011916,All Dolled Up
tt0011917,All Roads Lead to Calvary
tt0011918,All Souls' Eve
tt0011919,All's Fair in Love
tt0011920,An Amateur Devil
tt0011921,Even as Eve
tt0011922,Among Those Present
tt0011923,Love of Perdition
tt0011925,Annabelle Lee
tt0011926,Anne of Little Smoky
tt0011927,Another Man's Boots
tt0011928,Die Apotheke des Teufels
tt0011929,Appearances
tt0011930,Arrest Norma MacGregor
tt0011931,Arsene Lupin's Last Adventure
tt0011932,As the World Rolls On
tt0011933,Ashamed of Parents
tt0011934,The Asian Sun
tt0011935,Astray from the Steerage
tt0011936,At the End of the World
tt0011937,At the Stage Door
tt0011938,The Automobile Ride
tt0011939,The Avenging Arrow
tt0011940,Back from the Front
tt0011941,The Bait
tt0011942,The Bakery
tt0011943,Bar Nothing
tt0011944,The Barbarian
tt0011945,Bare Knuckles
tt0011946,The Barricade
tt0011947,The Bashful Suitor
tt0011948,Be My Wife
tt0011949,Be Reasonable
tt0011950,Beach of Dreams
tt0011951,Beating the Game
tt0011952,The Stronger Passion
tt0011953,Beau Revel
tt0011954,The Beautiful Gambler
tt0011955,The Beautiful Liar
tt0011956,The Beggar Maid
tt0011957,Behind Masks
tt0011958,The Bell Hop
tt0011959,Below the Deadline
tt0011960,The Wildcat
tt0011962,Die Beute der Erinnyen
tt0011963,Beyond
tt0011964,Beyond Price
tt0011965,Bhakta Vidur
tt0011966,The Big Adventure
tt0011967,Big Game
tt0011968,The Big Punch
tt0011969,Big Town Ideas
tt0011970,The Big Town Round-Up
tt0011971,Bilet Ferat
tt0011972,Bits of Life
tt0011973,Black Beauty
tt0011974,The Black Panther's Cub
tt0011975,Black Roses
tt0011976,Black Sheep
tt0011977,The Blazing Trail
tt0011978,Blind Hearts
tt0011979,The Blot
tt0011980,The Blue Fox
tt0011981,The Blue Mountains Mystery
tt0011982,Blue Sunday
tt0011983,The Blushing Bride
tt0011984,The Boat
tt0011985,Bob Hampton of Placer
tt0011986,Bobby Bumps Checkmated
tt0011987,Bobby Bumps Working on an Idea
tt0011988,Bobby Bumps in Hunting and Fishing
tt0011989,Bobby Bumps in Shadow Boxing
tt0011990,The Bonnie Brier Bush
tt0011991,Bony Parts
tt0011992,The Border Raiders
tt0011993,Boys Will Be Boys
tt0011994,Brand of Courage
tt0011995,Branded
tt0011996,The Breaking Point
tt0011997,Breaking Through
tt0011998,Brewster's Millions
tt0011999,Bright Eyes
tt0012000,Bring Him In
tt0012001,The Broadway Bride
tt0012002,A Broken Doll
tt0012003,The Broken Gate
tt0012004,The Broken Spur
tt0012005,The Bronze Bell
tt0012006,Brother of the Bear
tt0012007,Brownie's Baby Doll
tt0012008,Brownie's Little Venus
tt0012009,Der Brunnen des Wahnsinns
tt0012010,The Brute Master
tt0012011,Bucking the Line
tt0012012,Bucking the Tiger
tt0012013,Bullets or Ballots
tt0012014,Bunty Pulls the Strings
tt0012015,The Burden of Race
tt0012016,Buried Treasure
tt0012017,Burn 'Em Up Barnes
tt0012018,The Butterfly Girl
tt0012019,By Heck
tt0012020,By the Sea
tt0012021,Call from the Wild
tt0012022,Call a Cop
tt0012023,The Call of Youth
tt0012024,The Call of the Blood
tt0012025,The Call of the North
tt0012026,Cameron of the Royal Mounted
tt0012027,Camille
tt0012028,Cappy Ricks
tt0012029,Carnaval trágico
tt0012030,Carnival
tt0012031,Cartoonland
tt0012033,The Case of Becky
tt0012034,The Cave Girl
tt0012035,A Certain Rich Man
tt0012036,Charge It
tt0012037,The Charm School
tt0012038,The Charming Deceiver
tt0012039,Cheated Hearts
tt0012040,Cheated Love
tt0012041,The Cheater Reformed
tt0012043,The Chicken in the Case
tt0012044,Chickens
tt0012045,The Child Thou Gavest Me
tt0012046,Children of the Night
tt0012047,Chivalrous Charley
tt0012048,Christian Wahnschaffe  2. Teil - Die Flucht aus dem goldenen Kerker
tt0012049,Chums
tt0012050,Cinderella of the Hills
tt0012051,Circumstantial Evidence
tt0012052,Cirkus Bimbini
tt0012053,The City of Silent Men
tt0012054,Clay Dollars
tt0012055,The Clean Up
tt0012056,Closed Doors
tt0012057,Coincidence
tt0012058,Cold Steel
tt0012059,Cold Tea
tt0012060,Colorado
tt0012061,Colorado Pluck
tt0012063,Conceit
tt0012064,The Concert
tt0012065,O Condenado
tt0012066,Conflict
tt0012067,A Connecticut Yankee in King Arthur's Court
tt0012068,The Conquering Power
tt0012069,The Conquest of Canaan
tt0012070,Corazón de España o El triunfo de Granero
tt0012071,Corinthian Jack
tt0012072,Courage
tt0012073,Cousin Kate
tt0012074,The Cowboy Ace
tt0012075,The Cowpuncher's Comeback
tt0012076,A Crazy Idea
tt0012077,Crazy to Marry
tt0012078,The Crimson Cross
tt0012079,The Crimson Skull
tt0012080,Crossing Trails
tt0012081,Crows and Scarecrows
tt0012082,The Cup of Life
tt0012083,Cupid's Brand
tt0012084,Cyclone Bliss
tt0012085,Danger Ahead!
tt0012086,Dangerous Curve Ahead
tt0012087,Dangerous Lies
tt0012088,The Dangerous Moment
tt0012089,Dangerous Paths
tt0012090,Dangerous Toys
tt0012091,Daniel Deronda
tt0012092,Danton
tt0012093,Darkest Africa
tt0012094,Dashing North
tt0012095,The Daughter of the Don
tt0012096,A Daughter of the Law
tt0012097,Dawn of the East
tt0012098,De raza azteca
tt0012099,A Dear Fool
tt0012100,The Deceiver
tt0012101,Desert Blossoms
tt0012102,Desperate Trails
tt0012103,Desperate Youth
tt0012104,Devil Dog Dawson
tt0012105,The Devil Within
tt0012106,The Devil's Confession
tt0012107,The Devil
tt0012108,El diablo está en Zaragoza
tt0012109,The Diamond Queen
tt0012110,Discontented Wives
tt0012111,Disraeli
tt0012112,A Divorce of Convenience
tt0012113,Do or Die
tt0012114,The Dollar-a-Year Man
tt0012116,Don't Neglect Your Wife
tt0012117,Don't Tell Everything
tt0012118,Double Adventure
tt0012119,The Double O
tt0012120,Dr. Jim
tt0012121,Dr. Killjoy
tt0012122,Dream Street
tt0012123,Dreams of the Rarebit Fiend: The Pet
tt0012124,Du bist das Leben
tt0012125,Ducks and Drakes
tt0012126,Um Duelo Célebre
tt0012127,The Duke of Chimney Butte
tt0012128,Dynamite Allen
tt0012129,East Lynne
tt0012130,The Easy Road
tt0012131,Eden and Return
tt0012132,The Education of Elizabeth
tt0012133,Das Eheparadies
tt0012134,Eldorado
tt0012135,Elisabet
tt0012136,Enchantment
tt0012137,The Eternal Mother
tt0012138,Eve's Leaves
tt0012139,Ever Since Eve
tt0012141,Everything for Sale
tt0012142,Guarded Lips
tt0012143,Exit the Vamp
tt0012145,Extravagance
tt0012146,The Face of the World
tt0012147,Factory to Consumer
tt0012148,Fair Fighting
tt0012149,The Faith Healer
tt0012150,Der Falschspieler
tt0012151,False Kisses
tt0012152,The Family Closet
tt0012153,The Puppet Looks for Lodgement
tt0012154,Far East
tt0012155,The Far North
tt0012156,Fast Freight
tt0012157,The Fast Freight
tt0012158,Father's Close Shave
tt0012159,Felix
tt0012160,Fifty Candles
tt0012161,The Fighter
tt0012162,The Fightin' Actor
tt0012163,The Fighting Breed
tt0012164,Fighting Fate
tt0012165,The Fighting Lover
tt0012166,Fightin' Mad
tt0012167,The Fighting Stranger
tt0012168,The Film and the Flirt
tt0012169,Fine Feathers
tt0012170,The Fire Cat
tt0012171,The Fire Eater
tt0012172,The First Born
tt0012173,First Love
tt0012174,Fishing
tt0012175,Fièvre
tt0012176,Flivvering
tt0012177,Spanish Flower or the Bullfighter's Story
tt0012178,The Flower of the North
tt0012179,The Fly Cop
tt0012180,Food for Scandal
tt0012181,Fool's Paradise
tt0012182,The Foolish Age
tt0012183,The Foolish Matrons
tt0012184,Footfalls
tt0012185,Footlights
tt0012186,For Her Father's Sake
tt0012187,Forbidden Fruit
tt0012188,Forever
tt0012189,The Four Feathers
tt0012190,The Four Horsemen of the Apocalypse
tt0012191,The Fox
tt0012192,Mrs. Dane's Confession
tt0012193,Die Frau ohne Seele
tt0012194,The Freeze-Out
tt0012195,Der Friedhof der Lebenden
tt0012196,From the Ground Up
tt0012197,Fru Mariannes friare
tt0012198,The Fruitful Vine
tt0012199,Der Fürst
tt0012200,Galathea
tt0012201,Garments of Truth
tt0012202,Gasoline Gus
tt0012203,Gathering Coconuts
tt0012204,Die Geheimnisse von Berlin
tt0012205,Die Geierwally
tt0012206,Die Geliebte Roswolskys
tt0012207,Get Your Man
tt0012208,Get-Rich-Quick Peggy
tt0012209,Get-Rich-Quick Wallingford
tt0012210,Getting A-Head
tt0012211,Getting Theirs
tt0012212,Gevatter Tod
tt0012213,Ghost City
tt0012214,The Ghost in the Garret
tt0012215,The Gilded Lily
tt0012216,The Girl from God's Country
tt0012217,The Girl from Nowhere
tt0012218,The Girl in the Taxi
tt0012219,A Girl of the Bush
tt0012220,Girls Don't Gamble
tt0012222,The Glue Factory
tt0012223,Go Straight
tt0012224,The Goat
tt0012225,God's Crucible
tt0012226,God's Gold
tt0012227,Godless Men
tt0012228,The Golden Snare
tt0012229,The Golden Trail
tt0012230,Golfing
tt0012231,The Good Black Sheep
tt0012232,Good Women
tt0012233,The Good-Bad Wife
tt0012234,Der Graf von Cagliostro
tt0012235,Grausige Nächte
tt0012236,The Great Adventure
tt0012237,The Great Impersonation
tt0012238,The Great Moment
tt0012239,The Greater Profit
tt0012240,The Great Reward
tt0012241,The Greater Claim
tt0012242,Greater Than Love
tt0012243,The Grim Comedian
tt0012244,Guile of Women
tt0012245,A Guilty Conscience
tt0012246,The Gusher
tt0012247,Habit
tt0012248,Hail the Woman
tt0012249,Hamlet
tt0012250,Handcuffs or Kisses
tt0012251,Hands Off!
tt0012252,Hard Cash
tt0012253,Hard Luck
tt0012254,A Hard Shell Game
tt0012255,The Haunted House
tt0012256,Headin' North
tt0012258,The Heart Line
tt0012259,The Heart of Maryland
tt0012260,A Heart to Let
tt0012261,Hearts Up
tt0012262,Hearts and Masks
tt0012263,Hearts of Youth
tt0012264,Heedless Moths
tt0012265,Heinrich  wo ist die Hose
tt0012266,The Hell Diggers
tt0012267,Her Circus Man
tt0012268,Her Face Value
tt0012269,Her Lord and Master
tt0012270,Her Mad Bargain
tt0012271,Her Sturdy Oak
tt0012272,Der Herr aus dem Zuchthaus
tt0012273,The Hick
tt0012274,Hickville to Broadway
tt0012275,The Hidden Light
tt0012276,High Gear Jeffrey
tt0012277,High Heels
tt0012278,The 'High Sign'
tt0012279,The Highest Bidder
tt0012280,The Highest Law
tt0012281,Hintertreppe
tt0012282,His Four Fathers
tt0012283,His Greatest Sacrifice
tt0012284,His Nibs
tt0012285,His Own Law
tt0012286,His Pajama Girl
tt0012287,Hold Your Horses
tt0012288,The Hole in the Wall
tt0012289,The Home Stretch
tt0012290,Home Stuff
tt0012291,Home Talent
tt0012293,The Hope Diamond Mystery
tt0012294,The House That Jazz Built
tt0012295,The Hunch
tt0012296,The Hunger of the Blood
tt0012297,Hunger... Hunger... Hunger
tt0012298,Hurricane Hutch
tt0012299,Hush
tt0012300,Hush Money
tt0012301,Högre ändamål
tt0012302,I Am Guilty
tt0012303,I Do
tt0012304,The Idle Class
tt0012305,Idle Hands
tt0012306,The Idle Rich
tt0012307,The Idol of the North
tt0012308,If Women Only Knew
tt0012309,Ilona
tt0012310,Im Banne der Kralle
tt0012311,In Old Madrid
tt0012312,In the Heart of a Fool
tt0012313,Mysteries of India  Part II: Above All Law
tt0012314,Mysteries of India  Part I: Truth
tt0012316,The Inner Chamber
tt0012317,Innocent
tt0012318,The Inside of the Cup
tt0012319,The Invisible Fear
tt0012320,Invisible Ink
tt0012321,The Invisible Power
tt0012322,The Iron Trail
tt0012323,Irrende Seelen
tt0012324,Is Life Worth Living?
tt0012325,It Isn't Being Done This Season
tt0012326,It's a Bear
tt0012327,The Jack Rider
tt0012328,Jackie
tt0012329,Jane Eyre
tt0012330,Jiggin' on the Old Sod
tt0012331,Jiggs in Society
tt0012332,Jiggs and the Social Lion
tt0012333,Jim the Penman
tt0012334,Johan
tt0012335,Apachenrache  3. Teil - Die verschwundene Million
tt0012336,The Jolt
tt0012337,Jomfru Trofast
tt0012338,The Journey's End
tt0012339,Just for Fun
tt0012340,Just Out of College
tt0012341,Just Outside the Door
tt0012342,Justice d'abord
tt0012343,Kazan
tt0012344,Kean
tt0012345,Keeping Up with Lizzie
tt0012346,The Kentuckians
tt0012347,Kid Speed
tt0012348,The Kid's Pal
tt0012349,The Kid
tt0012350,The Killer
tt0012352,King  Queen and Joker
tt0012353,Kipps
tt0012354,Kiss and Make Up
tt0012355,A Kiss in Time
tt0012356,The Kiss
tt0012357,Kitchen  Bedroom  and Bath
tt0012358,Kleider machen Leute
tt0012359,Know Your Men
tt0012360,Krümelchen geht jagen
tt0012361,Krümelchen in der Sommerfrische
tt0012362,Kvarnen
tt0012363,Kärlek och hypnotism
tt0012364,The Phantom Carriage
tt0012365,Labyrinth of Horror
tt0012366,Ladies Must Live
tt0012367,The Lady from Longacre
tt0012368,Lady Hamilton
tt0012369,My Lady o' the Pines
tt0012370,The Lamplighter
tt0012371,The Land of Hope
tt0012372,Landliggeridyl - Vandgang
tt0012374,Landstraße und Großstadt
tt0012375,Love and Burglars
tt0012376,The Last Card
tt0012377,The Last Chance
tt0012378,The Last Door
tt0012379,The Last Trail
tt0012380,Laughter and Tears
tt0012381,Lavender and Old Lace
tt0012382,Leap Year
tt0012383,The Leech
tt0012384,Der Leidensweg der Inge Krafft
tt0012385,Lessons in Love
tt0012386,Die Liebschaften des Hektor Dalmore
tt0012387,Life's Darn Funny
tt0012388,Life's Greatest Question
tt0012389,The Light in the Clearing
tt0012390,Lilian
tt0012391,The Lion Hunters
tt0012393,The Little 'Fraid Lady
tt0012394,The Little Clown
tt0012395,The Little Fool
tt0012396,Little Italy
tt0012397,Little Lord Fauntleroy
tt0012398,The Little Minister
tt0012399,Little Miss Hawkshaw
tt0012400,Live Wires
tt0012401,Live and Let Live
tt0012402,Dead Game
tt0012403,Lonely Heart
tt0012404,The Lost Romance
tt0012405,Lotus Blossom
tt0012406,The Lotus Eater
tt0012407,The Love Charm
tt0012408,The Love Light
tt0012409,Love Never Dies
tt0012410,The Love Special
tt0012411,Love and Doughnuts
tt0012412,Love's Outcast
tt0012413,Love's Redemption
tt0012414,Love  Hate and a Woman
tt0012415,Lovetime
tt0012416,A Lowland Cinderella
tt0012417,The Lure of Egypt
tt0012418,The Lure of Jade
tt0012419,The Lure of Youth
tt0012420,The Lure of the Orient
tt0012421,Luring Lips
tt0012422,En lyckoriddare
tt0012423,Lying Lips
tt0012424,Ma's Wipe Your Feet Campaign
tt0012425,The Mad Marriage
tt0012426,Madame Incognito
tt0012427,Madame Peacock
tt0012428,Madame X und die 'Schwarze Hand'
tt0012429,Made in Heaven
tt0012430,Madeleine
tt0012431,Mademoiselle Fifi
tt0012432,The Magnificent Brute
tt0012433,Maid of the West
tt0012434,Mama's Affair
tt0012435,The Man from Lost River
tt0012436,The Man Tamer
tt0012437,The Man Trackers
tt0012438,The Man Who
tt0012439,The Man Who Had Everything
tt0012440,The Man Worthwhile
tt0012441,The Man from Texas
tt0012442,A Man of Stone
tt0012443,Man of the Forest
tt0012444,A Man's Home
tt0012445,Man-Woman-Marriage
tt0012446,Mann über Bord
tt0012447,The March Hare
tt0012448,The Marriage of William Ashe
tt0012449,Marry the Poor Girl
tt0012450,The Mask
tt0012451,The Match-Breaker
tt0012452,The Medium
tt0012453,The Frozen Child
tt0012454,Menschen im Rausch
tt0012455,Menschenwee
tt0012456,A Message from Mars
tt0012457,A Messy Christmas
tt0012458,A Midnight Bell
tt0012459,Millionaire for a Day
tt0012460,The Millionaire
tt0012461,Mimi Trottin
tt0012462,The Miracle of Manhattan
tt0012463,Miracles of the Jungle
tt0012464,Miss Charity
tt0012465,Miss Lulu Bett
tt0012466,The Mistress of Shenstone
tt0012467,Modeling
tt0012468,Molly O'
tt0012469,Money
tt0012470,The Money Maniac
tt0012471,Montana Bill
tt0012472,Moonlight Follies
tt0012473,Moonlight and Honeysuckle
tt0012475,Moral Fibre
tt0012476,Morals
tt0012477,Moth and Rust
tt0012478,Mother Eternal
tt0012479,The Mother Heart
tt0012480,Mother o' Mine
tt0012481,The Mountain Woman
tt0012482,Mr. Pim Passes by
tt0012483,A Muddy Bride
tt0012484,The Murder of General Gryaznov
tt0012485,My Best Girl
tt0012486,My Boy
tt0012487,My Lady Friends
tt0012488,My Lady's Latchkey
tt0012489,My Lord Conceit
tt0012490,The Mysterious Pearl
tt0012491,The Mysterious Rider
tt0012492,The Mystery Road
tt0012493,Mäuschen
tt0012494,Destiny
tt0012495,Die Nacht der Einbrecher
tt0012496,Nat Pinkerton im Kampf  1. Teil - Das Ende des Artisten Bartolini
tt0012497,The Naturalist
tt0012498,Nederland
tt0012499,Never Weaken
tt0012500,The New Disciple
tt0012501,The Night Before
tt0012502,The Night Horsemen
tt0012503,Nineteen and Phyllis
tt0012504,No Man's Woman
tt0012505,No Woman Knows
tt0012506,No. 5 John Street
tt0012507,Nobody's Fool
tt0012508,Nobody's Kid
tt0012509,The Northern Trail
tt0012510,Not Guilty
tt0012511,Not Wedded  But a Wife
tt0012512,Now or Never
tt0012513,The Nut
tt0012514,O'Malley of the Mounted
tt0012515,The Oath
tt0012516,The Off-Shore Pirate
tt0012517,Old Dynamite
tt0012518,The Old Nest
tt0012519,The Old Oaken Bucket
tt0012520,The Old Swimmin' Hole
tt0012521,The Old Wives' Tale
tt0012522,Oliver Twist  Jr.
tt0012523,On Account
tt0012524,On the High Card
tt0012525,On with the Show
tt0012526,Onder spiritistischen dwang
tt0012527,One Man in a Million
tt0012528,One Wild Week
tt0012529,One a Minute
tt0012530,The One-Man Trail
tt0012531,Opened Shutters
tt0012532,Orphans of the Storm
tt0012533,L'orpheline
tt0012534,The Other Woman
tt0012535,Out of the Chorus
tt0012536,Out of the Depths
tt0012537,The Outside Woman
tt0012538,Outside the Law
tt0012540,Over the Wire
tt0012541,Pagan Love
tt0012542,The Painter's Frolic
tt0012543,The Paleface
tt0012544,Pals
tt0012545,Pan Twardowski
tt0012546,Pardon My French
tt0012547,Pariserinnen
tt0012548,Parisette
tt0012549,The Parish Priest
tt0012550,A Parisian Scandal
tt0012551,Parted Curtains
tt0012552,Partners of Fate
tt0012553,Partners of the Tide
tt0012554,Passing Through
tt0012555,Passion Flower
tt0012556,Passion Fruit
tt0012557,The Passionate Friends
tt0012558,The Passionate Pilgrim
tt0012559,Patsy
tt0012560,Paying the Piper
tt0012561,Payment Guaranteed
tt0012562,Pearls and Savages
tt0012563,Peck's Bad Boy
tt0012564,Peggy Puts It Over
tt0012565,A Perfect Crime
tt0012566,Perjury
tt0012567,Pilgrims of the Night
tt0012568,Play Ball
tt0012569,Play Square
tt0012570,The Play House
tt0012571,Playing with Fire
tt0012572,Playmates
tt0012573,The Plaything of Broadway
tt0012574,Playthings of Destiny
tt0012575,Pobres niños
tt0012576,The Pony Express Rider
tt0012577,A Poor Relation
tt0012578,Poor  Dear Margaret Kirby
tt0012579,The Porcelain Lamp
tt0012580,The Poverty of Riches
tt0012581,Power
tt0012582,The Power Within
tt0012583,The Prey of the Dragon
tt0012584,The Price of Possession
tt0012585,The Price of Silence
tt0012586,The Primal Law
tt0012587,A Prince There Was
tt0012588,The Prince and the Beggarmaid
tt0012589,The Prince of Silence
tt0012590,Princess Jones
tt0012591,The Princess of New York
tt0012592,Prisca
tt0012593,Prisoners of Love
tt0012594,A Private Scandal
tt0012595,Proxies
tt0012596,Près des cimes
tt0012597,Puppets of Fate
tt0012598,The Purple Riders
tt0012599,Quando o Amor Fala
tt0012600,The Queen of Sheba
tt0012601,Queenie
tt0012602,In Bad
tt0012603,R.S.V.P.
tt0012604,The Rage of Paris
tt0012605,The Raiders
tt0012606,Rainbow
tt0012608,The Range Pirate
tt0012609,The Ranger and the Law
tt0012610,A Rare Bird
tt0012611,The Rats
tt0012612,Rechten der jeugd
tt0012613,Reckless Wives
tt0012614,The Recoil
tt0012615,Red Courage
tt0012616,The Referee
tt0012617,Remorseless Love
tt0012618,The Rent Collector
tt0012619,Reputation
tt0012620,Rhythmus 21
tt0012621,Rich Girl  Poor Girl
tt0012622,Der Richter von Zalamea
tt0012623,The Rider of the King Log
tt0012624,A Ridin' Romeo
tt0012625,Riding with Death
tt0012626,The Right Way
tt0012627,Rip Van Winkle
tt0012628,The Road Demon
tt0012629,The Road to London
tt0012630,Roads of Destiny
tt0012631,Souls on the Road
tt0012632,Der Roman der Christine von Herre
tt0012633,The Roof Tree
tt0012634,The Rookie's Return
tt0012635,Room and Board
tt0012636,The Rough Diamond
tt0012637,The Rowdy
tt0012638,Rudd's New Selection
tt0012639,The Ruse of the Rattler
tt0012640,Sacred and Profane Love
tt0012641,The Sage Hen
tt0012642,A Sailor-Made Man
tt0012643,Salvage
tt0012644,Salvation Nell
tt0012645,Mad Love
tt0012646,The Sawmill
tt0012647,The Scallywag
tt0012648,The Scarab Ring
tt0012649,Die Schauspielerin des Kaisers
tt0012650,Shattered
tt0012651,The Haunted Castle
tt0012652,School Days
tt0012653,Der Schwur des Peter Hergatz
tt0012654,The Scoffer
tt0012655,Scrambled Wives
tt0012656,Scrap Iron
tt0012657,The Sea Lion
tt0012658,Sea Shore Shapes
tt0012659,The Secret Four
tt0012660,Secret Sorrow
tt0012661,The Secret of the Hills
tt0012662,See My Lawyer
tt0012663,Seeing Greenwich Village
tt0012664,Sentimental Tommy
tt0012665,Serenade
tt0012666,Serving Two Masters
tt0012667,La señorita inútil
tt0012668,The Shadow of Lightning Ridge
tt0012669,Shadowed
tt0012670,Shadows of Conscience
tt0012671,Sham
tt0012672,Shame
tt0012673,Shams of Society
tt0012674,The Shark Master
tt0012675,The Sheik
tt0012676,Sheltered Daughters
tt0012677,The Sheriff
tt0012678,A Shocking Idea
tt0012679,A Shocking Night
tt0012680,Short Skirts
tt0012681,Should Husbands Do Housework?
tt0012682,The Show Down
tt0012683,Sie - was Sie denken  ist nicht
tt0012684,Silas Marner
tt0012685,The Silent Call
tt0012686,Silent Years
tt0012687,Silk Hosiery
tt0012688,A Bachelor Husband
tt0012689,Queen of the Turf
tt0012690,The Silver Car
tt0012691,The Silver Lining
tt0012692,The Sin Flood
tt0012693,The Sin of Martha Queed
tt0012694,Singing River
tt0012695,The Single Track
tt0012696,The Sins of Rosanne
tt0012697,Skinning Skinners
tt0012698,Skirts
tt0012699,The Sky Pilot
tt0012700,The Sky Ranger
tt0012701,A Small Town Idol
tt0012703,The Smart Sex
tt0012705,The Snob
tt0012706,Snowblind
tt0012707,Snowy Baker
tt0012708,Society Secrets
tt0012709,Society Snobs
tt0012710,Sunshine  Summer and Students
tt0012711,Some Sayings of Benjamin Franklin
tt0012712,Something Different
tt0012713,The Son of Wallingford
tt0012714,Sonia
tt0012715,The Soul of Man
tt0012716,Sowing the Wind
tt0012717,Spaghetti for Two
tt0012718,The Speed Girl
tt0012719,The Spenders
tt0012720,Playing with Fire
tt0012721,The Sport of Kings
tt0012722,The Stampede
tt0012723,Steelheart
tt0012724,Der Stier von Olivera
tt0012725,The Sting of the Lash
tt0012726,The Stolen Snooze
tt0012727,Straight from Paris
tt0012728,Straight Is the Way
tt0012729,Straight from the Shoulder
tt0012730,Stranger Than Fiction
tt0012731,Der Streik der Diebe
tt0012732,The Struggle
tt0012733,Such a Little Queen
tt0012734,Sure Fire
tt0012735,Suspicious Wives
tt0012736,The Swamp
tt0012738,Die Talentprobe
tt0012739,Tangled Trails
tt0012740,Daughter of the Night
tt0012741,Der Tanz um Liebe und Glück
tt0012742,Tavaszi szerelem
tt0012743,Teddy's Goat
tt0012744,The Ten Dollar Raise
tt0012745,La terre
tt0012746,Terror Trail
tt0012747,That Girl Montana
tt0012748,There Are No Villains
tt0012749,Into the Light
tt0012750,Third Class Male
tt0012751,A Thousand to One
tt0012752,The Three Musketeers
tt0012753,Three Sevens
tt0012754,Three Word Brand
tt0012755,Through the Back Door
tt0012756,Thunder Island
tt0012757,Thunderclap
tt0012758,Tiger True
tt0012759,Tilly of Bloomsbury
tt0012760,The Tinted Venus
tt0012761,Tit for Tat
tt0012762,To a Finish
tt0012763,Tol'able David
tt0012764,The Tomboy
tt0012765,The Tong Sandwich
tt0012766,Too Many Cooks
tt0012767,Too Much Married
tt0012768,Too Much Speed
tt0012769,Too Wise Wives
tt0012770,Torchy's Millions
tt0012771,Torgus
tt0012772,The Torrent
tt0012773,Toteninsel
tt0012774,Touring
tt0012775,Trailin'
tt0012776,Training Woodpeckers
tt0012777,Traveling Salesman
tt0012778,Treibende Kraft
tt0012779,A Trip to Paradise
tt0012780,Die Trommeln Asiens
tt0012781,Tropical Love
tt0012782,The Truant Husband
tt0012783,Trust Your Wife
tt0012784,The Turkish Bath
tt0012785,Two Minutes to Go
tt0012786,Two Weeks with Pay
tt0012788,Uncharted Seas
tt0012790,Under the Lash
tt0012791,The Unknown Wife
tt0012792,An Unwilling Hero
tt0012793,The Vacuum Cleaner
tt0012794,Vallfarten till Kevlaar
tt0012795,A Velha Gaiteira
tt0012796,Vendetta
tt0012797,The Vengeance Trail
tt0012798,The Ventriloquist
tt0012799,Fair of the Dove
tt0012800,Eine vergnügte Hochzeitsreise
tt0012801,The Vermilion Pencil
tt0012802,Vertauschte Paletots
tt0012803,Veszélyben a pokol
tt0012804,Vi of Smith's Alley
tt0012806,Four Around the Woman
tt0012807,Give Me My Son
tt0012808,Villa Destin
tt0012809,Village Cutups
tt0012810,A Virgin Paradise
tt0012811,A Virginia Courtship
tt0012812,Visages voilés... âmes closes
tt0012813,A Voice in the Dark
tt0012814,Voices of the City
tt0012815,Värmlänningarna
tt0012816,Víctima del odio
tt0012817,The Wakefield Case
tt0012818,The Wallop
tt0012819,The Wars of Mice and Men
tt0012820,Was der Totenkopf erzählt
tt0012821,Watering the Elephants
tt0012822,Wealth
tt0012823,Wedding Bells
tt0012824,A Week Off
tt0012825,Western Firebrands
tt0012826,Wet Gold
tt0012827,What Do Men Want?
tt0012828,What Every Woman Knows
tt0012829,What Love Will Do
tt0012830,What No Man Knows
tt0012831,What's Worth While?
tt0012832,What's Your Reputation Worth?
tt0012833,What's the Limit?
tt0012834,Whatever She Wants
tt0012835,When We Were 21
tt0012836,Where Lights Are Low
tt0012837,While the Devil Laughs
tt0012838,Whispering Shadows
tt0012839,The Whistle
tt0012840,The White Horseman
tt0012841,The White Masks
tt0012842,The White Mouse
tt0012843,White Oak
tt0012844,White and Unmarried
tt0012845,Who Am I?
tt0012846,Why Girls Leave Home
tt0012847,Why Trust Your Husband
tt0012848,A Wife's Awakening
tt0012849,The Wild Goose
tt0012850,Eine wilde Hummel
tt0012851,Wing Toy
tt0012852,Winners of the West
tt0012853,A Wise Fool
tt0012854,Wise Husbands
tt0012855,The Witching Hour
tt0012856,Without Benefit of Clergy
tt0012857,Without Limit
tt0012859,Wolves of the North
tt0012860,The Woman God Changed
tt0012861,The Woman Untamed
tt0012862,Woman's Place
tt0012863,Women Men Love
tt0012864,The Wonderful Thing
tt0012865,The Wonderful Year
tt0012866,Worlds Apart
tt0012867,The Wrong Woman
tt0012868,Das Wunder des Schneeschuhs
tt0012869,A Yankee Go-Getter
tt0012870,The Yellow Arm
tt0012871,You Find It Everywhere
tt0012872,Zirkus des Lebens
tt0012873,The Scarecrow
tt0012874,The Able-Minded Lady
tt0012875,According to Hoyle
tt0012876,Across the Border
tt0012877,Across the Continent
tt0012878,Across the Deadline
tt0012879,Adam and Eva
tt0012880,Adventures of Captain Kettle
tt0012881,The Adventures of Robinson Crusoe
tt0012882,Affinities
tt0012883,Afraid to Fight
tt0012884,El ahijado de los muertos
tt0012885,Alexandra
tt0012886,Alias Julius Caesar
tt0012887,Alias Phil Kennedy
tt0012888,All Wet
tt0012889,Alma húngara
tt0012890,Alma rifeña
tt0012891,The Altar Stairs
tt0012892,Always the Woman
tt0012893,Amatörfilmen
tt0012894,Anderssonskans Kalle
tt0012895,Angel of Crooked Street
tt0012896,The Angelus
tt0012897,Animals and Humans
tt0012898,Anna Ascends
tt0012899,Another Man's Shoes
tt0012900,Any Ice Today?
tt0012901,Any Night
tt0012902,Any Wife
tt0012903,Arabian Love
tt0012904,Arctic Adventure
tt0012905,Are Children to Blame?
tt0012906,Amid the Pyramids
tt0012907,Ashes
tt0012909,At the Crossroads
tt0012910,At the Sign of the Jack O'Lantern
tt0012911,Athletics and Women
tt0012912,Au seuil du harem
tt0012913,Aventuras de un estudiante
tt0012914,The Bachelor Daddy
tt0012915,A Bachelor's Baby
tt0012916,Back Home and Broke
tt0012917,Back Pay
tt0012918,Back to Yellow Jacket
tt0012919,Bad Boy
tt0012920,Barb Wire
tt0012921,Bardame
tt0012922,The Barnstormer
tt0012923,Barriers of Folly
tt0012924,Battling King
tt0012925,The Bear Cat
tt0012926,The Beautiful and Damned
tt0012927,The Beauty Shop
tt0012928,Beauty's Worth
tt0012929,Unmasked
tt0012930,Belle of Alaska
tt0012931,Bells of San Juan
tt0012932,Beside Her Cider
tt0012933,The Better Man Wins
tt0012934,Between Two Husbands
tt0012935,Beware of the Law
tt0012936,Beyond the Crossroads
tt0012937,Beyond the Rainbow
tt0012938,Beyond the Rocks
tt0012939,The Big Ranger
tt0012940,Big Stakes
tt0012941,Billy Jim
tt0012942,Bing Bang Boom
tt0012943,The Birthday
tt0012944,The Black Bag
tt0012945,The Blacksmith
tt0012946,Blandt Syd-Amerikas urskovsindianere
tt0012947,Blaze Away
tt0012948,Blazing Arrows
tt0012949,A Blind Bargain
tt0012950,Blind Circumstances
tt0012951,The Blonde Vampire
tt0012952,Blood and Sand
tt0012953,Blue Blazes
tt0012954,A Girl's Desire
tt0012955,Bluebeard  Jr.
tt0012956,Bobbed Hair
tt0012957,Bobby Bumps at School
tt0012958,The Bohemian Girl
tt0012959,The Bond Boy
tt0012960,The Bonded Woman
tt0012961,Boomerang Bill
tt0012962,Boomerang Justice
tt0012963,The Bootlegger's Daughter
tt0012964,The Bootleggers
tt0012965,Borderland
tt0012966,The Boss of Camp Four
tt0012967,A Bottle Baby
tt0012968,Bought and Paid For
tt0012969,Boy Crazy
tt0012970,Branded Man
tt0012971,Brawn of the North
tt0012972,Breaking Home Ties
tt0012973,The Burning Soil
tt0012974,The Bride's Confession
tt0012975,The Bride's Play
tt0012976,Broad Daylight
tt0012977,The Broadway Madonna
tt0012978,The Broadway Peacock
tt0012979,Broadway Rose
tt0012980,Broken Chains
tt0012981,Broken Shadows
tt0012982,The Broken Silence
tt0012983,Brothers Under the Skin
tt0012984,De bruut
tt0012985,Bubbles
tt0012986,Bumps and Thumps
tt0012987,Burning Sands
tt0012988,Butterfly Range
tt0012989,La bête traquée
tt0012990,Lumpaci the Vagabond
tt0012991,A California Romance
tt0012992,The Call of Courage
tt0012993,The Call of His People
tt0012994,The Call of Home
tt0012995,Calvert's Valley
tt0012996,Camino de la venganza
tt0012997,Captain Fly-by-Night
tt0012998,Captain Kidd
tt0012999,Carceleras
tt0013000,Cardigan
tt0013001,The Cashier
tt0013002,Catch My Smoke
tt0013003,Caught Bluffing
tt0013004,O Centenário
tt0013005,Chain Lightning
tt0013006,The Challenge
tt0013007,The Challenge
tt0013008,Champions
tt0013009,Channing of the Northwest
tt0013010,Chasing the Moon
tt0013011,The Chewing Gum Industry
tt0013012,Beyond Decline
tt0013013,Christmas
tt0013014,Cinderella
tt0013015,Circus Clowns
tt0013016,Clarence
tt0013017,The Coastguard
tt0013018,Cold Turkey
tt0013019,Colleen of the Pines
tt0013020,Colonel Heeza Liar's Treasure Island
tt0013021,Come Clean
tt0013022,Come on Over
tt0013023,Confidence
tt0013024,Conquering the Woman
tt0013025,Cops
tt0013026,Corrida de Touros
tt0013027,The Country Flapper
tt0013028,Court Plastered
tt0013029,The Cowboy King
tt0013030,The Cowboy and the Lady
tt0013031,The Cradle Buster
tt0013032,The Cradle
tt0013033,Crainquebille
tt0013034,The Crimson Challenge
tt0013035,The Crimson Circle
tt0013036,The Crimson Clue
tt0013037,Cross Roads
tt0013038,The Crossroads of New York
tt0013039,The Crow's Nest
tt0013040,The Crusader
tt0013041,The Crystal Gazer
tt0013042,The Cub Reporter
tt0013043,Los cuervos
tt0013044,The Curse of Drink
tt0013045,The Danger Point
tt0013046,A Dangerous Adventure
tt0013047,A Dangerous Game
tt0013048,The Dangerous Little Demon
tt0013049,Dangerous Pastime
tt0013050,Daring Danger
tt0013051,Dark Secrets
tt0013052,The Darling of the Rich
tt0013053,A Daughter of Luxury
tt0013054,Dawn of Revenge
tt0013055,Day Dreams
tt0013057,A Debt of Honour
tt0013058,The Deputy's Double Cross
tt0013059,Once Upon a Time
tt0013060,The Desert Bridegroom
tt0013061,The Desert's Crucible
tt0013062,Deserted at the Altar
tt0013063,Desperation
tt0013064,O Destino
tt0013065,Destiny's Isle
tt0013066,Determination
tt0013067,The Deuce of Spades
tt0013068,The Sleep of Cyma Roget
tt0013069,Diamond Carlisle
tt0013070,Dick Turpin's Ride to York
tt0013071,The Dictator
tt0013072,Divorce Coupons
tt0013073,Do Dreams Come True?
tt0013074,Do and Dare
tt0013075,Dr. Jack
tt0013076,A Doll's House
tt0013077,Domestic Relations
tt0013078,Don Juan Tenorio
tt0013079,Don't Doubt Your Wife
tt0013080,Don't Get Personal
tt0013081,Don't Shoot
tt0013082,Don't Write Letters
tt0013083,Double Stakes
tt0013084,Doubling for Romeo
tt0013085,Down to the Sea in Ships
tt0013086,Dr. Mabuse  the Gambler
tt0013087,Die drei Marien und der Herr von Marana
tt0013088,The Dresden Doll
tt0013089,The Duck Hunter
tt0013090,La dulce Paz
tt0013091,Dusk to Dawn
tt0013092,Dust Flower
tt0013093,East Is West
tt0013094,Easy to Cop
tt0013095,Ebb Tide
tt0013096,The Egg
tt0013097,Der eingeweichte Don Juan
tt0013098,Einmal und nie wieder
tt0013099,The Electric House
tt0013100,Elope If You Must
tt0013101,Enter Madame
tt0013102,Entertaining the Boss
tt0013103,Environment
tt0013104,The Eternal Flame
tt0013105,Evidence
tt0013106,The Experiment
tt0013107,Extra! Extra!
tt0013108,The Face Between
tt0013109,The Face in the Fog
tt0013110,Fair Lady
tt0013112,The Fallen Archers
tt0013113,Falls Ahead
tt0013114,The False Dimitri
tt0013115,False Fronts
tt0013116,Famous Men
tt0013117,Farende folk
tt0013118,Os Faroleiros
tt0013119,Fascination
tt0013120,The Fast Mail
tt0013121,Der Favorit der Königin
tt0013122,The Woman from Nowhere
tt0013123,Fighting Back
tt0013124,The Fighting Streak
tt0013125,Le fils du flibustier
tt0013126,Find the Woman
tt0013127,Fire Fighters
tt0013128,The Firebrand
tt0013129,The Fish
tt0013130,Five Days to Live
tt0013131,The $5 Baby
tt0013132,Flames of Passion
tt0013133,The Flaming Hour
tt0013134,Flesh and Blood
tt0013135,Flesh and Spirit
tt0013136,Flying Shadows
tt0013137,Flies
tt0013138,The Flirt
tt0013139,A Fool There Was
tt0013140,Foolish Wives
tt0013141,Fools First
tt0013142,Fools of Fortune
tt0013143,For Big Stakes
tt0013144,For the Defense
tt0013145,Forget Me Not
tt0013146,The Forgotten Law
tt0013147,Forsaking All Others
tt0013148,Fortune's Mask
tt0013149,The Four Musicians of Bremen
tt0013150,Fourteenth Lover
tt0013151,Fox Farm
tt0013152,Women's Sacrifice
tt0013153,Free Air
tt0013154,French Heels
tt0013155,The Freshie
tt0013156,Fridericus Rex - 1. Teil: Sturm und Drang
tt0013157,A Front Page Story
tt0013158,The Frozen North
tt0013159,Das fränkische Lied
tt0013160,Fröken på Björneborg
tt0013161,The Galloping Kid
tt0013162,A Game Chicken
tt0013163,The Game of Life
tt0013165,Gas  Oil and Water
tt0013166,Gay and Devilish
tt0013167,Die Geliebte des Königs
tt0013168,Getting Even
tt0013169,Love One Another
tt0013170,The Ghost Breaker
tt0013171,A Ghostly Wallop
tt0013172,The Girl from Rocky Point
tt0013173,The Girl Who Ran Wild
tt0013174,The Girl in His Room
tt0013175,The Girl of the West
tt0013178,One Glass of Water
tt0013179,Glass Houses
tt0013180,Gleam O'Dawn
tt0013181,Gloria que mata
tt0013182,The Glorious Adventure
tt0013183,The Glorious Fool
tt0013184,The Glory of Clementina
tt0013185,Go Get 'Em Hutch
tt0013186,Go Get 'em Gates
tt0013188,Gold Grabbers
tt0013189,Golden Dreams
tt0013190,The Golden Gallows
tt0013191,The Golden Gift
tt0013192,Golden Silence
tt0013193,Goldie Locks and the Three Bears
tt0013194,Golf
tt0013195,Golfing
tt0013196,Good Men and True
tt0013197,The Good Provider
tt0013198,The Count of Charolais
tt0013199,Der Graf von Essex
tt0013200,Grand Larceny
tt0013201,Grandma's Boy
tt0013202,The Gray Dawn
tt0013203,The Great Alone
tt0013204,The Great Night
tt0013205,The Green Temptation
tt0013207,The Countess of Paris
tt0013208,Gun Shy
tt0013209,The Guttersnipe
tt0013210,Gym Jams
tt0013211,Gymnasium Jim
tt0013212,A Gypsy Cavalier
tt0013213,The Gypsy Trail
tt0013214,Half a Truth
tt0013215,A halott szerelme
tt0013216,Handle with Care
tt0013217,The Hands of Nara
tt0013218,Happy Old Man
tt0013219,Hate
tt0013220,The Hate Trail
tt0013221,Head Over Heels
tt0013222,Headin' West
tt0013223,The Headless Horseman
tt0013224,The Heart Specialist
tt0013225,The Heart of Lincoln
tt0013226,The Heart of a Texan
tt0013227,Heart's Haven
tt0013228,Hellhounds of the West
tt0013229,Her Gilded Cage
tt0013230,Her Husband's Trademark
tt0013231,Her Night of Nights
tt0013232,Her Own Money
tt0013233,Herren der Meere
tt0013234,Spark
tt0013235,The Hidden Woman
tt0013236,Hills of Missing Men
tt0013237,Hired and Fired
tt0013238,His Back Against the Wall
tt0013240,His Wife's Husband
tt0013241,Hither and Thither
tt0013242,Das hohe Lied der Liebe
tt0013243,The Hole Cheese
tt0013244,Hombre sin patria
tt0013245,Home Made Movies
tt0013246,A Homespun Vamp
tt0013247,Honor First
tt0013248,Hoot Mon
tt0013249,Hop  Skip  and Jump
tt0013250,Hope
tt0013251,The Hottentot
tt0013252,How Women Love
tt0013253,Human Hearts
tt0013254,Hungry Hearts
tt0013255,Hurricane's Gal
tt0013256,The Hypnotist
tt0013257,Häxan
tt0013258,El héroe de la legión
tt0013259,I Am the Law
tt0013260,I Can Explain
tt0013261,If I Were Queen
tt0013262,If You Believe It  It's So
tt0013263,Im Kampf mit dem Berge - 1. Teil: In Sturm und Eis - Eine Alpensymphonie in Bildern
tt0013264,The Impossible Mrs. Bellew
tt0013265,In the Days of Buffalo Bill
tt0013266,In the Name of the Law
tt0013267,The Infidel
tt0013268,Insinuation
tt0013269,Iron to Gold
tt0013270,Is Matrimony a Failure?
tt0013271,Isidro Labrador
tt0013272,Island Wives
tt0013273,Isle of Doubt
tt0013274,Istoriya grazhdanskoy voyny
tt0013275,Jack and the Beanstalk
tt0013276,De jantjes
tt0013277,The Jilt
tt0013278,John Smith
tt0013279,Josef und seine Brüder
tt0013280,Youth
tt0013281,Jumping Beans
tt0013282,June Madness
tt0013283,The Jungle Goddess
tt0013284,Just Tony
tt0013285,Just a Song at Twilight
tt0013286,Kauft Mariett-Aktien
tt0013287,Keep 'Em Home
tt0013288,The Kentucky Derby
tt0013289,Kick In
tt0013290,The Kickback
tt0013291,Das Kind muß doch 'nen Vater haben!
tt0013292,Kindled Courage
tt0013293,Kindred of the Dust
tt0013294,KingFisher's Roost
tt0013296,The Kingdom Within
tt0013297,Kissed
tt0013298,Kisses
tt0013299,Kjærlighet på pinde
tt0013300,Das Komödiantenkind
tt0013301,Kärlekens ögon
tt0013302,The Ladder Jinx
tt0013303,The Lane That Had No Turning
tt0013304,The Last Laugh
tt0013305,The Last Shot
tt0013306,The Lavender Bath Lady
tt0013307,The Law and the Woman
tt0013308,The Leather Pushers
tt0013309,Lebenshunger
tt0013310,De leugen van Pierrot
tt0013311,The Song of Life
tt0013312,The Light in the Dark
tt0013313,The Lights of New York
tt0013314,Lights of the Desert
tt0013315,The Lilac Sunbonnet
tt0013316,Little Brother of God
tt0013317,Little Eva Ascends
tt0013318,The Little Minister
tt0013319,Little Miss Bluebonnet
tt0013320,Little Miss Mischief
tt0013321,Little Miss Smiles
tt0013322,The Little Rascal
tt0013323,Little Red Riding Hood
tt0013324,Little Wildcat
tt0013325,Living Lies
tt0013326,The Loaded Door
tt0013327,Lola Montez  die Tänzerin des Königs
tt0013328,The Lone Hand
tt0013329,The Long Chance
tt0013330,Long Live the King
tt0013331,Lord Saviles brott
tt0013332,Lorna Doone
tt0013333,The Love Gambler
tt0013334,Love Is an Awful Thing
tt0013335,Love in the Dark
tt0013336,Love's Boomerang
tt0013337,Love's Influence
tt0013338,Love's Masquerade
tt0013339,A Lover's Oath
tt0013340,Lucky Dan
tt0013341,The Lucky Dog
tt0013342,Lucrezia Borgia
tt0013343,Luffar-Petter
tt0013344,Luise Millerin
tt0013346,Lure of Gold
tt0013347,Lyda Ssanin
tt0013348,The Lying Truth
tt0013349,Ma and Pa
tt0013350,Macht der Versuchung
tt0013351,Maciste e la figlia del re dell'argento
tt0013352,Mackerel Fishing
tt0013353,The Madness of Love
tt0013355,Making the Grade
tt0013356,The Man from Hell's River
tt0013357,The Man She Brought Back
tt0013358,The Man Unconquerable
tt0013359,Man Under Cover
tt0013360,Man Wanted
tt0013361,The Man Who Married His Own Wife
tt0013362,The Man Who Paid
tt0013363,The Man Who Played God
tt0013364,The Man Who Saw Tomorrow
tt0013365,The Man Who Waited
tt0013366,Man with Two Mothers
tt0013367,The Man from Beyond
tt0013368,The Man from Downing Street
tt0013369,The Man from Home
tt0013370,The Man of Courage
tt0013371,Man to Man
tt0013372,Manslaughter
tt0013373,Marizza
tt0013374,Marquise von Pompadour
tt0013375,The Marriage Chance
tt0013376,The Married Flapper
tt0013377,Married People
tt0013378,El martirio de vivir
tt0013379,The Masked Avenger
tt0013380,The Masquerader
tt0013381,A Master of Craft
tt0013382,Matching Wits
tt0013383,Matrimonial Web
tt0013384,The Men of Zanzibar
tt0013385,Menschenopfer
tt0013386,Merry-Go-Round
tt0013387,Meseország
tt0013388,Messalina
tt0013389,Midnight
tt0013390,Militona  la tragedia de un torero
tt0013391,The Milky Way
tt0013392,Minnie
tt0013393,Miracle-Maker
tt0013395,Missing Millions
tt0013397,Mixed Faces
tt0013398,Modern Fishing
tt0013399,The Mohican's Daughter
tt0013400,Money to Burn
tt0013401,Monsieur Lebidois propriétaire
tt0013402,Monte Cristo
tt0013403,Moonshine Valley
tt0013404,Moran of the Lady Letty
tt0013405,More to Be Pitied Than Scorned
tt0013406,The Mosquito
tt0013407,Mother Machree
tt0013408,A Motion to Adjourn
tt0013409,Mottige Janus
tt0013410,Movies of the Future
tt0013411,Mr. Barnes of New York
tt0013412,Mr. Bingle
tt0013413,Mr. Potter of Texas
tt0013415,Mrs. Dane's Danger
tt0013416,Mud and Sand
tt0013417,My American Wife
tt0013418,My Dad
tt0013419,My Friend the Devil
tt0013421,My Old Kentucky Home
tt0013422,My Wife's Relations
tt0013423,My Wild Irish Rose
tt0013424,Die Nacht der Medici
tt0013425,Nan of the North
tt0013426,Nancy from Nowhere
tt0013427,Nanook of the North
tt0013428,Nathan der Weise
tt0013429,Nearing the End
tt0013430,Nero
tt0013431,The New Minister
tt0013432,The New Teacher
tt0013433,Nice People
tt0013434,Night Life in Hollywood
tt0013435,Nine Points of the Law
tt0013436,The Ninety and Nine
tt0013437,La ninfa del río
tt0013438,Two Little Birds Kano
tt0013439,No Trespassing
tt0013440,Nobody
tt0013441,North of the Rio Grande
tt0013442,Nosferatu
tt0013443,Notoriety
tt0013444,Number 13
tt0013445,Nun hat's geschnappt
tt0013446,Oath-Bound
tt0013448,Oh  Mabel Behave
tt0013449,The Old Homestead
tt0013450,Oliver Twist
tt0013451,Omar the Tentmaker
tt0013452,The House Surrounded
tt0013454,On Patrol
tt0013455,On the High Seas
tt0013456,One Clear Call
tt0013457,One Eighth Apache
tt0013458,One Exciting Night
tt0013459,One Glorious Day
tt0013460,One Moment's Temptation
tt0013461,One Stormy Knight
tt0013462,One Terrible Day
tt0013463,One Week of Love
tt0013464,One Wonderful Night
tt0013465,Only a Shop Girl
tt0013466,The Ordeal
tt0013467,Orphan Sally
tt0013469,Othello
tt0013470,The Other Side
tt0013471,Other Women's Clothes
tt0013472,Our Gang
tt0013473,Our Leading Citizen
tt0013474,L'ouragan sur la montagne
tt0013475,Out of the Silent North
tt0013476,Outcast
tt0013477,Over the Border
tt0013478,Paid Back
tt0013479,Pals of the West
tt0013480,Pan
tt0013481,Pardon My Nerve!
tt0013482,Partners of the Sunset
tt0013483,A Pasteboard Crown
tt0013484,Paul fliegt
tt0013485,Pawned
tt0013486,Pay Day
tt0013487,Peacock Alley
tt0013488,Peg o' My Heart
tt0013489,Peggy  Behave!
tt0013490,Penrod
tt0013491,Perils of the Yukon
tt0013492,Die Perlen der Lady Harrison
tt0013493,The Persistent Lovers
tt0013494,The Pest
tt0013495,Petticoat Loose
tt0013496,Phantom
tt0013497,The Phoney Focus
tt0013498,Phroso
tt0013499,Pink Gods
tt0013500,The Pointing Finger
tt0013501,Polikushka
tt0013502,Polly of the Follies
tt0013503,Pömperly's Kampf mit dem Schneeschuh
tt0013506,The Power of Love
tt0013507,The Power of a Lie
tt0013508,The Prairie Mystery
tt0013509,Prejudice
tt0013510,The Price of Youth
tt0013511,The Pride of Palomar
tt0013512,The Primitive Lover
tt0013513,O Primo Basílio
tt0013514,The Life of Lord Byron
tt0013515,The Prisoner of Zenda
tt0013516,The Prodigal Judge
tt0013517,The Prophet's Paradise
tt0013518,Nora
tt0013519,Pure and Simple
tt0013520,Puss in Boots
tt0013522,Queen of the Moulin Rouge
tt0013523,A Question of Honor
tt0013524,A Quiet Street
tt0013525,Quincy Adams Sawyer
tt0013526,A Race for a Father
tt0013527,The Radio King
tt0013528,The Ragged Heiress
tt0013529,Rags to Riches
tt0013530,Railroading
tt0013532,Rangeland
tt0013533,The Ranger's Reward
tt0013534,The Rapids
tt0013535,Real Adventure
tt0013536,Received Payment
tt0013537,Reckless Chances
tt0013538,Reckless Youth
tt0013539,The Recoil
tt0013540,Red Hot Romance
tt0013542,O Regresso à Pátria dos Heróicos Aviadores
tt0013543,O Rei da Força
tt0013544,La reina mora
tt0013545,Remembrance
tt0013546,Rent Free
tt0013547,Reported Missing
tt0013548,Restless Souls
tt0013549,The Reunion
tt0013550,Rich Men's Wives
tt0013551,Ridin' Through
tt0013552,Ridin' Wild
tt0013553,Riding the Goat
tt0013554,The Right That Failed
tt0013555,Rob Roy
tt0013556,Robin Hood
tt0013557,A Romance of Old Baghdad
tt0013558,Les Roquevillard
tt0013559,The Rosary
tt0013560,Rose o' the Sea
tt0013561,Roughshod
tt0013562,Rounding Up the Law
tt0013566,Der Ruf des Schicksals
tt0013567,The Ruling Passion
tt0013568,Sadhu Aur Shaitan
tt0013569,The Sagebrush Trail
tt0013570,A Sailor Tramp
tt0013571,Salomé
tt0013572,Samson und Delila
tt0013573,Saturday Morning
tt0013574,Saturday Night
tt0013575,Saved by Radio
tt0013578,The Scarlet Lady
tt0013579,Warning Shadows
tt0013580,Schattenkinder des Glücks
tt0013581,The Schemers
tt0013582,The Scrapper
tt0013584,Second Hand Rose
tt0013585,Secrets of Paris
tt0013586,Seeing's Believing
tt0013587,A Self-Made Man
tt0013588,Le sens de la mort
tt0013589,Serge Panine
tt0013590,The Seventh Day
tt0013591,Shackles of Gold
tt0013592,Shadows
tt0013593,Shadows of the Sea
tt0013594,Shattered Dreams
tt0013595,Shattered Idols
tt0013596,Sherlock Brown
tt0013597,Sherlock Holmes
tt0013598,Shirley of the Circus
tt0013599,The Show
tt0013600,She and the Three
tt0013601,The Sign of the Rose
tt0013602,The Silent Vow
tt0013603,Silver Wings
tt0013604,Singed Wings
tt0013605,The Siren Call
tt0013606,Skin Deep
tt0013607,Sky High
tt0013608,The Sleep Walker
tt0013609,Slim Shoulders
tt0013610,Smiles Are Trumps
tt0013611,Smilin' Through
tt0013612,Smiling Jim
tt0013613,Smudge
tt0013614,The Snitching Hour
tt0013615,The Snowshoe Trail
tt0013616,So This Is Arizona
tt0013617,The Little Napoleon
tt0013618,Society Sailors
tt0013619,Sodom and Gomorrah
tt0013620,Sol y sombra
tt0013621,Solomon in Society
tt0013622,The Son of a Sheik
tt0013623,The Son of the Wolf
tt0013624,The Song of Love
tt0013625,Sonny
tt0013626,The Smiling Madame Beudet
tt0013627,South of Northern Lights
tt0013628,South of Suva
tt0013629,The Spanish Jade
tt0013630,Speed
tt0013631,Squibs Wins the Calcutta Sweep
tt0013632,Squire Phin
tt0013633,A Stage Romance
tt0013635,Step Forward
tt0013636,Step on It!
tt0013637,The Storm
tt0013638,Strange Idols
tt0013639,The Stranger of the Hills
tt0013640,The Strangers' Banquet
tt0013641,The Straphanger
tt0013642,The Streets of New York
tt0013643,Strength of the Pines
tt0013645,Stuck in the Mud
tt0013646,Der stärkste Trieb
tt0013647,The Sunshine Trail
tt0013648,The Super Sex
tt0013649,Superstition
tt0013650,Sure-Fire Flint
tt0013651,Söhne der Nacht  1. Teil: Die Verbrecher-GmbH
tt0013652,Es werde Licht! 4. Teil: Sündige Mütter
tt0013653,Table Top Ranch
tt0013654,A Tailor-Made Man
tt0013655,Taking Chances
tt0013656,Taking Things Easy
tt0013657,The Good for Nothings
tt0013658,Tell Your Children
tt0013659,Tempestades da Vida
tt0013660,Ten Nights in a Bar Room
tt0013661,Tense Moments with Great Authors
tt0013662,Tess of the Storm Country
tt0013663,Tracked Down
tt0013664,Angel Citizens
tt0013665,That Woman
tt0013666,Thelma
tt0013667,They Like 'Em Rough
tt0013668,The Third Alarm
tt0013669,Thirty Days
tt0013670,Thomas Graals myndling
tt0013671,Thorns and Orange Blossoms
tt0013672,Three Live Ghosts
tt0013673,Three Who Paid
tt0013674,The Three Must-Get-Theres
tt0013675,Through a Glass Window
tt0013676,Tiefland
tt0013677,Der Tiger des Zirkus Farini
tt0013678,Till We Meet Again
tt0013679,Tillie
tt0013681,The Timber Queen
tt0013682,Timothy's Quest
tt0013683,Tin Foiled
tt0013684,Tinoco em Bolandas
tt0013685,Tips
tt0013686,To Have and to Hold
tt0013687,Der Todesreigen
tt0013688,The Toll of the Sea
tt0013689,Tom Mix in Arabia
tt0013690,Tommy Tucker's Tooth
tt0013691,Too Much Business
tt0013692,Too Much Soap
tt0013693,Too Much Wife
tt0013694,Top o' the Morning
tt0013695,The Top of New York
tt0013696,The Town That Forgot God
tt0013698,Tracked to Earth
tt0013699,Der Puppenmacher von Kiang-Ning
tt0013700,Die Tragödie eines verschollenen Fürstensohnes
tt0013701,The Trail of Hate
tt0013702,The Trail of the Wolf
tt0013703,Trail's End
tt0013704,The Trap
tt0013705,Trapped by the Mormons
tt0013706,Travelin' on
tt0013707,A Treacherous Rival
tt0013708,Die trennende Brücke
tt0013710,Trifling Women
tt0013711,Trimmed
tt0013712,Trooper O'Neill
tt0013713,Trouble
tt0013714,The Trouper
tt0013715,The Truthful Liar
tt0013716,Turn to the Right
tt0013717,Two Kinds of Women
tt0013718,Under Oath
tt0013719,Under Two Flags
tt0013720,The Understudy
tt0013721,The Unfoldment
tt0013724,Unseeing Eyes
tt0013725,Up and at 'Em
tt0013726,Up and Going
tt0013727,The Valley of Silent Men
tt0013728,Vanina
tt0013729,The Veiled Woman
tt0013730,Mortal Clay
tt0013731,Die Venus
tt0013732,Versunkene Welten
tt0013733,Very Truly Yours
tt0013734,Viajar sin billete
tt0013735,The Village Blacksmith
tt0013736,Vingt ans après
tt0013737,A Virgin's Sacrifice
tt0013738,The Wages of Sin
tt0013739,The Wall Flower
tt0013740,Watch Your Step
tt0013741,The Loves of Pharaoh
tt0013742,Ein weißer Othello
tt0013743,Welcome to Our City
tt0013744,West of Chicago
tt0013745,West of the Pecos
tt0013746,Western Speed
tt0013747,What's Wrong with the Women?
tt0013748,When East Comes West
tt0013749,When Husbands Deceive
tt0013750,When Knighthood Was in Flower
tt0013751,When Love Comes
tt0013752,When Romance Rides
tt0013753,When Summer Comes
tt0013754,When the Desert Calls
tt0013755,When the Devil Drives
tt0013756,Where's My Wandering Boy Tonight?
tt0013757,While Justice Waits
tt0013758,While Satan Sleeps
tt0013759,White Eagle
tt0013760,White Hands
tt0013761,White Shoulders
tt0013762,Who Are My Parents?
tt0013763,Why Announce Your Marriage?
tt0013764,A Wide Open Town
tt0013765,Wie man Millionär wird
tt0013766,Wild Honey
tt0013767,Wildcat Jordan
tt0013768,Wildness of Youth
tt0013769,Winning with Wits
tt0013771,The Wise Kid
tt0013772,The Wishing Duck
tt0013773,With Stanley in Africa
tt0013774,Without Compromise
tt0013775,Without Fear
tt0013776,Wolf Law
tt0013777,The Wolf's Fangs
tt0013778,The Woman Conquers
tt0013779,The Woman He Loved
tt0013780,The Woman He Married
tt0013781,The Woman Who Fooled Herself
tt0013782,The Woman Who Walked Alone
tt0013783,The Woman's Side
tt0013784,A Woman's Woman
tt0013785,Woman  Wake Up
tt0013786,Women Men Marry
tt0013788,A Wonderful Wife
tt0013789,Wonders of the Sea
tt0013790,The World's Champion
tt0013791,The World's a Stage
tt0013792,The Worldly Madonna
tt0013793,Roman Candles
tt0013794,The Yellow Girl
tt0013795,Yellow Men and Gold
tt0013796,The Yellow Stain
tt0013797,The Yosemite Trail
tt0013799,You Never Know
tt0013800,The Young Diana
tt0013801,The Young Painter
tt0013802,The Young Rajah
tt0013803,Young Sherlocks
tt0013804,Your Best Friend
tt0013805,Youth Must Have Love
tt0013806,Youth to Youth
tt0013807,Lao gong zhi ai qing
tt0013808,Ziska  la danseuse espionne
tt0013809,The Ladies' Paradise
tt0013810,Ödets redskap
tt0013811,$1 000 Reward
tt0013812,Hachi ichi san
tt0013813,The Absent Minded Poet
tt0013814,The Abysmal Brute
tt0013815,The Acquittal
tt0013816,Adam and Eve
tt0013817,Adam's Rib
tt0013818,The Age of Desire
tt0013819,Ai ni yomigaeru hi
tt0013820,La alegría del batallón
tt0013821,Alias the Night Wind
tt0013822,Alice Adams
tt0013823,Alice's Wonderland
tt0013824,All the Brothers Were Valiant
tt0013825,All for Money
tt0013826,Der allmächtige Dollar
tt0013827,Alma de Dios
tt0013828,Almas tropicales
tt0013829,Alt Heidelberg
tt0013830,This Ancient Law
tt0013831,Amor de campesino
tt0013832,Andersson  Pettersson och Lundström
tt0013833,Anderssonskans Kalle på nya upptåg
tt0013834,Anna Christie
tt0013835,Anna-Clara och hennes bröder
tt0013836,The Apache Dancer
tt0013837,April Showers
tt0013838,Are You a Failure?
tt0013839,Around the World in Eighteen Days
tt0013840,As a Man Lives
tt0013841,Ashes of Vengeance
tt0013842,Asleep at the Switch
tt0013844,At Devil's Gorge
tt0013845,Help!
tt0013846,The Red Inn
tt0013847,The Audacious Mr. Squire
tt0013848,Australia Calls
tt0013849,Die Austreibung
tt0013850,Heritage
tt0013851,The Adventures of Agapito
tt0013852,As Aventuras de Quim e o Manecas
tt0013853,Back Stage
tt0013854,Back to Old Virginia
tt0013855,Backbone
tt0013856,The Bad Man
tt0013857,Bag and Baggage
tt0013858,The Balloonatic
tt0013859,Balloons
tt0013860,The Barefoot Boy
tt0013861,The Barnyard
tt0013862,The Battle
tt0013863,Bavu
tt0013864,Beasts of Paradise
tt0013865,Bed Time
tt0013866,Bell Boy 13
tt0013867,Bella Donna
tt0013868,La belle Nivernaise
tt0013870,Big Brother
tt0013871,Big Dan
tt0013872,The Big Show
tt0013873,The Bishop of the Ozarks
tt0013874,Blinky
tt0013875,Blood Test
tt0013876,Blow Your Own Horn
tt0013877,Bluebeard's 8th Wife
tt0013878,The Bolted Door
tt0013879,Boman på utställningen
tt0013880,Bonnie Prince Charlie
tt0013881,Borba za Ultimatum
tt0013882,Boston Blackie
tt0013884,Boy of Mine
tt0013885,Boys to Board
tt0013886,Brass
tt0013887,The Brass Bottle
tt0013888,Brass Commandments
tt0013889,Breaking Into Society
tt0013890,A Bride for a Knight
tt0013891,Bright Lights of Broadway
tt0013892,The Bright Shawl
tt0013893,The Broad Road
tt0013894,Broadway Broke
tt0013895,Broadway Gold
tt0013896,Broken Hearts of Broadway
tt0013897,The Broken Violin
tt0013898,The Broken Wing
tt0013899,La bruja
tt0013900,Bucking the Barrier
tt0013901,Die Buddenbrooks
tt0013902,Bulldog Drummond
tt0013903,Burning Words
tt0013904,The Buster
tt0013905,Bêtes... commes les hommes
tt0013906,The Call of the Canyon
tt0013907,The Call of the Hills
tt0013908,Call of the Wild
tt0013909,Cameo Kirby
tt0013910,Can a Woman Love Twice?
tt0013911,Canyon of the Fools
tt0013912,Carmen  Jr.
tt0013913,O Castelo de Chocolate
tt0013915,Cause for Divorce
tt0013916,The Champeen
tt0013917,A Chapter in Her Life
tt0013918,The Chased Bride
tt0013919,Chastity
tt0013920,The Cheat
tt0013921,Chî to reî
tt0013922,Children of Jazz
tt0013923,Children of Dust
tt0013924,The Christian
tt0013925,Chu-Chin-Chow
tt0013926,Circus Days
tt0013927,The Classic Centaur
tt0013928,The Clean-Up
tt0013929,Cleopatra and Her Easy Mark
tt0013930,A Clouded Name
tt0013931,Cláudia
tt0013932,The Cobbler
tt0013933,The Faithful Heart
tt0013934,Colonel Heeza Liar and the Ghost
tt0013935,Colonel Heeza Liar in Uncle Tom's Cabin
tt0013936,Colonel Heeza Liar in the African Jungles
tt0013937,Colonel Heeza Liar and the Burglar
tt0013938,Colonel Heeza Liar's Forbidden Fruit
tt0013939,Colonel Heeza Liar's Vacation
tt0013940,Col. Heeza Liar  Detective
tt0013941,Colonel Heeza Liar  Strikebreaker
tt0013942,Christopher Columbus
tt0013944,The Common Law
tt0013945,Condemned
tt0013946,Cordelia the Magnificent
tt0013947,Counterfeit Love
tt0013948,The Country Kid
tt0013949,A Couple of Down and Outs
tt0013950,The Courtship of Myles Standish
tt0013951,The Covered Wagon
tt0013952,Crac y compañía
tt0013953,Crashin' Thru
tt0013954,Crashing Courage
tt0013955,The Cricket on the Hearth
tt0013956,The Cricket
tt0013957,Crimson Gold
tt0013958,Crinoline and Romance
tt0013959,Crooked Alley
tt0013960,Crossed Wires
tt0013961,Cupid's Fireman
tt0013962,Curro Vargas
tt0013963,The Custard Cup
tt0013964,Cyclone Jones
tt0013965,Daddy
tt0013966,The Dancer of the Nile
tt0013967,Danger
tt0013968,Danger Ahead
tt0013969,The Dangerous Age
tt0013970,Dangerous Hour
tt0013971,The Dangerous Maid
tt0013972,Dangerous Trails
tt0013973,The Dare-Devil
tt0013974,The Daring Years
tt0013975,The Darling of New York
tt0013976,Daughters of the Rich
tt0013977,The Day of Faith
tt0013978,Daytime Wives
tt0013979,Dead Game
tt0013980,Deceit
tt0013981,Defying Destiny
tt0013982,Derby Day
tt0013983,Desert Driven
tt0013984,Desert Rider
tt0013985,Desire
tt0013986,Destroying Angel
tt0013987,The Devil's Bowl
tt0013988,The Devil's Dooryard
tt0013989,The Devil's Partner
tt0013991,Divorce
tt0013992,Glumov's Diary
tt0013993,Does It Pay?
tt0013994,Dogs of War!
tt0013995,La Dolores
tt0013996,Doloretes
tt0013997,Don Quickshot of the Rio Grande
tt0013998,Don Quixote
tt0013999,Don't Marry for Money
tt0014000,Double Dealing
tt0014001,Down in Dixie
tt0014002,Un drama en Bilbao
tt0014003,Drifting
tt0014004,Driven
tt0014005,The Drug Traffic
tt0014006,Drums of Fate
tt0014007,The Drums of Jeopardy
tt0014008,Dulcy
tt0014009,Dvorets i krepost
tt0014010,The Eagle's Feather
tt0014011,The Eagle's Talons
tt0014012,East Side - West Side
tt0014013,The Einstein Theory of Relativity
tt0014014,The Hell Ship
tt0014015,The Eleventh Hour
tt0014016,Ellas y ellos
tt0014017,The Empty Cradle
tt0014018,En las entrañas de Madrid
tt0014019,End of the Rope
tt0014020,Enemies of Children
tt0014021,Enemies of Women
tt0014022,Earth Spirit
tt0014023,The Eternal City
tt0014024,The Eternal Struggle
tt0014025,The Eternal Three
tt0014027,The Exciters
tt0014028,The Exiles
tt0014029,The Extra Girl
tt0014030,Eyes of the Forest
tt0014031,The Face on the Bar-Room Floor
tt0014032,O Fado
tt0014033,The Fair Cheat
tt0014034,False Alarm
tt0014035,The Family Album
tt0014036,The Famous Mrs. Fair
tt0014037,Fashion Row
tt0014038,Fashionable Fakers
tt0014039,The Fighting Blade
tt0014040,Fighting Blood
tt0014041,The Fighting Skipper
tt0014042,The First Degree
tt0014044,The Flame of Life
tt0014045,Flaming Youth
tt0014046,The Flame
tt0014047,Die Fledermaus
tt0014049,The Flying Dutchman
tt0014050,Fog Bound
tt0014051,The Fog
tt0014052,The Curse of Eve
tt0014053,Fools and Riches
tt0014054,The Footlight Ranger
tt0014055,The Forbidden Lover
tt0014056,Forgive and Forget
tt0014057,The Fortune Teller
tt0014058,The Fourth Musketeer
tt0014059,Frauenmoral
tt0014060,The French Doll
tt0014061,Friaren från landsvägen
tt0014062,A Friendly Husband
tt0014063,The Frogs Who Wanted a King
tt0014064,Frozen Hearts
tt0014065,Fruits of Faith
tt0014066,Fräulein Raffke
tt0014067,Fröken Fob
tt0014068,Fury
tt0014069,Paris Urchin
tt0014070,Gamla gatans karneval
tt0014071,Garrison's Finish
tt0014072,La garçonne
tt0014073,Gas and Air
tt0014074,Speed Bugs
tt0014075,Das Geheimnis von Brinkenhof
tt0014076,Der Geisterseher
tt0014077,Gentle Julia
tt0014078,The Gentleman from America
tt0014079,The Ghost City
tt0014080,The Ghost Patrol
tt0014081,Giants vs. Yanks
tt0014082,Gimme
tt0014083,The Girl I Loved
tt0014084,The Girl Who Came Back
tt0014085,The Girl of the Golden West
tt0014086,The Glimpses of the Moon
tt0014087,The Go-Getter
tt0014088,God's Law
tt0014089,Going Up
tt0014090,The Gold Diggers
tt0014091,Gold Madness
tt0014092,Glanz gegen Glück
tt0014093,Goodbye Girls
tt0014094,La gosseline
tt0014095,Gossip
tt0014096,The Governor's Lady
tt0014097,The Gown Shop
tt0014098,The Grail
tt0014099,The Greatest Menace
tt0014100,The Green Goddess
tt0014101,O Groom do Ritz
tt0014102,Der Großindustrielle
tt0014103,Grumpy
tt0014104,Los guapos
tt0014106,The Guilty Hand
tt0014107,The Gunfighter
tt0014108,The Blizzard
tt0014109,The Saga of Gösta Berling
tt0014110,Haikyo no naka
tt0014111,Haizan no uta wa kanashi
tt0014112,Haldane of the Secret Service
tt0014113,The Handy Man
tt0014114,Hansel and Gretel
tt0014115,The Harbour Lights
tt0014116,Harvest Hands
tt0014117,Has the World Gone Mad!
tt0014118,The Haunted Valley
tt0014119,Das Haus ohne Lachen
tt0014120,The Heart Raider
tt0014121,Hearts Aflame
tt0014122,Heartstrings
tt0014123,Held to Answer
tt0014124,Hell's Hole
tt0014125,Hemslavinnor
tt0014126,Her Accidental Husband
tt0014127,Her Dangerous Path
tt0014128,Her Fatal Millions
tt0014129,Her Marriage Vow
tt0014130,Her Reputation
tt0014131,Her Temporary Husband
tt0014132,The Hero
tt0014133,Heroes of the Street
tt0014134,His Children's Children
tt0014135,His Last Race
tt0014136,His Mystery Girl
tt0014137,Hollywood
tt0014138,Homeward Bound
tt0014141,Human Wreckage
tt0014142,The Hunchback of Notre Dame
tt0014143,The Huntress
tt0014144,Iron Wills
tt0014145,Swords and the Woman
tt0014146,Crown of Thorns
tt0014147,If Winter Comes
tt0014148,In Search of a Thrill
tt0014149,In the Blood
tt0014150,In the Days of Daniel Boone
tt0014151,In the Palace of the King
tt0014152,The Indian Love Lyrics
tt0014153,Inge Larsen
tt0014154,Innocence
tt0014155,Irrlichter der Tiefe
tt0014156,Is Divorce a Failure?
tt0014157,Is Money Everything?
tt0014158,The Isle of Lost Ships
tt0014159,It Happened Out West
tt0014160,Itching Palms
tt0014161,Jacqueline  or Blazing Barriers
tt0014162,Janne Modig
tt0014163,Java Head
tt0014164,Jazzmania
tt0014165,Jealous Husbands
tt0014166,Ways of Life
tt0014167,Jôen no chimata
tt0014168,Johan Ulfstjerna
tt0014170,Judith
tt0014171,Der junge Medardus
tt0014172,Just Like a Woman
tt0014174,Karusellen
tt0014175,Der Kaufmann von Venedig
tt0014176,Khveska
tt0014177,The Kid Reporter
tt0014179,Kill or Cure
tt0014180,King's Creek Law
tt0014181,Kiri no minato
tt0014182,Die kleine Sünde
tt0014183,Kokyô
tt0014184,Beauty and the Bolshevik
tt0014185,The Golden Demon: Miya's Reel
tt0014186,Krasnye dyavolyata
tt0014187,The Last Hour
tt0014188,The Last Moment
tt0014189,Law of the Lawless
tt0014190,Lawful Larceny
tt0014191,Die Lawine
tt0014192,The Leavenworth Case
tt0014193,Lederstrumpf
tt0014194,Legally Dead
tt0014195,The Leopardess
tt0014196,Let's Go
tt0014197,Die Liebe einer Königin
tt0014198,The Light That Failed
tt0014199,Lights Out
tt0014200,Lily of the Alley
tt0014202,Little Church Around the Corner
tt0014203,The Little Girl Next Door
tt0014204,Little Johnny Jones
tt0014205,Little Old New York
tt0014206,Little Red School House
tt0014207,Os Lobos
tt0014208,The Lobster Nightmare
tt0014209,The Lone Star Ranger
tt0014210,The Lonely Road
tt0014211,Long Live the King
tt0014212,Look Your Best
tt0014213,Lost and Found on a South Sea Island
tt0014215,Lost in a Big City
tt0014216,The Love Brand
tt0014217,The Love Letter
tt0014218,The Love Nest
tt0014219,The Love Piker
tt0014220,The Love Pirate
tt0014221,The Love Trap
tt0014222,Love's Old Sweet Song
tt0014223,Love  Life and Laughter
tt0014224,Lovebound
tt0014225,The Loves of Mary  Queen of Scots
tt0014226,Loyal Lives
tt0014228,Luck
tt0014229,Lucretia Lombard
tt0014230,Lucros... Ilícitos
tt0014231,M'Lord of the White Road
tt0014232,Spirit of the Pond
tt0014233,Maciste contro Maciste
tt0014234,Maciste und die chinesische Truhe
tt0014235,Madness of Youth
tt0014237,Die Magyarenfürstin
tt0014238,The Mailman
tt0014239,Main Street
tt0014240,La mala ley
tt0014241,A Man About Town
tt0014242,Man Alone
tt0014243,The Man from Brodney's
tt0014244,The Man Getter
tt0014246,The Man Life Passed By
tt0014247,The Man Next Door
tt0014248,The Man Who Won
tt0014249,The Man Without Desire
tt0014250,Man and Wife
tt0014251,The Man from Glengarry
tt0014252,The Man from New York
tt0014253,A Man of Action
tt0014255,Man's Size
tt0014256,Le marchand de plaisirs
tt0014257,The Mark of the Beast
tt0014258,The Marriage Maker
tt0014259,The Marriage Market
tt0014260,Marriage Morals
tt0014261,Maruxa
tt0014262,Mary of the Movies
tt0014263,Masters of Men
tt0014264,Maytime
tt0014265,McGuire of the Mounted
tt0014266,The Meanest Man in the World
tt0014267,Med Roald Amundsens Nordpolsekspedition til første vinterkvarter
tt0014268,Men in the Raw
tt0014269,Man by the Roadside
tt0014270,Der Menschenfeind
tt0014271,Michael O'Halloran
tt0014272,The Midnight Alarm
tt0014273,The Midnight Flower
tt0014274,The Midnight Guest
tt0014276,Mighty Lak' a Rose
tt0014277,Milady
tt0014278,Mile-a-Minute Romeo
tt0014279,Miles of Smiles
tt0014280,A Million to Burn
tt0014281,Mine to Keep
tt0014282,The Miracle Baby
tt0014283,The Miracle Makers
tt0014284,Miss Suwanna of Siam
tt0014285,Mist in the Valley
tt0014287,Modern Matrimony
tt0014289,My Uncle Benjamin
tt0014290,El monje de Portacoeli
tt0014291,Monna Vanna
tt0014292,A Morgadinha de Valflor
tt0014293,Mother's Joy
tt0014294,Mothers-in-Law
tt0014295,The Movie Daredevil
tt0014296,Mr. Billings Spends His Dime
tt0014298,Mulheres da Beira
tt0014299,Mutterherz
tt0014300,Mysterious Goods
tt0014301,Malar Pirates
tt0014302,Name the Man!
tt0014303,Nameless
tt0014306,The Ne'er-Do-Well
tt0014307,The Near Lady
tt0014308,The Night Hawk
tt0014309,Nip and Tuck
tt0014310,Noble Sissle and Eubie Blake Sing Snappy Songs
tt0014311,Nobody's Bride
tt0014312,Nobody's Darling
tt0014313,Nobody's Money
tt0014314,A Noise in Newboro
tt0014315,None So Blind
tt0014316,The Noon Whistle
tt0014320,The Nortull Gang
tt0014321,North of Hudson Bay
tt0014322,The Nth Commandment
tt0014323,The Village Shoemakers
tt0014324,Närkingarna
tt0014325,An Old Sweetheart of Mine
tt0014326,The Old Fool
tt0014328,Os Olhos da Alma
tt0014329,L'ombre du péché
tt0014330,On the Banks of the Wabash
tt0014332,One Arabian Night
tt0014333,One Million in Jewels
tt0014334,One Stolen Night
tt0014335,Only 38
tt0014336,Lady  Be Not Wronged
tt0014337,The Oregon Trail
tt0014338,L'orphelin de Paris
tt0014339,Good Luck
tt0014340,Other Men's Daughters
tt0014341,Our Hospitality
tt0014342,Out to Win
tt0014343,Out of Luck
tt0014344,Paddy the Next Best Thing
tt0014345,El padre Juanico
tt0014346,Paganini
tt0014347,I pagliacci
tt0014348,Para toda la vida
tt0014350,Pawn Ticket 210
tt0014351,Pedrucho
tt0014352,Peg o' the Movies
tt0014353,Penrod and Sam
tt0014354,Petit ange et son pantin
tt0014355,Petit hôtel à louer
tt0014356,The Phantom Fortune
tt0014357,Pick and Shovel
tt0014358,The Pilgrim
tt0014359,Pioneer Trails
tt0014360,Pitfalls of a Big City
tt0014361,Plastigrams
tt0014362,Playing It Wild
tt0014363,A Pleasant Journey
tt0014364,Pleasure Mad
tt0014365,Plunder
tt0014366,El pobre Valbuena
tt0014367,Ponjola
tt0014368,Poor Men's Wives
tt0014369,Por la patria y por el rey o Memorias de un legionario
tt0014370,Potash and Perlmutter
tt0014371,Pour une nuit d'amour
tt0014372,The Power Divine
tt0014373,El primer combate
tt0014374,A Prince of a King
tt0014375,The Printer's Devil
tt0014376,The Princess Suwarin
tt0014377,The Prisoner
tt0014378,Problema resuelto
tt0014379,Prodigal Daughters
tt0014381,Pure Grit
tt0014382,Puritan Passions
tt0014383,The Purple Dawn
tt0014384,The Purple Highway
tt0014385,The Puzzle
tt0014386,El puñao de rosas
tt0014387,Quarantäne
tt0014388,Quicksands
tt0014389,Racing Hearts
tt0014390,En rackarunge
tt0014391,Radio-Mania
tt0014392,The Ragged Edge
tt0014393,Railroaded
tt0014394,The Ramblin' Kid
tt0014395,The Ranchers
tt0014396,The Range Patrol
tt0014397,Crime and Punishment
tt0014398,Red Lights
tt0014400,The Red Warning
tt0014401,Le reflet de Claude Mercoeur
tt0014402,Refuge
tt0014403,The Remittance Woman
tt0014404,The Rendezvous
tt0014405,Reno
tt0014406,Return to Reason
tt0014407,Rhythmus 23
tt0014408,Richard the Lion-Hearted
tt0014409,Riders at Night
tt0014411,Robin Hood  Jr.
tt0014412,Robinson Crusoe Returns on Friday
tt0014413,Romance Land
tt0014414,The Romany
tt0014415,Rosario  the Farm Maid
tt0014416,Rosita
tt0014417,The Wheel
tt0014418,Rouged Lips
tt0014419,Roughest Africa
tt0014422,The Royal Oak
tt0014423,Ruggles of Red Gap
tt0014424,Rupert of Hentzau
tt0014425,The Rustle of Silk
tt0014426,Ruth of the Range
tt0014427,S.O.S. Die Insel der Tränen
tt0014428,The Sack of Rome
tt0014429,Safety Last!
tt0014430,St. Elmo
tt0014431,Salomy Jane
tt0014432,Sanroma
tt0014433,The Santa Fe Trail
tt0014434,Santa Isabel de Ceres
tt0014435,Sarati the Terrible
tt0014436,La sardanista
tt0014437,The Satin Girl
tt0014438,Save the Ship
tt0014439,Sawdust
tt0014440,Scaramouche
tt0014441,The Scarlet Car
tt0014442,The Scarlet Lily
tt0014443,Scarred Hands
tt0014444,Scars of Hate
tt0014445,Scars of Jealousy
tt0014446,The Treasure
tt0014447,Explosion
tt0014448,Cage of Death
tt0014449,The School for Scandal
tt0014450,Scorching Sands
tt0014451,The Sea Raiders
tt0014452,Second Fiddle
tt0014453,Second Hand Love
tt0014454,The Secret of the Pueblo
tt0014455,Seine Frau  die Unbekannte
tt0014456,Seishun no yumeji
tt0014457,The Self-Made Wife
tt0014458,Semya Gribushinykh
tt0014459,A Sereia de Pedra
tt0014460,Shadows
tt0014461,Shadows of the North
tt0014462,Shifting Sands
tt0014463,The Shock
tt0014464,Shootin' for Love
tt0014466,Short Orders
tt0014467,The Shriek of Araby
tt0014468,The Sign of Four
tt0014469,The Silent Command
tt0014470,The Silent Partner
tt0014471,Silliettes
tt0014472,Inbad the Sailor
tt0014473,Singer Jim McKee
tt0014474,Single Handed
tt0014475,Sinner or Saint
tt0014476,Sister Against Sister
tt0014477,Six Cylinder Love
tt0014478,Six Days
tt0014479,The Six-Fifty
tt0014480,Sixty Cents an Hour
tt0014481,Skid Proof
tt0014482,Slander the Woman
tt0014483,Slave of Desire
tt0014485,Slippy McGee
tt0014486,Smil og Taare
tt0014487,The Snow Bride
tt0014488,Snowdrift
tt0014489,The Social Buccaneer
tt0014490,The Social Code
tt0014491,Soft Boiled
tt0014492,Sol de justicia
tt0014493,Sommerspøg og Rævestreger
tt0014495,The Sun of St. Moritz
tt0014496,Soul of the Beast
tt0014497,Souls for Sale
tt0014498,South Sea Love
tt0014499,The Spanish Dancer
tt0014502,The Spider and the Rose
tt0014503,The Spoilers
tt0014504,Der Sprung ins Leben
tt0014506,Stadt in Sicht
tt0014507,The Steadfast Heart
tt0014508,The Steel Trail
tt0014509,Der steinerne Reiter
tt0014510,Stephen Steps Out
tt0014511,Stepping Fast
tt0014512,Stormswept
tt0014513,Stormy Seas
tt0014514,Strandhugg på Kavringen
tt0014515,Strangers of the Night
tt0014516,The Street
tt0014517,Success
tt0014518,O Suicida da Boca do Inferno
tt0014520,The Supreme Test
tt0014521,Surprise
tt0014522,Suzanna
tt0014523,Sweetie
tt0014524,New Year's Eve
tt0014525,Taking Orders
tt0014526,The Tango Cavalier
tt0014527,Tea: With a Kick!
tt0014528,The Temple of Venus
tt0014529,Temporary Marriage
tt0014530,Temptation
tt0014531,The Temptation of Carlton Earle
tt0014532,The Ten Commandments
tt0014533,The Tents of Allah
tt0014534,That Old Fool
tt0014535,Their Love Growed Cold
tt0014537,This England
tt0014538,Three Ages
tt0014539,Three Jumps Ahead
tt0014540,Three O'Clock in the Morning
tt0014542,Three Wise Fools
tt0014543,The Thrill Chaser
tt0014544,Thundergate
tt0014545,Thundering Dawn
tt0014546,The Tie That Binds
tt0014547,Tiger Rose
tt0014548,The Tiger's Claw
tt0014549,Time Is Money
tt0014550,Times Have Changed
tt0014551,Tipped Off
tt0014552,To the Ladies
tt0014553,To the Last Man
tt0014554,Toge no uta
tt0014555,Toilers of the Sea
tt0014556,The Town Scandal
tt0014558,The Tragedy of Love
tt0014559,The Trail of the Lonesome Pine
tt0014560,Trapped
tt0014561,Trifling with Honor
tt0014562,Trilby
tt0014563,Trimmed in Scarlet
tt0014564,The Truth About Wives
tt0014565,Truxton King
tt0014566,Twenty-One
tt0014567,Das unbekannte Morgen
tt0014568,Under the Red Robe
tt0014569,The Unknown Purple
tt0014570,The Untameable
tt0014571,The Valley of Lost Souls
tt0014572,Vanity Fair
tt0014573,Venganza isleña
tt0014574,The Vengeance of Pierre
tt0014575,Vengeance of the Deep
tt0014576,Midship
tt0014577,Der verlorene Schuh
tt0014578,The Victor
tt0014579,Vindicta
tt0014580,The Virgin Queen
tt0014581,The Virgin of Seminole
tt0014582,The Virginian
tt0014583,The Voice from the Minaret
tt0014584,La voix du rossignol
tt0014585,The Vow of Vengeance
tt0014586,Waxworks
tt0014587,Wandering Daughters
tt0014588,The Wandering Jew
tt0014589,The Wanters
tt0014590,Der Weg zum Licht
tt0014591,Weltspiegel
tt0014592,Der Wetterwart
tt0014595,What Wives Want
tt0014596,What a Wife Learned
tt0014597,When Law Comes to Hades
tt0014598,When Odds Are Even
tt0014599,Where Is This West?
tt0014600,Where the North Begins
tt0014601,Where the Pavement Ends
tt0014602,While Paris Sleeps
tt0014603,The White Flower
tt0014604,The White Rose
tt0014605,The White Sister
tt0014606,White Tiger
tt0014607,White Wings
tt0014608,The Whole Truth
tt0014610,Why Women Remarry
tt0014611,Why Worry?
tt0014613,Wife in Name Only
tt0014614,A Wife's Romance
tt0014615,Wild Bill Hickok
tt0014616,The Wild Party
tt0014617,Wilhelm Tell
tt0014618,With Naked Fists
tt0014619,Within the Law
tt0014620,Wolves of the Border
tt0014621,The Woman with Four Faces
tt0014622,The Woman in Chains
tt0014623,The Woman of Bronze
tt0014624,A Woman of Paris: A Drama of Fate
tt0014625,Woman-Proof
tt0014626,The World's Applause
tt0014627,Wüstenrausch
tt0014628,Yesterday's Wife
tt0014629,Yoru
tt0014630,You Are Guilty
tt0014631,You Can't Fool Your Wife
tt0014632,You Can't Get Away with It
tt0014633,Your Friend and Mine
tt0014634,Youthful Cheaters
tt0014635,Za-la-mort
tt0014636,Zaza
tt0014637,The Zero Hour
tt0014638,Between Evening and Morning
tt0014639,$50 000 Reward
tt0014640,33.333
tt0014641,40-Horse Hawkins
tt0014642,A fuerza de arrastrarse
tt0014643,Abort
tt0014644,The Dramatic Life of Abraham Lincoln
tt0014645,Ace of Cactus Range
tt0014646,Aelita  the Queen of Mars
tt0014647,After Dark
tt0014648,After a Million
tt0014649,After the Ball
tt0014650,Against All Odds
tt0014651,The Age of Innocence
tt0014652,The Air Hawk
tt0014653,Akatsuki no shi
tt0014654,Aladdin and the Wonderful Lamp
tt0014655,The Alaskan
tt0014656,Alice Gets in Dutch
tt0014657,Alice Hunting in Africa
tt0014658,Alice the Piper
tt0014659,Alice and the Dog Catcher
tt0014660,Alice and the Three Bears
tt0014661,Alice the Peacemaker
tt0014662,Alice's Day at Sea
tt0014663,Alice's Fishy Story
tt0014664,Alice's Spooky Adventure
tt0014665,Alice's Wild West Show
tt0014666,Alimony
tt0014667,All Night Long
tt0014668,All Wet
tt0014669,Almost a Husband
tt0014670,Along Came Ruth
tt0014671,Altemer le cynique
tt0014672,America
tt0014673,American Manners
tt0014674,Among the Missing
tt0014675,Amsterdam bij nacht
tt0014676,Die Andere
tt0014677,Another Man's Wife
tt0014678,Another Scandal
tt0014679,The Arab
tt0014680,Arabella
tt0014681,Argentine Love
tt0014682,The Arizona Express
tt0014683,The Artist's Model
tt0014685,Auf Befehl der Pompadour
tt0014686,Auf gefährlichen Spuren
tt0014687,L'autre aile
tt0014688,The Avenger
tt0014689,The Average Woman
tt0014690,Babbitt
tt0014691,Die Bacchantin
tt0014692,The Back Trail
tt0014693,Baffled
tt0014694,Ballet mécanique
tt0014695,The Bandolero
tt0014696,Barbara Frietchie
tt0014697,Battling Brewster
tt0014698,Battling Buddy
tt0014699,The Battling Fool
tt0014700,Battling Mason
tt0014701,The Battling Orioles
tt0014702,Beau Brummel
tt0014703,The Beautiful Sinner
tt0014704,The Beauty Prize
tt0014705,Becket
tt0014706,The Bedroom Window
tt0014707,Behind Two Guns
tt0014708,Behind the Curtain
tt0014709,Behold This Woman
tt0014710,Being Respectable
tt0014711,The Beloved Brute
tt0014712,The Beloved Vagabond
tt0014713,Der Berg des Schicksals
tt0014714,Between Friends
tt0014715,Biff Bang Buddy
tt0014716,Big Timber
tt0014717,Birthright
tt0014718,Björn Mörk
tt0014719,Black Gold
tt0014720,Black Lightning
tt0014721,Black Oxen
tt0014722,Blasted Hopes
tt0014723,The Blizzard
tt0014724,Blue Water
tt0014725,Bluff
tt0014726,The Boatswain's Mate
tt0014727,Boneyard Blues
tt0014728,The Border Legion
tt0014729,Border Women
tt0014730,Born Rich
tt0014731,Borrowed Husbands
tt0014732,The Bowery Bishop
tt0014733,A Boy of Flanders
tt0014734,Branded a Bandit
tt0014735,Branded a Thief
tt0014736,The Brass Bowl
tt0014737,Bread
tt0014738,The Breaking Point
tt0014739,The Breath of Scandal
tt0014740,The Breathless Moment
tt0014741,Breed of the Border
tt0014742,Bringin' Home the Bacon
tt0014743,Broadcasting
tt0014744,Broadway After Dark
tt0014745,Broadway or Bust
tt0014746,Broken Barriers
tt0014747,Broken Laws
tt0014748,Brothers Under the Chin
tt0014749,The Buccaneers
tt0014750,Buckin' the West
tt0014751,La buenaventura de Pitusín
tt0014752,Butterfly
tt0014753,By Divine Right
tt0014754,A Cafe in Cairo
tt0014755,Calibre 45
tt0014756,California in '49
tt0014757,Call of the Mate
tt0014758,The Cannon Ball Express
tt0014759,Captain Blood
tt0014760,Captain January
tt0014761,Carl XII:s kurir
tt0014762,Carlos and Elisabeth
tt0014763,The Cartoon Factory
tt0014764,College Boarding House
tt0014765,The Cat's Meow
tt0014766,Chalk Marks
tt0014767,Changing Husbands
tt0014768,La chavala
tt0014769,Cheap Kisses
tt0014770,The Chechahcos
tt0014771,The Chorus Lady
tt0014772,Christine of the Hungry Heart
tt0014773,Cinderella
tt0014774,Circe the Enchantress
tt0014775,The Circus Cowboy
tt0014776,Cirque hollandais
tt0014777,The City That Never Sleeps
tt0014778,Claire
tt0014779,Classmates
tt0014780,Clay Town
tt0014781,The Clean Heart
tt0014782,Code of the Sea
tt0014783,Code of the Wilderness
tt0014784,Coeurs farouches
tt0014785,Colonel Heeza Liar the Lyin' Tamer
tt0014786,Colonel Heeza Liar's Ancestor
tt0014787,Colonel Heeza Liar's Horseplay
tt0014788,Colonel Heeza Liar's Knighthood
tt0014789,Colonel Heeza Liar's Mysterious Case
tt0014790,Colonel Heeza Liar's Romance
tt0014791,Colonel Heeza Liar  Bull Thrower
tt0014792,Colonel Heeza Liar  Cave Man
tt0014793,Colonel Heeza Liar  Daredevil
tt0014794,Colonel Heeza Liar  Nature Faker
tt0014795,Colonel Heeza Liar  Sky Pilot
tt0014796,Come on Cowboys!
tt0014797,Conductor 1492
tt0014798,The Confidence Man
tt0014799,The Conspirators
tt0014800,Cornered
tt0014801,Courage
tt0014802,The Courageous Coward
tt0014803,The Covered Trail
tt0014804,The Cowboy and the Flapper
tt0014805,Coyote Fangs
tt0014806,Crashin' Through
tt0014808,Credo ou la tragédie de Lourdes
tt0014809,Crossed Trails
tt0014810,Cupid's Rustler
tt0014811,The Cure
tt0014812,Curlytop
tt0014813,The Cycle Rider
tt0014814,Cyclone Buddy
tt0014815,The Cyclone Rider
tt0014816,Cytherea
tt0014817,Daddies
tt0014818,Damaged Hearts
tt0014819,Dan  tant och lilla fröken Söderlund
tt0014820,The Dancing Cheat
tt0014821,The Danger Line
tt0014822,The Dangerous Blonde
tt0014823,The Dangerous Coward
tt0014824,The Dangerous Flirt
tt0014825,Dangerous Money
tt0014826,Dante's Inferno
tt0014827,Daring Chances
tt0014828,Daring Love
tt0014829,Daring Youth
tt0014830,Dark Stairways
tt0014831,The Dark Swan
tt0014832,Darwin Was Right
tt0014833,Daughters of Pleasure
tt0014834,Daughters of Today
tt0014835,Daughters of the Night
tt0014836,The Dawn of a Tomorrow
tt0014837,Days of '49
tt0014838,The Deadwood Coach
tt0014839,Decameron Nights
tt0014840,Deeds of Daring
tt0014841,Defying the Law
tt0014842,The Desert Hawk
tt0014843,The Desert Outlaw
tt0014844,The Desert Sheik
tt0014845,A Desperate Adventure
tt0014846,A Desperate Chance
tt0014847,Les deux gosses
tt0014848,Diego Corrientes
tt0014849,Discontented Husbands
tt0014850,Do It Now
tt0014851,Don Juan
tt0014852,Don't Call It Love
tt0014853,Don't Doubt Your Husband
tt0014854,Dorothy Vernon of Haddon Hall
tt0014855,Down by the Rio Grande
tt0014856,Dries de brandwacht
tt0014857,Dynamite Dan
tt0014858,Dynamite Smith
tt0014859,Där fyren blinkar
tt0014860,The Eagle's Claw
tt0014862,East of Broadway
tt0014863,Edurne  modista bilbaína
tt0014864,The Eleventh Commandment
tt0014865,Emblems of Love
tt0014866,Empty Hands
tt0014867,Empty Hearts
tt0014869,The Enchanted Cottage
tt0014870,The Enchantress
tt0014871,The Enemy Sex
tt0014872,Entr'acte
tt0014873,Excitement
tt0014874,The Family Secret
tt0014875,The Fast Express
tt0014876,The Fast Set
tt0014877,The Fast Worker
tt0014878,Fast and Fearless
tt0014879,The Fatal Mistake
tt0014880,The Fatal Plunge
tt0014881,Feet of Clay
tt0014882,Feet of Mud
tt0014883,Felix Turns the Tide
tt0014884,The Female
tt0014887,The Fifth Horseman
tt0014888,A Fight for Honor
tt0014889,Fight and Win
tt0014890,Fighter's Paradise
tt0014891,The Fighting American
tt0014892,The Fighting Coward
tt0014893,Fighting Fury
tt0014894,A Fighting Heart
tt0014895,The Fighting Sap
tt0014896,Fighting for Justice
tt0014897,La fille bien gardée
tt0014898,Whirlpool of Fate
tt0014899,Um Filme de Angola
tt0014900,Finances of the Grand Duke
tt0014901,Find Your Man
tt0014902,The Fire Patrol
tt0014903,The First 100 Years
tt0014904,Egy fiúnak a fele
tt0014905,Flames of Desire
tt0014906,Flaming Barriers
tt0014907,The Flaming Forties
tt0014908,Flapper Wives
tt0014909,Flashing Spurs
tt0014910,Flickan från paradiset
tt0014911,Flickering Youth
tt0014912,Flirting with Love
tt0014913,Floodgates
tt0014914,The Flower Girl
tt0014915,Flowing Gold
tt0014916,Flying Fists
tt0014917,People from Simlangs Valley
tt0014918,A Fool's Awakening
tt0014919,The Foolish Virgin
tt0014920,Fools in the Dark
tt0014921,Fools Highway
tt0014922,For Another Woman
tt0014923,For Sale
tt0014924,For Woman's Favor
tt0014925,Forbidden Paradise
tt0014927,The Fortieth Door
tt0014929,Den förgyllda lergöken
tt0014930,The Gaiety Girl
tt0014931,La galerie des monstres
tt0014932,The Galloping Ace
tt0014933,Galloping Bungalows
tt0014934,The Galloping Fish
tt0014935,Galloping Hoofs
tt0014936,Gambling Wives
tt0014937,The Garden of Weeds
tt0014938,The Gay Corinthian
tt0014939,Hunted Men
tt0014940,Gendai no joo
tt0014941,George Washington  Jr.
tt0014942,Gerald Cranston's Lady
tt0014943,Getting Her Man
tt0014944,The Giant Killer
tt0014945,Girl Shy
tt0014946,The Girl in the Limousine
tt0014947,A Girl of the Limberlost
tt0014948,The Girl on the Stairs
tt0014949,Girls Men Forget
tt0014950,Gold Heels
tt0014951,Das goldene Kalb
tt0014952,The Goldfish
tt0014953,The Good Bad Boy
tt0014954,Los granujas
tt0014955,Great Diamond Mystery
tt0014956,The Great White Way
tt0014957,Greater Than Marriage
tt0014958,The Greatest Love of All
tt0014959,Grevarna på Svansta
tt0014960,Grit
tt0014961,Gräfin Donelli
tt0014962,Guillotine
tt0014963,The Guilty One
tt0014964,Hadda Padda
tt0014965,Half-a-Dollar Bill
tt0014966,Halta Lena och Vindögda Per
tt0014967,The Hansom Cabman
tt0014968,Happiness
tt0014969,Hard-Hittin' Hamilton
tt0014970,Harun al Raschid
tt0014972,He Who Gets Slapped
tt0014973,Headin' Through
tt0014974,The Heart Buster
tt0014975,Heart of Alaska
tt0014976,The Heart Bandit
tt0014977,Hearts of Oak
tt0014978,Helen's Babies
tt0014979,The Hellion
tt0014980,Her Dark Swan
tt0014981,Her Love Story
tt0014982,Her Night of Romance
tt0014983,Her Own Free Will
tt0014984,The Heritage of the Desert
tt0014985,A Hero for a Night
tt0014987,High Speed
tt0014988,The Hill Billy
tt0014989,His Darker Self
tt0014990,His Forgotten Wife
tt0014991,His Hour
tt0014992,His New Mamma
tt0014993,His Own Law
tt0014994,Hit and Run
tt0014995,The Hoboken Nightingale
tt0014996,Hold Your Breath
tt0014997,The Hollywood Kid
tt0014998,Honor Among Men
tt0014999,Hoodman Blind
tt0015000,Hook and Ladder
tt0015001,The Hoosier Schoolmaster
tt0015002,Hot Water
tt0015003,How to Educate a Wife
tt0015004,The Humming Bird
tt0015005,Husbands and Lovers
tt0015006,The Heirs of Uncle James
tt0015007,I Am the Man
tt0015008,Icebound
tt0015009,If I Marry Again
tt0015010,In Every Woman's Life
tt0015011,In Hollywood with Potash and Perlmutter
tt0015013,Inez from Hollywood
tt0015014,L'inhumaine
tt0015015,Into the Net
tt0015016,The Iron Horse
tt0015017,Is Love Everything?
tt0015018,Isn't Life Wonderful
tt0015019,It Is the Law
tt0015020,Jack O'Clubs
tt0015021,Jack and the Beanstalk
tt0015022,Janice Meredith
tt0015023,Jashumon no onna
tt0015024,Jedermanns Frau
tt0015025,Jinkyo
tt0015026,Josei wa tsuyoshi
tt0015027,Judgment of the Storm
tt0015029,Just Off Broadway
tt0015030,K: The Unknown
tt0015031,Das kalte Herz
tt0015032,Kanashiki hakuchi
tt0015033,She Has Lived Her Destiny. Part 1
tt0015034,Kanraku no onna
tt0015035,Kanya Vikraya
tt0015036,Edmund Kean: Prince Among Lovers
tt0015037,Kentucky Days
tt0015038,The King of Wild Horses
tt0015039,Kino Eye
tt0015040,Fog and Rain
tt0015041,Detective Yuri
tt0015042,Love
tt0015043,Thus It Turned Love
tt0015044,Comedians
tt0015045,Komödie des Herzens
tt0015046,Red Partisans
tt0015047,Kyokubadan no joô
tt0015048,Dance Training
tt0015049,Ladies to Board
tt0015050,A Lady of Quality
tt0015051,The Last Man on Earth
tt0015052,The Last of the Duanes
tt0015053,Laughing at Danger
tt0015054,The Laundry
tt0015055,The Law Demands
tt0015056,The Law Forbids
tt0015057,The Law and the Lady
tt0015058,League of Nations
tt0015059,Leatherstocking
tt0015060,Legend of Hollywood
tt0015061,Lend Me Your Husband
tt0015062,Let Not Man Put Asunder
tt0015063,Let's Go  Gallagher
tt0015064,The Last Laugh
tt0015065,Hotel Potemkin
tt0015066,Die Liebe ist der Frauen Macht
tt0015067,Liebesbriefe der Baronin von S...
tt0015068,The Lighthouse by the Sea
tt0015069,The Lightning Rider
tt0015070,Lightning Romance
tt0015071,Lilies of the Field
tt0015072,Lily of the Dust
tt0015073,Listen Lester
tt0015074,Little Robinson Crusoe
tt0015075,Livet på landet
tt0015076,Lizzies of the Field
tt0015077,Lolita la huérfana
tt0015078,The Lone Chance
tt0015079,The Lone Wolf
tt0015080,Looped for Life
tt0015081,Lord Reginalds Derbyritt
tt0015082,The Loser's End
tt0015083,A Lost Lady
tt0015084,The Love Bandit
tt0015085,Love Letters
tt0015086,The Love Story of Aliette Brunton
tt0015087,Love and Glory
tt0015088,Love of Women
tt0015089,Love's Whirlpool
tt0015090,Love's Wilderness
tt0015091,The Lover of Camille
tt0015092,Lovers in Araby
tt0015093,Lovers' Lane
tt0015094,Loving Lies
tt0015095,Lucette
tt0015096,The Luck o' the Foolish
tt0015097,The Lullaby
tt0015098,The Lure of Love
tt0015099,Lure of the Yukon
tt0015100,Löjen och tårar
tt0015101,A Machine for Recreating Life
tt0015102,Maciste e il nipote d'America
tt0015103,Maciste imperatore
tt0015104,Mademoiselle Midnight
tt0015105,Madonna of the Streets
tt0015106,The Magic Lamp
tt0015107,Malva
tt0015109,The Man from Wyoming
tt0015110,The Man Who Came Back
tt0015111,The Man Who Fights Alone
tt0015112,The Man Without a Heart
tt0015113,Man from God's Country
tt0015114,A Man's Mate
tt0015115,Mancha que limpia
tt0015116,Manhandled
tt0015117,Manhattan
tt0015118,The Marriage Cheat
tt0015119,The Marriage Circle
tt0015120,Married Flirts
tt0015121,Marry in Haste
tt0015122,The Martyr Sex
tt0015123,The Mask of Lopez
tt0015124,The Masked Dancer
tt0015125,Masquerade
tt0015127,The Measure of a Man
tt0015128,La medalla del torero
tt0015129,Meddling Women
tt0015130,Men
tt0015131,Merton of the Movies
tt0015132,Miami
tt0015133,The Midnight Express
tt0015134,Midnight Secrets
tt0015135,Midnight Shadows
tt0015136,Michael
tt0015137,Mile-a-Minute Morgan
tt0015138,Milionar pentru o zi
tt0015139,The Millionaire Cowboy
tt0015140,The Mine with the Iron Door
tt0015141,Miracle of the Wolves
tt0015142,The Mirage
tt0015143,Missing Daughters
tt0015144,Moderne Laster
tt0015145,Monsieur Beaucaire
tt0015146,Monsieur Don't Care
tt0015147,Monsieur le directeur
tt0015148,Mooi Juultje van Volendam
tt0015149,The Moral Sinner
tt0015150,Mother Gooseland
tt0015152,Mustalaishurmaaja
tt0015153,Mother and Child
tt0015154,My Husband's Wives
tt0015155,My Man
tt0015156,The Price They Pay
tt0015157,Beyond Death
tt0015158,Mädchen  die man nicht heiratet
tt0015160,Namenlose Helden
tt0015161,Nantas
tt0015162,A Royal Divorce
tt0015163,The Navigator
tt0015164,Near Dublin
tt0015165,Neglected Women
tt0015166,Nellie the Beautiful Cloak Model
tt0015167,The Extraordinary Adventures of Mr. West in the Land of the Bolsheviks
tt0015168,The Net
tt0015169,Nets of Destiny
tt0015170,Never Say Die
tt0015171,The New School Teacher
tt0015172,New Toys
tt0015173,The Next Corner
tt0015174,Die Nibelungen: Kriemhild's Revenge
tt0015175,Die Nibelungen: Siegfried
tt0015176,The Night Message
tt0015177,Husbands or Lovers
tt0015178,No More Women
tt0015179,No Mother to Guide Her
tt0015180,North of 36
tt0015181,North of Nevada
tt0015183,Not Guilty for Runnin'
tt0015184,Not a Drum Was Heard
tt0015185,När millionerna rullar...
tt0015186,Nène
tt0015187,L'oeuvre immortelle
tt0015188,Oh  You Tony!
tt0015189,The Mill
tt0015190,On Probation
tt0015191,On Time
tt0015192,No Trifling with Love
tt0015193,On the Stroke of Three
tt0015194,Once in a Lifetime
tt0015195,One Glorious Night
tt0015196,One Hour Past Midnight
tt0015197,One Night in Rome
tt0015198,One Spooky Night
tt0015199,The Only Woman
tt0015200,Open All Night
tt0015201,The Open Switch
tt0015202,The Hands of Orlac
tt0015203,The Other Kind of Love
tt0015204,Our Pet
tt0015205,Pagan Passions
tt0015206,Pacat
tt0015207,The Painted Flapper
tt0015208,The Painted Lady
tt0015209,Painted People
tt0015210,A Pair of Hellions
tt0015211,Pal o' Mine
tt0015212,Pan the Piper
tt0015213,The Cigarette Girl of Mosselprom
tt0015214,Paris Asleep
tt0015215,The Passing of Wolf MacLean
tt0015216,Passion's Pathway
tt0015217,The Passionate Adventure
tt0015218,Paying the Limit
tt0015219,Peg o' the Mounted
tt0015220,The Perfect Alibi
tt0015221,The Perfect Flapper
tt0015222,Die Perücke
tt0015224,Peter Pan
tt0015225,Peter the Great
tt0015226,The Phantom Horseman
tt0015227,Phantom Justice
tt0015228,Picking Peaches
tt0015229,Pied Piper Malone
tt0015230,The Pied Piper
tt0015231,Pierre et Jean
tt0015232,Pierrot  Pierrette
tt0015233,En piga bland pigor
tt0015234,Pioneer's Gold
tt0015235,Playthings of Desire
tt0015236,The Plumber
tt0015237,The Plunderer
tt0015238,Poison
tt0015239,Poisoned Paradise
tt0015240,The Adventures of an Octoberite
tt0015241,Polyteekkarifilmi
tt0015242,Poor Kid
tt0015243,White Slippers
tt0015245,Postage Due
tt0015246,Pot Luck Pards
tt0015247,Prater
tt0015248,The Price She Paid
tt0015249,The Price of a Party
tt0015250,Pride of Sunshine Alley
tt0015251,Princesse Lulu
tt0015252,As Pupilas do Senhor Reitor
tt0015253,Quo Vadis?
tt0015254,Racing for Life
tt0015255,Racing Luck
tt0015256,The Radio Flyer
tt0015257,Ragged Robin
tt0015258,Rakkauden kaikkivalta - Amor Omnia
tt0015259,Ramshackle House
tt0015260,Range Blood
tt0015261,Rarin' to Go
tt0015263,The Reckless Age
tt0015264,Reckless Riding Bill
tt0015265,Reckless Romance
tt0015266,Reckless Speed
tt0015267,The Recoil
tt0015268,The Red Lily
tt0015269,The Reel Virginian
tt0015270,The Rejected Woman
tt0015271,Restless Wives
tt0015272,Revelation
tt0015273,La revoltosa
tt0015274,The Riddle Rider
tt0015275,Ride for Your Life
tt0015276,Riders Up
tt0015277,Riders of the Plains
tt0015278,Ridgeway of Montana
tt0015279,The Ridin' Kid from Powder River
tt0015280,Riding Double
tt0015281,The Right of the Strongest
tt0015282,Rip Roarin' Roberts
tt0015283,Rivers Up
tt0015284,Roaring Rails
tt0015285,Robes of Sin
tt0015286,Romance Ranch
tt0015287,Romance of the Wasteland
tt0015288,Romeo and Juliet
tt0015289,Romola
tt0015290,The Rose of Paris
tt0015291,Rough Ridin'
tt0015292,The Roughnecks
tt0015293,Roulette
tt0015294,The Runaway
tt0015295,Réveille
tt0015296,Sabishiki mura
tt0015297,Safeguarded
tt0015299,A Sainted Devil
tt0015300,Sally Bishop
tt0015301,Samidare sôshi
tt0015302,Sandra
tt0015303,Sanyasi
tt0015304,Savage Love
tt0015305,The Sawdust Trail
tt0015306,The Sawmill Four
tt0015307,Skarlatina
tt0015308,The Lady from Paris
tt0015309,Die schönste Frau der Welt
tt0015310,The Sea Hawk
tt0015311,Second Youth
tt0015312,Secrets
tt0015313,Secrets of the Night
tt0015314,A Self-Made Failure
tt0015315,Sell 'Em Cowboy
tt0015316,Sen Yan's Devotion
tt0015317,Shackles of Fear
tt0015318,Shadow of Egypt
tt0015319,The Shadow of the East
tt0015320,Shadows of Paris
tt0015321,Shahjehan
tt0015322,Shanghaied Lovers
tt0015323,The Shepherd King
tt0015324,Sherlock Jr.
tt0015325,Shichimenchô no yukue
tt0015326,The Foot
tt0015327,The Theft
tt0015328,The Shooting of Dan McGrew
tt0015329,Short Kilts
tt0015330,The Side Show of Life
tt0015331,The Signal Tower
tt0015332,The Silent Accuser
tt0015333,The Silent Stranger
tt0015334,Single Wives
tt0015335,Sinners in Heaven
tt0015336,Sinners in Silk
tt0015337,The Siren of Seville
tt0015338,The Sixth Commandment
tt0015339,The Moon of Israel
tt0015340,The Slanderers
tt0015341,Sleeping Beauty
tt0015342,Smile Please
tt0015343,Smithy
tt0015344,Smoking Trails
tt0015346,The Snob
tt0015347,So Big
tt0015348,So This Is Marriage?
tt0015349,A Society Scandal
tt0015350,Soiled
tt0015351,Soll und Haben
tt0015352,Ein Sommernachtstraum
tt0015353,A Son of the Sahara
tt0015354,The Sparring Partner
tt0015355,The Speed Spook
tt0015356,Ein Spiel ums Leben
tt0015357,The Spirit of the USA
tt0015358,The Spitfire
tt0015359,Sporting Youth
tt0015360,Ssanin
tt0015361,Strike
tt0015362,Star Dust Trail
tt0015363,Sten Stensson Stéen från Eslöv
tt0015364,Stepping Lively
tt0015365,Stepping Some
tt0015366,Steuerlos
tt0015367,Le stigmate
tt0015368,A Stitch in Time
tt0015369,Stolen Secrets
tt0015370,The Storm Daughter
tt0015371,The Story Without a Name
tt0015372,The Stranger
tt0015373,Straws in the Wind
tt0015374,The Street of Tears
tt0015375,Studenterna på Tröstehult
tt0015376,Stupid  But Brave
tt0015377,Such Is Life
tt0015378,The Sun Down Limited
tt0015379,Sundown
tt0015380,Sunlight of Paris
tt0015381,The Sunset Trail
tt0015382,Surging Seas
tt0015383,The Sword of Valor
tt0015384,Diagonal Symphony
tt0015385,Tainted Money
tt0015386,Tarnish
tt0015387,Tattercoats
tt0015388,Taumel
tt0015389,Teeth
tt0015390,Ten Dollars or Ten Days
tt0015391,Ten Scars Make a Man
tt0015392,The Tenth Woman
tt0015393,Terror
tt0015394,Tess of the D'Urbervilles
tt0015395,The Testament of Joe Sivers
tt0015396,Thamar  das Kind der Berge
tt0015397,That French Lady
tt0015398,That Wild West
tt0015399,A Thief in Paradise
tt0015400,The Thief of Bagdad
tt0015401,This Freedom
tt0015402,This Woman
tt0015403,Those Who Dance
tt0015404,Those Who Dare
tt0015405,Those Who Judge
tt0015406,Three Days to Live
tt0015407,Three Foolish Weeks
tt0015408,Three Weeks
tt0015409,Three Women
tt0015410,Through the Dark
tt0015411,Thumbelina
tt0015412,Thundering Romance
tt0015413,Thy Name Is Woman
tt0015414,La tierra de los toros
tt0015415,Tiger Love
tt0015416,Tiger Thompson
tt0015417,Til sæters
tt0015419,The Tomboy
tt0015420,Tons of Money
tt0015421,Torment
tt0015422,The Tornado
tt0015423,The Torrent
tt0015424,Traffic in Hearts
tt0015425,Tragédia de Amor
tt0015426,Tragödie im Hause Habsburg
tt0015427,The Trail of the Law
tt0015428,Travelin' Fast
tt0015429,The Triflers
tt0015430,Trigger Fingers
tt0015431,Trip to Mars
tt0015432,Trip to the Pole
tt0015433,Triumph
tt0015434,Trollebokungen
tt0015435,The Trouble Shooter
tt0015436,Trouping with Ellen
tt0015437,True As Steel
tt0015438,The Truth About Women
tt0015439,Try and Get It
tt0015440,Secret of a Wife
tt0015442,The Turmoil
tt0015443,Twenty Dollars a Week
tt0015444,Two Wagons: Both Covered
tt0015445,The Young Nobleman
tt0015446,Unguarded Women
tt0015447,The Uninvited Guest
tt0015448,Unmarried Wives
tt0015449,Unseen Hands
tt0015450,Untamed Youth
tt0015451,The Unwanted
tt0015452,Vacation
tt0015453,The Vagabond Trail
tt0015454,Valley of Hate
tt0015455,Vanity's Price
tt0015456,Vaudeville
tt0015457,Venus of the South Seas
tt0015458,Das verbotene Land
tt0015459,Vers Abecher la mystérieuse
tt0015460,Violettes impériales
tt0015461,The Virgin
tt0015462,Virginian Outcast
tt0015463,Virtue's Revolt
tt0015464,Virtuous Liars
tt0015465,Wages of Virtue
tt0015466,Wall Street Blues
tt0015467,Wanderer of the Wasteland
tt0015468,Wandering Husbands
tt0015469,Wandering Waistlines
tt0015470,Wanted by the Law
tt0015471,The Warrens of Virginia
tt0015472,Waterfront Wolves
tt0015473,The Way of a Man
tt0015474,Wedding Women
tt0015475,Week End Husbands
tt0015476,Welcome Stranger
tt0015477,West of Hot Dog
tt0015478,West of the Water Tower
tt0015479,Western Luck
tt0015480,Western Vengeance
tt0015481,The Western Wallop
tt0015482,What Shall I Do?
tt0015483,What Three Men Wanted
tt0015484,What an Eye
tt0015485,When Winter Comes
tt0015486,When a Girl Loves
tt0015487,When a Man's a Man
tt0015488,The Whipping Boss
tt0015490,The Whispered Name
tt0015491,White Man
tt0015492,The White Moth
tt0015493,White Shadows
tt0015494,The White Sin
tt0015495,Who Is the Man?
tt0015496,Who's Cheating?
tt0015497,Why Men Leave Home
tt0015498,Wild Oranges
tt0015499,Wine
tt0015500,Wine of Youth
tt0015501,Winner Take All
tt0015503,The Wise Virgin
tt0015504,The Wolf Man
tt0015505,Wolves of the North
tt0015506,A Woman Who Sinned
tt0015507,The Woman on the Jury
tt0015508,Woman to Woman
tt0015509,Women First
tt0015510,Women Who Give
tt0015511,Women and Diamonds
tt0015512,Worldly Goods
tt0015513,Wrongs Righted
tt0015514,The Yankee Consul
tt0015515,Yankee Madness
tt0015516,Yankee Speed
tt0015517,Jiskor
tt0015518,Yolanda
tt0015519,Young Ideas
tt0015520,Young Lochinvar
tt0015521,Youth for Sale
tt0015522,Yukon Jake
tt0015524,Zeb vs. Paprika
tt0015525,Zeebrugge
tt0015526,King of the Circus
tt0015527,Zwischen Morgen und Morgen
tt0015528,Ödets man
tt0015529,Â tokumukan Kantô
tt0015530,L'abbé Constantin
tt0015531,Das Abenteuer der Sibylle Brant
tt0015532,The Adventures of Prince Achmed
tt0015533,El abuelo
tt0015534,Accidents Can Happen
tt0015535,Accidents Won't Happen
tt0015536,Accused
tt0015537,The Ace of Spades
tt0015538,Ace of Spies
tt0015539,Across the Deadline
tt0015540,Action Galore
tt0015542,Adventure
tt0015543,The Adventurous Sex
tt0015544,Afraid of Love
tt0015545,After Business Hours
tt0015546,After Marriage
tt0015547,The Air Mail
tt0015548,Akai yûhi ni terasarete
tt0015549,Al's Troubles
tt0015550,Alias Mary Flynn
tt0015551,Alice Cans the Cannibals
tt0015552,Alice Chops the Suey
tt0015553,Alice Gets Stung
tt0015554,Alice Is Stage Struck
tt0015555,Alice Loses Out
tt0015556,Alice Picks the Champ
tt0015557,Alice Plays Cupid
tt0015558,Alice Solves the Puzzle
tt0015559,Alice Wins the Derby
tt0015560,Alice in the Jungle
tt0015561,Alice the Jail Bird
tt0015562,Alice the Toreador
tt0015563,Alice's Egg Plant
tt0015564,Alice's Tin Pony
tt0015565,All Around Frying Pan
tt0015566,All at Sea
tt0015567,Always Ridin' to Win
tt0015568,Amapola
tt0015569,Raffles: The Amateur Cracksman
tt0015570,American Pluck
tt0015571,Amours  délices et orgues
tt0015572,The Ancient Highway
tt0015573,The Ancient Mariner
tt0015574,Any Woman
tt0015575,Anything Once
tt0015576,The Apache
tt0015577,Are Parents People?
tt0015578,The Arizona Romeo
tt0015579,As Man Desires
tt0015585,Atanasio en busca de novia
tt0015586,Athleten
tt0015587,Autour d'un berceau
tt0015588,Away in the Lead
tt0015589,The Awful Truth
tt0015590,Baby Be Good
tt0015591,Back to Life
tt0015592,Bad Boy
tt0015593,Bad Company
tt0015594,The Bad Lands
tt0015595,Bad Man from Bodie
tt0015596,The Bandit Tamer
tt0015597,The Bandit's Baby
tt0015598,Sky's the Limit
tt0015599,Der Bankkrach unter den Linden
tt0015600,Baree  Son of Kazan
tt0015601,Las Barracas
tt0015602,Barriers Burned Away
tt0015603,Barriers of the Law
tt0015604,Bashful Buccaneer
tt0015605,Bashful Jim
tt0015606,Battling Bunyan
tt0015607,The Bear Facts
tt0015608,The Beautiful City
tt0015609,Beauty and the Bad Man
tt0015610,Beauty and the Bandit
tt0015611,Before Midnight
tt0015612,Beggar on Horseback
tt0015613,La bejarana
tt0015614,The Beloved Bozo
tt0015615,30 Below Zero
tt0015616,Below the Line
tt0015617,The Best Bad Man
tt0015618,The Best People
tt0015619,Beyond All Odds
tt0015620,Beyond the Border
tt0015621,Big Chief Koko
tt0015622,The Big Kick
tt0015623,Big Pal
tt0015624,The Big Parade
tt0015625,The Big Stunt
tt0015626,Das Bildnis
tt0015627,Black Cyclone
tt0015628,The Blood Bond
tt0015629,Blood and Steel
tt0015630,The Bloodhound
tt0015631,Blue Blood
tt0015632,Bobbed Hair
tt0015633,Bobby Bumps and Company
tt0015634,Body and Soul
tt0015635,Boobs in the Wood
tt0015636,The Boomerang
tt0015637,Border Intrigue
tt0015638,Border Justice
tt0015639,Border Vengeance
tt0015640,Borrowed Finery
tt0015641,Boy
tt0015642,Brand of Cowardice
tt0015643,Braveheart
tt0015644,The Bridge of Sighs
tt0015645,Bright Lights
tt0015646,A Broadway Butterfly
tt0015647,Broadway Lady
tt0015648,Battleship Potemkin
tt0015649,The Brute
tt0015650,Bröderna Östermans huskors
tt0015651,El buitre
tt0015652,Bulldog Courage
tt0015653,Bulldog Drummond's Third Round
tt0015654,The Burning Trail
tt0015655,The Business of Love
tt0015656,Bustin' Thru
tt0015657,Butter Fingers
tt0015658,De cabaret-prinses
tt0015659,Cabrita que tira al monte
tt0015660,The Cactus Cure
tt0015661,Cactus Trails
tt0015662,The Calgary Stampede
tt0015663,California Straight Ahead
tt0015664,The Call of Courage
tt0015665,Camille of the Barbary Coast
tt0015667,El camí de la felicitat
tt0015668,The Canvas Kisser
tt0015669,Capital Punishment
tt0015670,The Caretaker's Daughter
tt0015671,Castigo de Dios
tt0015673,Chess Fever
tt0015674,The Champion of Lost Causes
tt0015676,Charlotin e Clarinha
tt0015677,The Charmer
tt0015678,Cheaper to Marry
tt0015679,Chickie
tt0015680,Los chicos de la escuela
tt0015681,A Child of the Prairie
tt0015682,Children of the Whirlwind
tt0015683,Cinderella
tt0015684,The Circle
tt0015685,The Circus Cyclone
tt0015686,Circus Today
tt0015687,Clash of the Wolves
tt0015688,Classified
tt0015689,Clothes Make the Pirate
tt0015690,The Cloud Rider
tt0015691,The Coast Patrol
tt0015692,The Coast of Folly
tt0015693,Cobra
tt0015694,Code of the West
tt0015695,Cold Fury
tt0015696,Cold Nerve
tt0015697,Cold Turkey
tt0015699,Coming Through
tt0015700,The Coming of Amos
tt0015701,Compromise
tt0015702,Confessions of a Queen
tt0015703,Contraband
tt0015704,Brass Buttons
tt0015705,Corazón  o La vida de una modista
tt0015706,Costa Brava
tt0015707,Counsel for the Defense
tt0015708,Courage of Wolfheart
tt0015709,Cowboy Courage
tt0015710,Cowboy Grit
tt0015711,The Cowboy Musketeer
tt0015712,Cowboys Cry for It
tt0015713,Crack o' Dawn
tt0015714,The Crackerjack
tt0015715,The Crimson Runner
tt0015716,The Crook Buster
tt0015717,The Crowded Hour
tt0015719,Currito de la Cruz
tt0015720,Cyclone Cavalier
tt0015721,Cymbeline
tt0015722,Daddy's Gone A-Hunting
tt0015723,Daichi wa hohoemu daiippen
tt0015724,Dama de noche
tt0015725,Die Dame aus Berlin
tt0015726,Damen med kameliorna
tt0015727,The Dancers
tt0015728,The Danger Signal
tt0015729,The Danger Zone
tt0015730,Dangerous Curves Behind
tt0015731,Dangerous Innocence
tt0015732,Dangerous Odds
tt0015733,Dangerous Pleasure
tt0015734,Daring Days
tt0015735,The Dark Angel
tt0015736,Dashing Thru
tt0015737,A Daughter in Revolt
tt0015738,A Daughter of the Sioux
tt0015739,Daughters Who Pay
tt0015740,Déclassé
tt0015741,Defend Yourself
tt0015742,The Demon Rider
tt0015743,The Denial
tt0015744,The Desert Demon
tt0015745,The Desert Flower
tt0015746,The Desert's Price
tt0015747,Desperate Odds
tt0015748,Deutsche Herzen am deutschen Rhein
tt0015749,The Devil's Cargo
tt0015750,Dick Turpin
tt0015751,Dinky Doodle in the Hunt
tt0015752,Dinky Doodle and the Bad Man
tt0015753,Dinky Doodle in the Circus
tt0015754,Dinky Doodle in a Restaurant
tt0015755,The Dixie Handicap
tt0015756,Dollar Down
tt0015757,Don Dare Devil
tt0015758,Don Q Son of Zorro
tt0015760,Don Quintin the Bitter
tt0015761,Don't
tt0015763,Dr. Pyckle and Mr. Pryde
tt0015764,La drapaire
tt0015765,The Dressmaker from Paris
tt0015766,The Drug Store Cowboy
tt0015767,Drusilla with a Million
tt0015768,Master of the House
tt0015769,Duped
tt0015770,Durand of the Bad Lands
tt0015771,The case of the murder of Tariel Mklavadze
tt0015772,The Eagle
tt0015773,The Early Bird
tt0015775,East Lynne
tt0015776,East of Suez
tt0015777,Easy Money
tt0015778,Eifersucht
tt0015779,Enemies of Youth
tt0015780,The English Channel Swim
tt0015781,Enticement
tt0015782,Ermine and Rhinestones
tt0015783,Eve's Lover
tt0015784,Eve's Secret
tt0015785,The Everlasting Whisper
tt0015786,Every Man's Wife
tt0015787,Exchange of Wives
tt0015788,Excursión al pico del Teide
tt0015789,Excuse Me
tt0015790,Fager er lien
tt0015791,Faint Perfume
tt0015792,The Family Entrance
tt0015793,Fangs of Wolfheart
tt0015794,The Phantom of the Moulin-Rouge
tt0015795,Fast Fightin'
tt0015796,The Fate of a Flirt
tt0015797,Fear-Bound
tt0015798,The Fearless Lover
tt0015799,Felix Win's Out
tt0015800,Felix in Fairyland
tt0015801,The Late Mathias Pascal
tt0015802,Fiddlin' Around
tt0015803,Fifth Avenue Models
tt0015804,Fifty-Fifty
tt0015805,A Fight to the Finish
tt0015806,Fightin' Odds
tt0015807,Fighting Courage
tt0015808,The Fighting Cub
tt0015809,The Fighting Dude
tt0015810,Fighting Fluid
tt0015811,The Fighting Heart
tt0015812,The Fighting Ranger
tt0015813,The Fighting Sheriff
tt0015814,The Fighting Smile
tt0015815,Fighting Youth
tt0015816,Fighting the Flames
tt0015817,Fine Clothes
tt0015820,The Flame Fighter
tt0015821,Flaming Love
tt0015822,Flattery
tt0015823,Una mujer española
tt0015824,Flor de espino
tt0015825,Flower of Night
tt0015826,Flygande holländaren
tt0015827,Flyin' Thru
tt0015828,The Flying Elephant
tt0015829,Flying Hoofs
tt0015831,Folly of Vanity
tt0015832,A Fool and His Money
tt0015833,The Fool
tt0015834,Forbidden Cargo
tt0015835,Forty Winks
tt0015836,Framed
tt0015837,Die Frau mit dem Etwas
tt0015838,Frauen  die nicht lieben dürfen
tt0015839,Free and Equal
tt0015840,Free to Love
tt0015841,The Freshman
tt0015842,The Joyless Street
tt0015843,Friendly Enemies
tt0015844,From Rags to Britches
tt0015845,Das Fräulein vom Amt
tt0015846,Fue una pesadilla
tt0015847,Furusato no uta
tt0015848,För hemmet och flickan
tt0015849,Shôhin eiga-shû: Machi no sketch
tt0015850,Gakuso wo idete
tt0015851,The Galloping Jinx
tt0015852,Galloping On
tt0015853,The Gambling Fool
tt0015854,Den gamla herrgården
tt0015855,La garra del mico
tt0015856,Gentleman Roughneck
tt0015857,The Sunken
tt0015858,Giddap!
tt0015859,Gigantes y cabezudos
tt0015860,The Girl Who Wouldn't Work
tt0015861,The Bride of Glomdal
tt0015862,Go Straight
tt0015863,Go West
tt0015864,The Gold Rush
tt0015865,Gold and Grit
tt0015866,Gold and the Girl
tt0015867,The Golden Bed
tt0015868,The Golden Cocoon
tt0015869,The Golden Princess
tt0015870,The Golden Strain
tt0015871,The Goose Hangs High
tt0015872,The Goose Woman
tt0015874,Graustark
tt0015875,The Great Circus Mystery
tt0015876,The Great Divide
tt0015877,The Great Jewel Robbery
tt0015878,The Great Love
tt0015879,The Great Sensation
tt0015880,Greater Than a Crown
tt0015881,Greed
tt0015882,The Green Archer
tt0015883,Mother of Mine
tt0015884,Grounds for Divorce
tt0015886,Halbseide
tt0015887,Half a Hero
tt0015888,Half a Man
tt0015889,The Half-Way Girl
tt0015890,The Handsome Brute
tt0015891,Hanseaten
tt0015892,The Happy Ending
tt0015893,The Happy Warrior
tt0015894,Hatsukoi
tt0015895,The Haunted Honeymoon
tt0015896,Das Haus der Lüge
tt0015897,Havoc
tt0015898,He Who Gets Socked
tt0015899,He Who Laughs Last
tt0015900,Head Winds
tt0015901,Headlines
tt0015902,The Heart of a Siren
tt0015903,Hearts and Spurs
tt0015904,Heir-Loons
tt0015905,Hell's Highroad
tt0015906,Hello Baby!
tt0015907,Her Little Majesty
tt0015908,Her Husband's Secret
tt0015909,Her Sister from Paris
tt0015910,Hidden Loot
tt0015912,La hija del corregidor
tt0015913,Himmeluret
tt0015914,His Buddy's Wife
tt0015915,His Majesty  Bunker Bean
tt0015916,His Marriage Wow
tt0015917,His Master's Voice
tt0015918,His People
tt0015919,His Secretary
tt0015920,His Supreme Moment
tt0015921,His Wooden Wedding
tt0015922,Hochstapler wider Willen
tt0015923,Hogan's Alley
tt0015924,The Home Maker
tt0015925,Honeymoon Hardships
tt0015926,Hooked
tt0015927,Hot Doggie
tt0015928,Hotsy-Totsy
tt0015929,The House That Dinky Built
tt0015930,The House Without a Key
tt0015931,How Baxter Butted In
tt0015932,The Hunted Woman
tt0015933,The Hurricane Horseman
tt0015934,The Hurricane Kid
tt0015935,El húsar de la muerte
tt0015936,I Want My Man
tt0015937,I'll Show You the Town
tt0015939,Idaho
tt0015940,If Marriage Fails
tt0015941,In the Name of the Kaisers
tt0015942,In Love with Love
tt0015943,In Search of a Hero
tt0015944,In the Name of Love
tt0015946,Infatuation
tt0015947,Ingmarsarvet
tt0015948,Innocent Husbands
tt0015949,Introduce Me
tt0015950,Invisible Revenge
tt0015951,Irish Luck
tt0015952,The Iron Man
tt0015953,The Iron Mule
tt0015954,The Iron Nag
tt0015955,Is Marriage Goofy
tt0015956,Isn't Life Terrible?
tt0015957,Jack the Giant Killer
tt0015958,Yego prizyv
tt0015959,Jewish Luck
tt0015960,Joanna
tt0015961,A Day's Vacation
tt0015962,José
tt0015963,Just Spooks
tt0015964,Just a Woman
tt0015965,Justice of the Far North
tt0015966,Kalle Utter
tt0015967,Kammermusik
tt0015968,Charles XII
tt0015969,Karl XII: Del II
tt0015970,Keep Smiling
tt0015972,The Keeper of the Bees
tt0015973,Kentucky Pride
tt0015974,King Cotton
tt0015975,King of the Castle
tt0015976,The King on Main Street
tt0015977,Kino-pravda no. 21 - Leninskaia Kino-pravda. Kinopoema o Lenine
tt0015978,The Kiss Barrier
tt0015979,Kiss Me Again
tt0015980,A Kiss in the Dark
tt0015981,Kit Carson Over the Great Divide
tt0015983,The Knockout
tt0015984,Love and a Warrior
tt0015985,Ko-Ko Celebrates the Fourth
tt0015986,Koko Eats
tt0015987,Ko-Ko in Toyland
tt0015988,Koko Nuts
tt0015989,Ko Ko Packs 'Em
tt0015990,Koko Sees Spooks
tt0015991,Ko-Ko Steps Out
tt0015992,Koko Trains 'Em
tt0015993,Ko-Ko on the Run
tt0015994,Ko-Ko the Barber
tt0015995,Koko the Hot Shot
tt0015996,Ko-Ko's Thanksgiving
tt0015997,The Stationmaster
tt0015998,Cross and Mauser
tt0015999,Der König und das kleine Mädchen
tt0016000,Die Königsgrenadiere
tt0016001,Ett köpmanshus i skärgården
tt0016002,Lady Robinhood
tt0016003,The Lady Who Lied
tt0016004,Lady Windermere's Fan
tt0016005,Lady of the Night
tt0016006,The Lady
tt0016007,The Lost Chord
tt0016008,The Last Edition
tt0016010,The Last Witness
tt0016011,The Lawful Cheater
tt0016012,El lazarillo de Tormes
tt0016013,Lazybones
tt0016014,Learning to Love
tt0016015,Let 'er Buck
tt0016016,Let Women Alone
tt0016017,O Leão da Estrela
tt0016018,Die Liebe der Bajadere
tt0016019,Liebe macht blind
tt0016020,Der Liebeskäfig
tt0016021,The Light of Western Stars
tt0016022,Lightnin'
tt0016023,Lights of Old Broadway
tt0016024,Lilies of the Streets
tt0016025,The Limited Mail
tt0016026,A Link Missing
tt0016027,The Lion's Whiskers
tt0016028,Little Annie Rooney
tt0016029,The Little Colonel
tt0016030,The Little French Girl
tt0016031,A Little Girl in a Big City
tt0016032,Little Red Riding Hood
tt0016033,Little Red Riding Hood
tt0016034,The Live Wire
tt0016035,El lobo
tt0016036,Locked Doors
tt0016037,Lord Jim
tt0016038,Lorraine of the Lions
tt0016039,The Lost World
tt0016040,Lost: A Wife
tt0016042,The Love Gamble
tt0016044,The Love Hour
tt0016045,Love and Kisses
tt0016046,Love on the Rio Grande
tt0016047,Lover's Island
tt0016048,Lovers in Quarantine
tt0016049,Luch smerti
tt0016050,Luck and Sand
tt0016051,The Lucky Devil
tt0016052,The Lucky Horseshoe
tt0016053,Lucky Stars
tt0016054,Luna-cy!
tt0016055,Lure of the Track
tt0016056,Lure of the West
tt0016057,The Lure of the Wild
tt0016058,Luxusweibchen
tt0016059,Lying Wives
tt0016060,Maciste in Africa
tt0016061,The Mad Dancer
tt0016062,The Mad Marriage
tt0016063,The Mad Whirl
tt0016064,Madame Behave
tt0016065,Madame Sans-Gêne
tt0016066,Madrid en el año 2000
tt0016067,Magic Carpet
tt0016069,Maid in Morocco
tt0016070,Makers of Men
tt0016071,The Making of O'Malley
tt0016072,The Man from Red Gulch
tt0016073,A Man Must Live
tt0016074,The Man Nobody Knows
tt0016075,The Man Who Found Himself
tt0016076,The Man Who Played Square
tt0016077,The Man Without a Conscience
tt0016078,As No Man Has Loved
tt0016079,Man and Maid
tt0016080,The Man from Lone Mountain
tt0016081,The Man in Blue
tt0016082,A Man of Nerve
tt0016083,The Man on the Box
tt0016084,Manasse
tt0016085,A Mandarin Mixup
tt0016086,Manhattan Madness
tt0016087,The Manicure Girl
tt0016088,Der Mann aus dem Jenseits
tt0016089,The Mansion of Aching Hearts
tt0016090,Marcus Garland
tt0016093,The Marriage Whirl
tt0016094,Marriage in Transit
tt0016095,Marry Me
tt0016096,Mary  Queen of Tots
tt0016097,The Masked Bride
tt0016099,The Meddler
tt0016100,My Friend the Chauffeur
tt0016101,Der Meister der Welt
tt0016102,The Mellow Quartette
tt0016103,Men and Women
tt0016104,The Merry Widow
tt0016106,The Midnight Flyer
tt0016107,The Midnight Girl
tt0016108,Midnight Molly
tt0016109,The Midshipman
tt0016110,The Million Dollar Handicap
tt0016112,Les Misérables
tt0016113,Mishki protiv Yudenicha
tt0016114,Miss Bluebeard
tt0016115,Mixing in Mexico
tt0016116,Moccasins
tt0016117,A Modern Cain
tt0016118,Mon curé chez les pauvres
tt0016119,Mon curé chez les riches
tt0016120,Mon oncle
tt0016121,Money Isn't Everything
tt0016122,Monkey Business
tt0016123,The Monster
tt0016124,Die Moral der Gasse
tt0016125,Morals for Men
tt0016126,Die Motorbraut
tt0016127,The Mountain Eagle
tt0016129,The Movies
tt0016130,Musen Fusen Uchien Puchan
tt0016131,Music Hath Charms
tt0016133,My Home Town
tt0016134,My Lady's Lips
tt0016135,My Neighbor's Wife
tt0016136,My Pal
tt0016137,My Son
tt0016138,My Wife and I
tt0016139,The Mysterious Stranger
tt0016140,The Mystery Box
tt0016141,The Mystery of Lost Ranch
tt0016142,The Mystic
tt0016144,Spring on Southern Islands
tt0016145,Naples au baiser de feu
tt0016146,The Narrow Street
tt0016147,Navy Blue Days
tt0016148,The Necessary Evil
tt0016149,Never Too Late
tt0016150,Never the Twain Shall Meet
tt0016151,New Brooms
tt0016152,The New Champion
tt0016153,The New Commandment
tt0016154,New Lives for Old
tt0016155,The Sun
tt0016156,The Night Club
tt0016157,Night Life of New York
tt0016158,The Night Ship
tt0016159,Ningen: kôhen
tt0016160,Nit d'albades
tt0016161,El niño de las monjas
tt0016162,El niño de oro
tt0016163,No Father to Guide Him
tt0016164,Rustic Chivalry
tt0016165,Nobleza de corazones
tt0016166,Nogi shôgun to Kuma-san
tt0016167,The Northern Code
tt0016168,Not So Long Ago
tt0016169,När Bengt och Anders bytte hustrur
tt0016170,Oceans of Trouble
tt0016171,Off the Highway
tt0016172,Oh  Doctor!
tt0016173,Ojos tristes
tt0016174,Old Clothes
tt0016175,Old Home Week
tt0016176,Old Shoes
tt0016177,On Thin Ice
tt0016178,On the Threshold
tt0016180,One Shot Ranger
tt0016181,One Way Street
tt0016182,One Year to Live
tt0016183,One of the Bravest
tt0016184,The Only Thing
tt0016185,Orochi
tt0016186,The Other Woman's Story
tt0016187,Otoko gokoro
tt0016188,Ouch!
tt0016189,The Outlaw's Daughter
tt0016190,Outwitted
tt0016191,Over Thereabouts
tt0016192,The Overland Limited
tt0016193,The Pace That Thrills
tt0016194,Welcome Granger
tt0016195,Paint and Powder
tt0016196,Painted Daughters
tt0016197,Pals
tt0016198,Pampered Youth
tt0016200,The Parasite
tt0016201,Parisian Love
tt0016202,Parisian Nights
tt0016203,The Part Time Wife
tt0016204,Passionate Youth
tt0016205,Paths to Paradise
tt0016206,Peacock Feathers
tt0016207,Pearl of Love
tt0016208,Peggy of the Secret Service
tt0016209,The People vs. Nancy Preston
tt0016210,Pepita Jiménez
tt0016211,Percy
tt0016212,The Perfect Clown
tt0016213,Perils of the Rail
tt0016214,Perils of the Wild
tt0016217,Peter Pan Handled
tt0016218,The Phantom Express
tt0016219,Phantom Shadows
tt0016220,The Phantom of the Opera
tt0016222,Pie-Eyed
tt0016223,The Love Pirate
tt0016224,The Pinch Hitter
tt0016225,Plain Clothes
tt0016226,The Plastic Age
tt0016227,Play Ball
tt0016228,Playing with Souls
tt0016229,The Pleasure Buyers
tt0016230,The Pleasure Garden
tt0016231,Pohjalaisia
tt0016232,Poil de carotte
tt0016233,The Police Patrol
tt0016234,Constable Paulus' Easter Bomb
tt0016235,The Pony Express
tt0016236,Ports of Call
tt0016237,The Power God
tt0016238,The Prairie Pirate
tt0016239,The Prairie Wife
tt0016240,Prem Sanyas
tt0016241,Pretty Ladies
tt0016242,The Price of Pleasure
tt0016243,The Price of Success
tt0016244,The Pride of the Force
tt0016245,The Primrose Path
tt0016246,The Blackguard
tt0016247,Private Affairs
tt0016249,Props and the Spirits
tt0016250,Props' Dash for Cash
tt0016251,Proud Flesh
tt0016252,A Daughter of Israel
tt0016253,Pulcinella
tt0016254,Pursued
tt0016255,Queen of Spades
tt0016256,Quick Change
tt0016258,The Rag Man
tt0016259,The Rainbow Trail
tt0016260,Ranchers and Rascals
tt0016261,Range Buzzards
tt0016262,Range Justice
tt0016263,The Range Terror
tt0016264,Range Vultures
tt0016265,Ranger Bill
tt0016266,Ranger of the Big Pines
tt0016267,The Raspberry Romance
tt0016268,The Rat's Knuckles
tt0016269,The Rattler
tt0016270,The Re-Creation of Brian Kent
tt0016271,Reckless Courage
tt0016272,The Reckless Sex
tt0016273,Recompense
tt0016274,Red Blood and Blue
tt0016275,Red Hot Tires
tt0016276,The Red Kimono
tt0016277,Red Love
tt0016278,The Red Rider
tt0016279,The Redeeming Sin
tt0016280,A Regular Fellow
tt0016281,Rejas y votos
tt0016282,El reloj del anticuario o Del Rastro a La Castellana
tt0016283,Remember When?
tt0016284,The Return of Peter Grimm
tt0016285,Reveille  das große Wecken
tt0016286,Rhythmus 25
tt0016287,Riders of Mystery
tt0016288,Riders of the Purple Sage
tt0016289,Riders of the Sand Storm
tt0016290,Ridin' Pretty
tt0016291,Ridin' Thunder
tt0016292,Ridin' the Wind
tt0016293,Los riegos del Alto Aragón
tt0016294,The Road to Yesterday
tt0016295,Roald Amundsen - Ellsworths flyveekspedition 1925
tt0016296,A Roaring Adventure
tt0016297,Robinson Crusoe
tt0016298,Romance Road
tt0016299,Rose of the World
tt0016300,The Roughneck
tt0016301,Rugged Water
tt0016302,A Runaway Taxi
tt0016304,Ruta gloriosa
tt0016305,S.O.S. Perils of the Sea
tt0016306,Sackcloth and Scarlet
tt0016307,Sally
tt0016308,Sally of the Sawdust
tt0016309,Sally  Irene and Mary
tt0016310,The Salvation Hunters
tt0016311,Sangre azul y sangre roja
tt0016312,La santa
tt0016313,Satan in Sables
tt0016314,Savages of the Sea
tt0016315,Scandal Proof
tt0016316,Scandal Street
tt0016317,Scar Hanan
tt0016318,The Scarlet Honeymoon
tt0016319,Scarlet Saint
tt0016320,The Scarlet West
tt0016321,Scarlet and Gold
tt0016322,Schicksal
tt0016323,School for Wives
tt0016324,The Scrappin' Kid
tt0016325,The Sea Squawk
tt0016326,Sealed Lips
tt0016327,The Secret Kingdom
tt0016328,Secret Service Sanders
tt0016329,The Secret of Black Canyon
tt0016330,Seishun
tt0016331,Settled Out of Court
tt0016332,Seven Chances
tt0016333,Seven Keys to Baldpate
tt0016334,Seven Sinners
tt0016335,El señor feudal
tt0016336,Shackled Lightning
tt0016337,The Shadow on the Wall
tt0016338,She
tt0016339,She Wolves
tt0016340,The Shield of Silence
tt0016341,The Shining Adventure
tt0016342,Shinju yoimachigusa
tt0016343,Ship of Souls
tt0016344,Shirayuri wa nageku
tt0016345,The Shock Punch
tt0016346,Shore Leave
tt0016348,Siege
tt0016349,The Sign of the Cactus
tt0016350,Silent Sanderson
tt0016351,Silent Sheldon
tt0016352,The Silent Watcher
tt0016353,Silk Stocking Sal
tt0016354,Simon the Jester
tt0016355,Skeppargatan 40
tt0016356,The Sky Raider
tt0016357,Skärgårdskavaljerer
tt0016358,A Slave of Fashion
tt0016359,The Sleuth
tt0016360,Smooth as Satin
tt0016361,Smouldering Fires
tt0016362,Sneezing Beezers
tt0016363,The Snob Buster
tt0016364,The Snow Hawk
tt0016365,So Long Bill
tt0016366,La sobrina del cura
tt0016367,Soda Jerks
tt0016368,Soft Shoes
tt0016369,Soll man heiraten?
tt0016370,Solskinsdalen
tt0016371,Some Pun'kins
tt0016372,Somebody's Darling
tt0016373,Somewhere in Wrong
tt0016374,A Son of His Father
tt0016375,Super-Hooper-Dyne Lizzies
tt0016376,Sora wa haretari
tt0016377,Soul-Fire
tt0016378,Souls for Sables
tt0016379,The Spaniard
tt0016380,Speed
tt0016381,Speed Mad
tt0016382,Speed Madness
tt0016383,Speed Wild
tt0016384,Das Spielzeug von Paris
tt0016385,The Splendid Crime
tt0016386,The Splendid Road
tt0016387,Spook Ranch
tt0016388,The Sporting Chance
tt0016389,Sporting Life
tt0016390,The Sporting Venus
tt0016391,Sporting West
tt0016392,The City Without Jews
tt0016393,The City of Temptation
tt0016394,Stage Struck
tt0016395,Stella Dallas
tt0016396,Stella Maris
tt0016397,Steppin' Out
tt0016398,Stop Flirting
tt0016399,The Storm Breaker
tt0016400,The Storm
tt0016402,Straight Through
tt0016403,The Street of Forgotten Men
tt0016404,Styrman Karlssons flammor
tt0016405,The Substitute Wife
tt0016406,Sun-Up
tt0016407,Sunken Silver
tt0016408,Suvinen satu
tt0016409,The Swan
tt0016410,The Talker
tt0016411,Taming the West
tt0016412,Tearin' Loose
tt0016413,The Teaser
tt0016414,Tee for Two
tt0016415,Tessie
tt0016416,The Texas Trail
tt0016417,Thank You
tt0016418,That Man Jack!
tt0016419,That Old Gang of Mine
tt0016420,That Royle Girl
tt0016421,There He Goes
tt0016422,The Verdict
tt0016423,The Thoroughbred
tt0016424,Thou Shalt Not Pass
tt0016425,Three Bears
tt0016426,3 Keys
tt0016427,Three Wise Crooks
tt0016428,Three in Exile
tt0016429,Thunder Mountain
tt0016430,The Thundering Herd
tt0016431,Thundering Through
tt0016432,Tides of Passion
tt0016433,The Timber Wolf
tt0016434,Time Flies
tt0016435,Time  the Comedian
tt0016436,Tomorrow's Love
tt0016437,Tongues of Flame
tt0016438,Tonio  Son of the Sierras
tt0016439,Too Many Kisses
tt0016440,Too Much Youth
tt0016441,Top Hand
tt0016442,The Top of the World
tt0016444,A Tormenta
tt0016445,Tosei tamatebako
tt0016446,The Tower of Lies
tt0016447,Tracked in the Snow Country
tt0016448,Tragedy
tt0016449,The Trail Rider
tt0016450,The Train Wreckers
tt0016451,Transatlantic Flight
tt0016453,Tricks
tt0016454,Trimmed in Gold
tt0016455,Triple Action
tt0016456,The Trouble Buster
tt0016457,The Trouble with Wives
tt0016458,Troubles of a Bride
tt0016459,Der Trödler von Amsterdam
tt0016460,Hanpeita Tsukigata
tt0016461,Tumbleweeds
tt0016462,Två konungar
tt0016463,Twins
tt0016464,Two Cats and a Bird
tt0016465,Two Poor Fish
tt0016466,Two-Fisted Jones
tt0016467,Dance Fever
tt0016468,The Ugly Duckling
tt0016469,The Unchastened Woman
tt0016470,Under the Rouge
tt0016471,The Uneasy Three
tt0016472,The Unguarded Hour
tt0016473,The Unholy Three
tt0016474,Universal in 1925
tt0016475,The Unknown Lover
tt0016476,The Unnamed Woman
tt0016477,The Unwritten Law
tt0016478,Up the Ladder
tt0016479,Valadião  o Cratera
tt0016480,The Vanishing American
tt0016481,Variety
tt0016482,Before the Battle
tt0016483,Venetian Lovers
tt0016484,Die Venus von Montmartre
tt0016485,The Verdict of the Desert
tt0016487,Slums of Berlin
tt0016488,Vic Dyson Pays
tt0016490,La virgen de cristal
tt0016491,Mother
tt0016492,Vorderhaus und Hinterhaus
tt0016493,The Imaginary Voyage
tt0016494,Wages for Wives
tt0016495,Waiting
tt0016496,Wakaki hi no Chuji
tt0016497,Waking Up the Town
tt0016498,The Wall Street Whiz
tt0016499,The Waltz Dream
tt0016500,The Wanderer
tt0016501,Wandering Fires
tt0016502,Wandering Footsteps
tt0016503,Was It Bigamy?
tt0016504,Wasted Lives
tt0016505,The Way of a Girl
tt0016506,The Wonderful Wooing
tt0016507,We Moderns
tt0016508,Webs of Steel
tt0016509,The Wedding Song
tt0016510,Welcome Home
tt0016511,Wenn die Filmkleberin gebummelt hat
tt0016512,West Is West
tt0016513,What Fools Men
tt0016514,The Wheel
tt0016515,When Husbands Flirt
tt0016516,When Love Grows Cold
tt0016517,When the Door Opened
tt0016518,Where Am I?
tt0016519,Where Was I?
tt0016520,Where the Worst Begins
tt0016521,Whispering Whiskers
tt0016522,Whistling Jim
tt0016523,The White Desert
tt0016524,White Fang
tt0016525,The White Monkey
tt0016526,The White Outlaw
tt0016527,Who Cares
tt0016528,Why Women Love
tt0016529,The Wife Who Wasn't Wanted
tt0016530,The Wife of the Centaur
tt0016531,The Wild Girl
tt0016532,The Wild Goose Chaser
tt0016533,Wild Horse Canyon
tt0016534,Wild Horse Mesa
tt0016535,Wild Justice
tt0016536,Wild West
tt0016537,Wild  Wild Susan
tt0016538,Wildfire
tt0016539,Win  Lose or Draw
tt0016540,The Winding Stair
tt0016541,Winds of Chance
tt0016542,Wings of Youth
tt0016543,Without Mercy
tt0016544,The Wizard of Oz
tt0016545,Wolfblood
tt0016546,Wolfheart's Revenge
tt0016547,The Woman Hater
tt0016548,A Woman of the World
tt0016549,A Woman's Faith
tt0016550,Womanhandled
tt0016551,Women and Gold
tt0016552,Wreckage
tt0016553,The Wrongdoers
tt0016554,The Wyoming Wildcat
tt0016555,You're Fired
tt0016556,Youth and Adventure
tt0016557,Youth's Gamble
tt0016558,Ypres
tt0016559,Zakroyshchik iz Torzhka
tt0016560,Zander the Great
tt0016561,Zigano
tt0016562,Zowie
tt0016563,The Chronicles of the Gray House
tt0016564,Heart of an Actress
tt0016565,Öregrund-Östhammar
tt0016568,A buen juez  mejor testigo
tt0016569,Adventures of a Ten Mark Note
tt0016570,Abrek Zaur
tt0016571,Ace of Action
tt0016572,The Ace of Cads
tt0016573,Ace of Clubs
tt0016574,Achtung Harry! Augen auf!
tt0016575,Across the Pacific
tt0016576,Action Craver
tt0016577,The Adorable Deceiver
tt0016578,Ahead of the Law
tt0016579,Alexander's Ragtime Band
tt0016580,Alice Charms the Fish
tt0016581,Alice Cuts the Ice
tt0016582,Alice Helps the Romance
tt0016583,Alice Rattled by Rats
tt0016584,Alice in Slumberland
tt0016585,Alice in the Wooly West
tt0016586,Alice on the Farm
tt0016587,Alice the Fire Fighter
tt0016588,Alice the Lumberjack
tt0016589,Alice's Balloon Race
tt0016590,Alice's Brown Derby
tt0016591,Alice's Little Parade
tt0016592,Alice's Monkey Business
tt0016593,Alice's Mysterious Mystery
tt0016594,Alice's Orphan
tt0016595,Alice's Spanish Guitar
tt0016597,Almost a Lady
tt0016598,Aloma of the South Seas
tt0016600,Along Came Auntie
tt0016601,The Amateur Gentleman
tt0016602,Ambushed
tt0016603,The American Venus
tt0016604,The Beautiful Blue Danube
tt0016605,Annie Laurie
tt0016606,Another Bottle Doctor
tt0016607,April Fool
tt0016608,Los apuros de Octavio
tt0016609,The Arizona Streak
tt0016610,Arizona Sweepstakes
tt0016615,Atta Boy
tt0016616,The Auction Block
tt0016617,Bachelor Brides
tt0016618,Bad Man's Bluff
tt0016619,The Baited Trap
tt0016620,Bajo las nieblas de Asturias
tt0016621,Baldevins bryllup
tt0016622,The Ball of Fortune
tt0016623,The Prince and the Dancer
tt0016624,El bandido de la sierra
tt0016625,The Bandit Buster
tt0016626,The Bar-C Mystery
tt0016627,Bardelys the Magnificent
tt0016628,The Barrier
tt0016629,The Bat
tt0016630,Battling Butler
tt0016631,Battling Kid
tt0016632,Be Your Age
tt0016633,Beatrice Cenci
tt0016634,Beau Geste
tt0016635,The Beautiful Cheat
tt0016637,Beauty and the Beach
tt0016638,Behind the Front
tt0016639,The Belle of Broadway
tt0016640,The Bells
tt0016641,Ben-Hur: A Tale of the Christ
tt0016642,Bertha  the Sewing Machine Girl
tt0016643,The Better 'Ole
tt0016644,The Better Man
tt0016645,The Better Way
tt0016646,Beverly of Graustark
tt0016647,Beyond the Rockies
tt0016648,Beyond the Trail
tt0016649,O Bicho da Serra de Sintra
tt0016650,The Big Show
tt0016651,The Big Swim
tt0016652,Bigger Than Barnum's
tt0016653,Black Paradise
tt0016654,The Black Pirate
tt0016655,The Blackbird
tt0016656,Blarney
tt0016657,Blarney
tt0016658,The Blind Goddess
tt0016659,The Blind Trail
tt0016660,The Block Signal
tt0016661,The Blonde Saint
tt0016662,A Blonde's Revenge
tt0016663,Blue Blazes
tt0016664,The Blue Eagle
tt0016665,Blue Streak O'Neil
tt0016666,The Blue Streak
tt0016667,Bluebeard's Seven Wives
tt0016668,The Boaster
tt0016669,La Bohème
tt0016670,Bombs and Bums
tt0016671,The Bonanza Buckaroo
tt0016672,The Boob
tt0016673,The Border Sheriff
tt0016674,The Border Whirlwind
tt0016675,Born to Battle
tt0016676,Born to the West
tt0016677,The Boy Friend
tt0016678,Bred in Old Kentucky
tt0016679,Breed of the Sea
tt0016680,Bride of the Storm
tt0016681,Broadway Billy
tt0016682,The Broadway Boob
tt0016683,The Broadway Gallant
tt0016684,Broken Hearts
tt0016685,Broken Hearts of Hollywood
tt0016686,Broken Homes
tt0016687,The Broken Law
tt0016688,Brooding Eyes
tt0016689,The Brown Derby
tt0016690,Brown of Harvard
tt0016691,The Bridal Party in Hardanger
tt0016692,Two Brothers
tt0016693,The Buckaroo Kid
tt0016694,Bucking the Truth
tt0016695,With Buffalo Bill on the U. P. Trail
tt0016696,The Bay of Death
tt0016697,Buried Gold
tt0016698,Buscando un tesoro
tt0016699,Butterflies in the Rain
tt0016700,Call Me Up Some Rainy Afternoon
tt0016701,The Call of the Klondike
tt0016702,Call of the Night
tt0016703,The Call of the Wilderness
tt0016704,A Calúnia
tt0016705,The Campus Flirt
tt0016706,The Canadian
tt0016707,The Canyon of Light
tt0016708,A Captain's Courage
tt0016709,Carmen
tt0016710,Carmiña  flor de Galicia
tt0016711,The Carnival Girl
tt0016712,Carolina  la niña de plata
tt0016713,Casey of the Coast Guard
tt0016714,Cash on Delivery
tt0016715,The Cat's Pajamas
tt0016716,The Caveman
tt0016717,El caíd
tt0016718,Charleys tant
tt0016719,Chasing Trouble
tt0016720,The Checkered Flag
tt0016721,La chica del gato
tt0016722,Children of the Storm
tt0016723,The Chinese Bungalow
tt0016724,Chip of the Flying U
tt0016726,Chyortovo koleso
tt0016727,Christine of the Big Tops
tt0016728,La chèvre aux pieds d'or
tt0016729,The City
tt0016730,The Clinging Vine
tt0016731,Code of the Northwest
tt0016732,The Cohens and Kellys
tt0016733,The College Boob
tt0016734,College Days
tt0016735,Collegiate
tt0016736,The Combat
tt0016737,Coming an' Going
tt0016738,Le comte Kostia
tt0016741,Corazones y aventuras
tt0016742,Corazón de reina
tt0016743,Corporal Kate
tt0016744,The Country Beyond
tt0016745,The Cowboy Cop
tt0016746,The Cowboy and the Countess
tt0016747,Crazy Like a Fox
tt0016749,Crossed Signals
tt0016750,The Crown of Lies
tt0016751,The Cruise of the Jasper B
tt0016752,Los cuatro robinsones
tt0016753,Cuento de lobos
tt0016754,Cupid's Knockout
tt0016755,El cura de aldea
tt0016756,Cyclone Bob
tt0016757,Czerwony blazen
tt0016758,Dame Chance
tt0016759,Dance Madness
tt0016760,The Dancer of Paris
tt0016761,Dancing Days
tt0016762,Dancing Mothers
tt0016763,The Danger Girl
tt0016764,Danger Quest
tt0016765,The Dangerous Dub
tt0016766,The Dangerous Dude
tt0016767,Dangerous Friends
tt0016768,Dangerous Traffic
tt0016770,With Davy Crockett at the Fall of the Alamo
tt0016771,The Dead Line
tt0016772,Del rancho a la capital
tt0016773,The Demon
tt0016774,O Desconhecido
tt0016775,Desert Gold
tt0016776,Desert Valley
tt0016777,The Desert's Toll
tt0016778,The Desperate Game
tt0016779,A Desperate Moment
tt0016780,Deuce High
tt0016781,Das deutsche Mutterherz
tt0016782,The Devil Horse
tt0016783,The Devil's Circus
tt0016784,Devil's Dice
tt0016785,The Devil's Disciple
tt0016786,The Devil's Gulch
tt0016787,Devil's Island
tt0016788,O Diabo em Lisboa
tt0016789,Dinky Doodle's Little Orphan
tt0016790,Dinky Doodle in Egypt
tt0016791,Dinky Doodle in Uncle Tom's Cabin
tt0016792,The Arctic
tt0016793,Dinky Doodle in the Army
tt0016794,Dinky Doodle in Lost and Found
tt0016795,Wild-West
tt0016796,Dinky Doodle's Bed Time Story
tt0016797,Diplomacy
tt0016798,The Divorce Dodger
tt0016799,The Dixie Merchant
tt0016800,Dog Gone
tt0016801,Dog Shy
tt0016802,Dôka-ô
tt0016803,Dollarmillionen
tt0016804,Don Juan
tt0016805,Don Juan's 3 Nights
tt0016806,Don Quixote
tt0016807,Don't Shoot
tt0016808,Double Daring
tt0016809,Adventure Mad
tt0016810,The Three Mannequins
tt0016811,Driftin' Thru
tt0016812,The Duchess of Buffalo
tt0016813,The Dude Cowboy
tt0016814,Dürfen wir schweigen?
tt0016815,The Eagle of the Sea
tt0016816,Early to Wed
tt0016817,The Earth Woman
tt0016818,Easy Going
tt0016819,Ebberöds bank
tt0016820,Egged On
tt0016822,Ella Cinders
tt0016823,The Enchanted Hill
tt0016824,An Enemy of Men
tt0016825,The Escape
tt0016826,Ethel fue una mujer ingenua
tt0016827,Eve's Leaves
tt0016828,Everybody Rides
tt0016829,Everybody's Acting
tt0016830,Everybody's Doing It
tt0016831,Exclusive Rights
tt0016832,Exit Smiling
tt0016833,Exquisite Sinner
tt0016834,Una extraña aventura de Luis Candelas
tt0016835,Fadeaway
tt0016836,Fair Weather
tt0016837,Faithful Wives
tt0016838,The False Alarm
tt0016839,The Family Album
tt0016840,The Family Upstairs
tt0016841,Fangs of Justice
tt0016842,The Far Cry
tt0016843,Farbror Frans
tt0016844,Fascinating Youth
tt0016845,Fatal Footsteps
tt0016846,O Fauno das Montanhas
tt0016847,Faust
tt0016848,Felix the Cat Busts a Bubble
tt0016850,Cab No. 13
tt0016851,Fiddlesticks
tt0016852,Fiesta del árbol en el parque
tt0016853,Fifth Avenue
tt0016854,Fig Leaves
tt0016855,Fight Night
tt0016856,The Fighting Boob
tt0016857,The Fighting Buckaroo
tt0016858,The Fighting Cheat
tt0016859,The Fighting Doctor
tt0016860,The Fighting Edge
tt0016861,The Fighting Failure
tt0016862,Fightin' Jack
tt0016863,Fighting Luck
tt0016864,The Fighting Marine
tt0016865,The Fighting Peacemaker
tt0016866,The Fighting Ranger
tt0016867,The Fighting Stallion
tt0016868,Fighting Thorobreds
tt0016869,Fighting with Buffalo Bill
tt0016871,Fine Manners
tt0016873,The Fire Barrier
tt0016874,The Fire Brigade
tt0016875,The First Year
tt0016876,The Flag Lieutenant
tt0016877,Flame of the Argentine
tt0016878,The Flame of the Yukon
tt0016879,Flames
tt0016880,The Flaming Forest
tt0016881,The Flaming Frontier
tt0016882,Flaming Fury
tt0016883,Die Flammen lügen
tt0016884,Flesh and the Devil
tt0016885,Girl in Tails
tt0016886,A Sister of Six
tt0016887,Flickorna på Solvik
tt0016888,Flirty Four-Flushers
tt0016889,Die Flucht in die Nacht
tt0016890,Flying High
tt0016891,The Flying Horseman
tt0016892,Fools of Fashion
tt0016893,Footloose Widows
tt0016894,For Alimony Only
tt0016895,For Heaven's Sake
tt0016897,For Sadie's Sake
tt0016898,For Wives Only
tt0016899,For the Love o' Pete
tt0016900,Forbidden Waters
tt0016901,Forever After
tt0016902,Forlorn River
tt0016903,45 Minutes from Hollywood
tt0016904,The Fourth Commandment
tt0016905,Frauen der Leidenschaft
tt0016906,Frivolinas
tt0016908,The Frontier Trail
tt0016909,Fräulein Mama
tt0016910,Fänrik Ståls sägner
tt0016911,Die Fürstin der Riviera
tt0016912,The Galloping Cowboy
tt0016913,The Gay Deceiver
tt0016914,Secrets of a Soul
tt0016915,The Violinist of Florence
tt0016916,The Gentle Cyclone
tt0016917,Get 'Em Young
tt0016918,The Ghost of Folly
tt0016919,Giftas
tt0016920,Il gigante delle Dolomiti
tt0016921,Gigolo
tt0016922,The Gilded Butterfly
tt0016923,The Gilded Highway
tt0016924,The Girl from Montmartre
tt0016925,The Globe Trotters
tt0016926,God Gave Me Twenty Cents
tt0016927,Going Crooked
tt0016928,The Gold Push
tt0016929,The Golden Web
tt0016930,The Golden Butterfly
tt0016931,Good and Naughty
tt0016932,Gooseland
tt0016933,Los gorriones del patio
tt0016934,The Gosh-Darn Mortgage
tt0016935,The Grand Duchess and the Waiter
tt0016936,Gratitud
tt0016937,The Great Deception
tt0016938,The Great Gatsby
tt0016939,The Great K & A Train Robbery
tt0016940,The Greater Glory
tt0016941,The Grey Devil
tt0016942,Gräfin Plättmamsell
tt0016943,The Gunless Bad Man
tt0016944,Haha-yo koishi
tt0016946,Hands Across the Border
tt0016947,Hands Up!
tt0016948,Hard Boiled
tt0016949,A Harem Knight
tt0016950,Haunted Range
tt0016951,Hayfoot  Strawfoot?
tt0016952,Hearts and Fists
tt0016953,The Holy Mountain
tt0016954,Hell's Four Hundred
tt0016955,Hell-Bent fer Heaven
tt0016956,Her Big Adventure
tt0016957,Her Big Night
tt0016958,Her Honor  the Governor
tt0016959,Her Man o' War
tt0016960,Her Market Value
tt0016961,Her Sacrifice
tt0016962,Her Second Chance
tt0016963,A Hero of the Big Snows
tt0016964,The Hidden Way
tt0016965,The High Flyer
tt0016966,The High Hand
tt0016967,High Steppers
tt0016968,The Highbinders
tt0016969,La hija del arroyo
tt0016970,La hija del mestre
tt0016971,His First Flame
tt0016972,His Jazz Bride
tt0016973,His New York Wife
tt0016974,Hoboken to Hollywood
tt0016975,Hold That Lion!
tt0016976,The Hollywood Reporter
tt0016978,Hon  den enda
tt0016979,Hon  han och Andersson
tt0016980,Honesty - The Best Policy
tt0016981,The Honeymoon Express
tt0016982,Torrent
tt0016983,Howdy Duke
tt0016984,Hubby's Quiet Little Game
tt0016985,Tragödie einer Ehe
tt0016986,Es blasen die Trompeten
tt0016988,Ice Cold Cocos
tt0016989,The Ice Flood
tt0016990,El idiota
tt0016991,If Youth But Knew
tt0016992,Im weißen Rößl
tt0016993,The Impostor
tt0016994,In Borrowed Plumes
tt0016996,A Indigestão
tt0016997,El indio Yaqui
tt0016998,Into Her Kingdom
tt0016999,Irene
tt0017000,The Iron Rider
tt0017001,The Isle of Retribution
tt0017002,It Must Be Love
tt0017003,It's the Cats
tt0017004,It's the Old Army Game
tt0017005,My Beloved Child
tt0017006,The Jade Cup
tt0017007,Yagodka lyubvi
tt0017008,O Jardim Zoológico de Lisboa
tt0017009,Johnny Get Your Hair Cut
tt0017010,The Johnstown Flood
tt0017011,Josselyn's Wife
tt0017013,Just Another Blonde
tt0017014,Just Suppose
tt0017016,Justicia divina
tt0017017,The Imaginary Baron
tt0017018,Der Jüngling aus der Konfektion
tt0017019,Kaeranu sasabue
tt0017020,Kaikoku danji
tt0017021,Kaitseliidu paraad
tt0017022,Kaminingyô no haru no sasayaki
tt0017023,Kane
tt0017024,Girlfriend
tt0017025,Katka-bumazhnyy ranet
tt0017026,Kentucky Handicap
tt0017027,The Innocent Susanne
tt0017028,Kid Boots
tt0017029,Kiki
tt0017030,King of the Saddle
tt0017031,The King of the Turf
tt0017032,Kirinji
tt0017033,A Kiss for Cinderella
tt0017034,Knight Out
tt0017035,Ko-Ko Baffles the Bulls
tt0017036,Ko-Ko Gets Egg-Cited
tt0017037,Ko-Ko Hot After It
tt0017038,Koko Kidnapped
tt0017039,Koko at the Circus
tt0017040,Koko the Convict
tt0017041,Koko's Paradise
tt0017042,Ko-Ko's Queen
tt0017043,Heads Up  Charley
tt0017044,Kosher Kitty Kelly
tt0017045,The Kreutzer Sonata
tt0017046,Kreuzzug des Weibes
tt0017047,The Wings of a Serf
tt0017048,A Page of Madness
tt0017049,The Passion of a Woman Teacher
tt0017050,Der lachende Ehemann
tt0017051,Laddie
tt0017052,Ladies at Play
tt0017053,Ladies of Leisure
tt0017054,El ladrón de los guantes blancos
tt0017055,The Lady from Hell
tt0017056,The Lady of the Harem
tt0017057,Lash of the Law
tt0017058,The Last Alarm
tt0017059,The Last Card
tt0017060,The Last Frontier
tt0017061,The Law of the Snow Country
tt0017062,Lazy Lightning
tt0017063,Let's Get Married
tt0017064,Lew Tyler's Wives
tt0017065,Liebeshandel
tt0017066,Lightning Bill
tt0017067,Lightning Hutch
tt0017068,Lightning Reporter
tt0017069,The Lily
tt0017070,The Little Giant
tt0017071,The Little Irish Girl
tt0017072,Lo más sublime
tt0017073,La loca de la casa
tt0017074,The Lodge in the Wilderness
tt0017075,The Lodger: A Story of the London Fog
tt0017076,Lone Hand Saunders
tt0017077,The Lone Wolf Returns
tt0017078,Long Fliv the King
tt0017079,Looking for Trouble
tt0017080,The Lost Express
tt0017081,Lost at Sea
tt0017082,Love 'Em and Leave 'Em
tt0017083,A Love Sundae
tt0017084,The Love Thief
tt0017085,The Love Toy
tt0017086,Love's Blindness
tt0017087,The Loves of Ricardo
tt0017088,Lovey Mary
tt0017089,The Lucky Lady
tt0017091,Luis Candelas o El bandido de Madrid
tt0017092,The Lure of Labrador
tt0017093,Lyckobarnen
tt0017094,Lykkehjulet
tt0017095,People in Town
tt0017096,Maciste in Hell
tt0017097,The Hero of the Circus
tt0017098,Madame Mystery
tt0017099,Madame Doesn't Want Children
tt0017100,Made for Love
tt0017101,Mademoiselle Modiste
tt0017102,Mademoiselle from Armentieres
tt0017103,The Magician
tt0017104,La malcasada
tt0017105,Malvaloca
tt0017106,A Man Four-Square
tt0017107,The Man from Oklahoma
tt0017108,The Man from the West
tt0017109,Man Rustlin'
tt0017110,The Man Upstairs
tt0017111,The Man from the Rio Grande
tt0017112,The Man in the Saddle
tt0017113,The Man in the Shadow
tt0017114,A Man of Quality
tt0017115,Man of the Forest
tt0017116,Man spielt nicht mit der Liebe
tt0017117,Mannequin
tt0017118,Manon Lescaut
tt0017119,Mantrap
tt0017120,Mare Nostrum
tt0017121,Margie
tt0017122,The Marriage Clause
tt0017123,Marriage License?
tt0017124,Married?
tt0017125,Martin of the Mounted
tt0017126,Masked Mamas
tt0017127,The Masquerade Bandit
tt0017128,Mother
tt0017130,The Bear's Wedding
tt0017131,Meet the Prince
tt0017132,Memory Lane
tt0017133,Men of Steel
tt0017134,Men of the Night
tt0017136,Metropolis
tt0017137,Michel Strogoff
tt0017139,Midnight Faces
tt0017140,The Midnight Kiss
tt0017141,The Midnight Limited
tt0017142,Midnight Lovers
tt0017143,The Midnight Message
tt0017144,The Midnight Sun
tt0017146,Mientras arden las fallas
tt0017147,Mientras la aldea duerme
tt0017148,Mike
tt0017150,The Mile-a-Minute Man
tt0017151,Miljonär för en dag
tt0017152,The Millionaire Orphan
tt0017153,The Millionaire Policeman
tt0017154,Millionaires
tt0017155,Min fru har en fästman
tt0017156,The Miracle of Life
tt0017157,Mismates
tt0017158,Miss Brewster's Millions
tt0017159,The Adventures of the Three Reporters
tt0017160,Miss Nobody
tt0017161,Mistaken Orders
tt0017162,Moana
tt0017163,Modern Youth
tt0017164,Money Talks
tt0017165,Money to Burn
tt0017166,Monte Carlo
tt0017167,Monte Carlo
tt0017168,Moran of the Mounted
tt0017169,Mordbrännerskan
tt0017170,More Pay - Less Work
tt0017171,Morganson's Finish
tt0017172,Moros y cristianos
tt0017176,Much Mystery
tt0017178,Mulhall's Great Catch
tt0017179,Mummy O'Mine
tt0017180,Murtovarkaus
tt0017181,Muscle-Bound Music
tt0017182,Musume
tt0017183,Muñecas
tt0017184,My Lady of Whims
tt0017185,My Official Wife
tt0017186,My Old Dutch
tt0017187,My Old Kentucky Home
tt0017188,My Own Pal
tt0017190,My Wife's Gone to the Country
tt0017191,The Mystery Club
tt0017192,Mystery Pilot
tt0017193,El médico a palos
tt0017194,El místico
tt0017195,Honor
tt0017196,Nana
tt0017197,Naughty Boy
tt0017198,Nell Gwyn
tt0017199,Nelson
tt0017201,The Nervous Wreck
tt0017202,The New Klondike
tt0017204,The Nickel-Hopper
tt0017205,The Night Cry
tt0017206,The Night Owl
tt0017207,The Night Patrol
tt0017208,The Night Watch
tt0017209,Los niños del hospicio
tt0017210,No Man's Gold
tt0017211,No Return
tt0017212,North Star
tt0017213,Not to Be Trusted
tt0017214,Now You Tell One
tt0017215,The Nutcracker
tt0017216,Den nye lensmanden
tt0017217,Obey the Law
tt0017218,Officer '444'
tt0017219,Officer Jim
tt0017220,Oh How I Hate to Get Up in the Morning
tt0017221,Oh I Wish I Was in Michigan
tt0017222,Oh! What a Nurse!
tt0017223,Oh What a Pal Was Mary
tt0017224,Oh  Baby!
tt0017225,Oh  What a Night!
tt0017226,Old Ironsides
tt0017227,Old Loves and New
tt0017228,Old Pal
tt0017229,The Old Soak
tt0017230,On Thin Ice
tt0017231,On the Front Page
tt0017232,One Man Trail
tt0017233,One Minute to Play
tt0017234,One Punch O'Day
tt0017235,The Only Way
tt0017236,Other Women's Husbands
tt0017237,Out of the Storm
tt0017238,Out of the West
tt0017239,The Outlaw Express
tt0017240,The Outsider
tt0017242,Padlocked
tt0017243,The Palace of Pleasure
tt0017244,The Palm Beach Girl
tt0017245,Pals First
tt0017246,Pals in Paradise
tt0017248,The Armored Vault
tt0017250,Paradise
tt0017251,Paris
tt0017252,Paris at Midnight
tt0017253,Parovoz No. 10006
tt0017254,Partners Again
tt0017255,The Passionate Quest
tt0017256,El patio de los naranjos
tt0017259,Perils of the Coast Guard
tt0017260,Pesn na kamne
tt0017261,Pete's Haunted House
tt0017262,Pete's Party
tt0017263,The Phantom Bullet
tt0017264,Phantom Police
tt0017265,The Phantom of the Forest
tt0017266,Pilar Guerra
tt0017267,The Pinnacle Rider
tt0017269,Playing with Fire
tt0017270,Pleasures of the Rich
tt0017271,By the Law
tt0017272,Poker Faces
tt0017273,El pollo pera
tt0017275,A Poor Girl's Romance
tt0017276,The Popular Sin
tt0017277,Por fin se casa Zamora
tt0017278,The Power of the Weak
tt0017279,Predatel
tt0017281,Primo de Rivera en Caspe y Alcañiz
tt0017282,Le prince Zilah
tt0017283,The Prince of Broadway
tt0017284,The Prince of His Race
tt0017285,The Prince of Pilsen
tt0017286,The Prince of Tempters
tt0017287,Prince of the Saddle
tt0017288,Der Prinz und die Tänzerin
tt0017289,Prisoners of the Storm
tt0017290,Private Izzy Murphy
tt0017291,A Prodigal Bridegroom
tt0017292,The Prey of the Wind
tt0017293,Three Thieves
tt0017294,Prowlers of the Night
tt0017295,Punchinello
tt0017296,A Pup's Tale
tt0017297,Puppets
tt0017298,Puppy Lovetime
tt0017299,Torments of the Night
tt0017300,The Quarterback
tt0017301,Queen o' Diamonds
tt0017302,Race Wild
tt0017303,Racing Blood
tt0017304,Racing Romance
tt0017305,Raggedy Rose
tt0017306,Rainbow Riley
tt0017307,The Rainmaker
tt0017308,The Ramblin' Galoot
tt0017309,Ranson's Folly
tt0017310,Rapid Fire Romance
tt0017311,The Rat
tt0017312,Rawhide
tt0017313,Readin'  'Ritin'  'Rithmetic
tt0017314,The Reckless Lady
tt0017315,Easy Money
tt0017316,Red Blood
tt0017317,Red Dice
tt0017318,Red Hot Hoofs
tt0017319,Red Hot Leather
tt0017320,Redheads Preferred
tt0017321,A Regular Scout
tt0017322,Revolution of the Sexes
tt0017323,The Riding Rascal
tt0017324,Ridin' for Love
tt0017325,Riding Romance
tt0017326,Risky Business
tt0017327,The Road Agent
tt0017328,The Road to Glory
tt0017329,The Road to Mandalay
tt0017330,The Roaring Rider
tt0017331,Rocking Moon
tt0017332,The Rocky Road to Dublin
tt0017334,Rolling Home
tt0017335,A Roman Scandal
tt0017336,Rose of the Tenements
tt0017337,Rosen aus dem Süden
tt0017338,The Knight of the Rose
tt0017339,The Runaway Express
tt0017340,The Runaway
tt0017341,Rustlers' Ranch
tt0017342,Rustling for Cupid
tt0017343,Safety First
tt0017344,Sandy
tt0017345,The Sap
tt0017346,Satan Town
tt0017347,Saturday Afternoon
tt0017348,The Savage
tt0017349,Say It Again
tt0017350,The Scarlet Letter
tt0017351,The Scarlet Streak
tt0017352,Schwester Veronica
tt0017353,Scotty of the Scouts
tt0017354,The Sea Beast
tt0017355,A Sea Dog's Tale
tt0017356,Sea Horses
tt0017357,The Cabaret Kid
tt0017358,The Sea Wolf
tt0017359,The Secluded Roadhouse
tt0017360,Second to None
tt0017361,Secret Orders
tt0017362,El secreto de la Pedriza
tt0017363,Seeschlacht beim Skagerrak
tt0017364,Sein großer Fall
tt0017365,The Self Starter
tt0017366,Senor Daredevil
tt0017367,The Set-Up
tt0017368,Seven Days
tt0017369,The Seventh Bandit
tt0017370,Shadow of the Law
tt0017371,Shadows of Chinatown
tt0017372,Stride  Soviet!
tt0017373,Shameful Behavior?
tt0017374,The Shamrock Handicap
tt0017375,The Sheik of Araby
tt0017376,The Sixth Part of the World
tt0017377,Shinsetsu ono ga tsumi
tt0017378,The Overcoat
tt0017379,Shipwrecked
tt0017380,Shivering Spooks
tt0017382,The Show-Off
tt0017383,Siberia
tt0017384,The Sign of the Claw
tt0017385,Silence
tt0017386,The Silent Flyer
tt0017387,The Silent Guardian
tt0017388,The Silent Lover
tt0017389,The Silent Power
tt0017390,The Silk Bouquet
tt0017391,Silken Shackles
tt0017392,Silver Fingers
tt0017393,The Silver Treasure
tt0017394,Simen Mustrøens besynderlige opplevelser
tt0017395,Sin Cargo
tt0017397,Sir Lumberjack
tt0017398,La sirena del Cantábrico
tt0017399,With Sitting Bull at the Spirit Lake Massacre
tt0017400,A Six Shootin' Romance
tt0017401,Skinner's Dress Suit
tt0017402,Sky High Corral
tt0017403,The Sky Pirate
tt0017404,The Skyrocket
tt0017405,Slipping Wives
tt0017406,Smith's Baby
tt0017407,The Smoke Eaters
tt0017408,Snowed In
tt0017409,So This Is Paris
tt0017410,So's Your Old Man
tt0017411,A Social Celebrity
tt0017412,The Social Highwayman
tt0017413,Marie's Soldier
tt0017414,Soldier Man
tt0017415,Somebody's Mother
tt0017416,The Son of the Sheik
tt0017417,The Song and Dance Man
tt0017418,Sorok pervyy
tt0017419,The Sorrows of Satan
tt0017420,Soul Mates
tt0017421,Spangles
tt0017422,Spanking Breezes
tt0017423,Sparrows
tt0017424,The Speeding Venus
tt0017425,Speedy Spurs
tt0017426,The Sporting Lover
tt0017427,The Squire of Long Hadley
tt0017428,Steel Preferred
tt0017429,Stepping Along
tt0017430,Stick to Your Story
tt0017431,The Still Alarm
tt0017432,The Stolen Ranch
tt0017433,Stop  Look and Listen
tt0017434,Stranded in Paris
tt0017435,Strings of Steel
tt0017436,Striving for Fortune
tt0017437,The Strong Man
tt0017438,The Student of Prague
tt0017439,Subway Sadie
tt0017440,Summer Bachelors
tt0017441,Sunny Side Up
tt0017442,Sunshine of Paradise Alley
tt0017443,Sweet Adeline
tt0017444,Sweet Daddies
tt0017445,Sweet Rosie O'Grady
tt0017446,Syncopating Sue
tt0017447,Take It from Me
tt0017448,Tartuffe
tt0017449,The Temptress
tt0017450,Tenichibo to Iganosuke
tt0017451,Tentacles of the North
tt0017452,The Terror
tt0017453,Teru hi kumoru hi dainihen
tt0017454,The Test of Donald Norton
tt0017455,The Texas Streak
tt0017456,That Girl Oklahoma
tt0017457,That Model from Paris
tt0017458,That's My Baby
tt0017459,Then Came the Woman
tt0017460,There You Are!
tt0017461,They're Coming to Get Me
tt0017462,The Third Degree
tt0017463,3 Bad Men
tt0017464,Three Faces East
tt0017465,Three Pals
tt0017466,Three Weeks in Paris
tt0017467,The Thrill Hunter
tt0017468,Thrilling Youth
tt0017469,Rosa de Levante
tt0017470,Till österland
tt0017471,The Timid Terror
tt0017472,Tin Gods
tt0017473,Tin Hats
tt0017474,Tin Pan Alley
tt0017475,The Coup de Grace
tt0017476,Tom and His Pals
tt0017477,Tony Runs Wild
tt0017478,Too Much Money
tt0017479,Toot Toot
tt0017480,Torrent
tt0017481,The Tough Guy
tt0017482,The Tower of London
tt0017483,Tramp  Tramp  Tramp
tt0017484,A Trip to Chinatown
tt0017485,Tripping the Rhine
tt0017486,Trooper 77
tt0017487,Trude  die Sechzehnjährige
tt0017488,The Truth About Men
tt0017489,The Truthful Sex
tt0017490,Tumbledown Shack in Athlone
tt0017491,The Twin Triggers
tt0017492,Twinkletoes
tt0017493,Twisted Triggers
tt0017494,Two Can Play
tt0017495,The Two-Gun Man
tt0017496,Under Fire
tt0017497,Under Western Skies
tt0017498,Children of No Importance
tt0017499,The Unfair Sex
tt0017500,The Unknown Cavalier
tt0017501,Unknown Dangers
tt0017502,The Unknown Soldier
tt0017503,Unknown Treasures
tt0017504,Unseen Enemies
tt0017505,The Untamed Lady
tt0017506,Up in Mabel's Room
tt0017507,Ups and Downs
tt0017508,Upstage
tt0017509,Valencia
tt0017510,The Valley of Bravery
tt0017511,The Valley of Hell
tt0017512,Vanishing Millions
tt0017513,Vasya reformator
tt0017514,It's Easy to Become a Father
tt0017515,Wrath of the Seas
tt0017516,Violantha
tt0017517,The Virgin Wife
tt0017518,Volcano
tt0017519,The Volga Boatman
tt0017520,The Vulgar Yachtsman
tt0017521,Orphan of Lowood
tt0017522,The Waiter from the Ritz
tt0017523,Walloping Kid
tt0017525,Wandering Willies
tt0017526,The Waning Sex
tt0017527,War Paint
tt0017528,The Warning Signal
tt0017529,Watch Your Step
tt0017530,Watch Your Wife
tt0017531,Wachsexperimente
tt0017532,We're in the Navy Now
tt0017533,Wehe wenn sie losgelassen
tt0017534,West Point
tt0017535,West of the Rainbow's End
tt0017536,Western Pluck
tt0017537,Westward Whoa
tt0017538,Wet Paint
tt0017539,What Happened to Jones?
tt0017540,What Price Glory
tt0017541,When Hell Freezes Over
tt0017542,When I Leave This World Behind
tt0017543,When I Lost You
tt0017544,When the Midnight Choo-Choo Leaves for Alabam'
tt0017545,When a Man's a Prince
tt0017547,When the Wife's Away
tt0017548,While London Sleeps
tt0017549,Whispering Canyon
tt0017550,Whispering Smith
tt0017551,Whispering Wires
tt0017552,The White Black Sheep
tt0017553,White Mice
tt0017554,The Whole Town's Talking
tt0017555,Why Girls Go Back Home
tt0017556,Why Girls Leave Home
tt0017557,Wife Tamers
tt0017558,The Wild Horse Stampede
tt0017559,Wild Oats Lane
tt0017560,A Wild Roomer
tt0017561,Wild to Go
tt0017562,The Wilderness Woman
tt0017563,The Windjammer
tt0017564,Wings of the Storm
tt0017565,The Winking Idol
tt0017566,The Winner
tt0017567,The Winning of Barbara Worth
tt0017568,Winning the Futurity
tt0017569,The Wise Guy
tt0017570,Without Orders
tt0017571,Wives at Auction
tt0017572,The Wives of the Prophet
tt0017573,The Wolf Hunters
tt0017574,The Woman Tempted
tt0017575,A Woman of the Sea
tt0017576,A Woman's Heart
tt0017577,Womanpower
tt0017578,The Wrecker
tt0017579,Yak-A-Hula-Hick-A-Doola
tt0017580,The Yankee Señor
tt0017581,Yasmina
tt0017582,The Yellow Back
tt0017583,Yellow Fingers
tt0017584,You Never Know Women
tt0017585,You'd Be Surprised
tt0017586,Young April
tt0017587,Superfluous People
tt0017588,Adam and Evil
tt0017589,The Adventurous Soul
tt0017590,An Affair of the Follies
tt0017591,Aflame in the Sky
tt0017592,Afraid to Love
tt0017593,After Midnight
tt0017594,L'agonie de Jérusalem
tt0017595,Ain't Love Funny?
tt0017596,Akatsuki no yushi
tt0017597,Al Hollywood madrileño
tt0017599,Alias the Lone Wolf
tt0017600,Alice Foils the Pirates
tt0017601,Alice at the Carnival
tt0017602,Alice at the Rodeo
tt0017603,Alice in the Alps
tt0017604,Alice in the Big League
tt0017605,Alice in the Klondike
tt0017606,Alice the Beach Nut
tt0017607,Alice the Collegiate
tt0017608,Alice the Golf Bug
tt0017609,Alice the Whaler
tt0017610,Alice's Auto Race
tt0017611,Alice's Channel Swim
tt0017612,Alice's Circus Daze
tt0017613,Alice's Knaughty Knight
tt0017614,Alice's Medicine Show
tt0017615,Alice's Picnic
tt0017616,Alice's Three Bad Eggs
tt0017617,All Aboard
tt0017618,All Wet
tt0017619,Almost Human
tt0017620,Along Came Fido
tt0017621,A Daughter of Destiny
tt0017622,Altars of Desire
tt0017623,Am Rande der Welt
tt0017625,Amateur Night
tt0017626,The American Beauty
tt0017627,The American
tt0017628,Los amores de un torero
tt0017629,André Cornélis
tt0017630,The Angel of Broadway
tt0017631,Ankles Preferred
tt0017632,Annie Laurie
tt0017633,Antoinette Sabrier
tt0017634,Anything Once!
tt0017635,Los aparecidos
tt0017636,The Arcadians
tt0017637,Arizona Bound
tt0017638,The Arizona Night
tt0017639,Arizona Nights
tt0017640,The Arizona Whirlwind
tt0017641,The Arizona Wildcat
tt0017642,Arnljot
tt0017643,Ask Dad
tt0017645,At Ease
tt0017646,Atta Baby
tt0017647,The Auctioneer
tt0017648,Caught in Berlin's Underworld
tt0017649,Avenging Fangs
tt0017650,Una aventura de cine
tt0017651,As Aventuras do Tenor Romão
tt0017652,Babe Comes Home
tt0017653,Women of Ryazan
tt0017654,The Bachelor's Baby
tt0017655,Back to God's Country
tt0017656,Back to Liberty
tt0017657,Backstage
tt0017658,Baixant de la Font del Gat
tt0017659,The Bandit's Son
tt0017660,The Banker's Daughter
tt0017661,Bara en danserska
tt0017662,Barbed Wire
tt0017663,Batalla de damas
tt0017664,The Battle of the Century
tt0017665,The Beauty Shoppers
tt0017666,Becky
tt0017667,The Beloved Rogue
tt0017668,Berlin: Symphony of Metropolis
tt0017669,The Beggar Student
tt0017670,Better Days
tt0017671,Between Dangers
tt0017672,Beware of Widows
tt0017673,Bigamie
tt0017675,Birds of Prey
tt0017676,Bitter Apples
tt0017677,The Black Diamond Express
tt0017678,Black Jack
tt0017679,Black Jack
tt0017680,Black Tears
tt0017681,Blake of Scotland Yard
tt0017682,Blazing Days
tt0017683,Blighty
tt0017684,Blind Alleys
tt0017685,Blonde or Brunette
tt0017686,Blondes by Choice
tt0017687,The Blood Ship
tt0017688,Blood Will Tell
tt0017689,Body and Soul
tt0017690,Bone Dry
tt0017691,Border Blackbirds
tt0017692,The Border Cavalier
tt0017693,A Bowery Cinderella
tt0017694,The Boy Rider
tt0017695,A Boy of the Streets
tt0017696,Brass Knuckles
tt0017697,Bratishka
tt0017698,Breakfast at Sunrise
tt0017699,Breed of Courage
tt0017700,Broadway After Midnight
tt0017701,The Broadway Drifter
tt0017702,Broadway Madness
tt0017703,Broadway Nights
tt0017704,Broadway's Favorite Comedian
tt0017706,Broke in China
tt0017707,The Broken Gate
tt0017708,The Broken Violin
tt0017709,The Broncho Twister
tt0017710,The Broncho Buster
tt0017711,The Brute
tt0017712,Bröllopet i Bränna
tt0017714,The Bugle Call
tt0017715,Bulat-Batyr
tt0017716,The Bull Fighter
tt0017717,Bulldog Pluck
tt0017718,Burning Gold
tt0017719,Burnt Fingers
tt0017720,The Bush Leaguer
tt0017721,The Bushman
tt0017722,Buttons
tt0017723,By Whose Hand?
tt0017724,Cabaret
tt0017726,Café Elektric
tt0017727,California
tt0017728,California or Bust
tt0017729,Call of the Cuckoo
tt0017730,The Callahans and the Murphys
tt0017731,Camille
tt0017732,The Cancelled Debt
tt0017734,El Capote de paseo
tt0017735,Captain Salvation
tt0017736,The Loves of Casanova
tt0017737,Casey Jones
tt0017738,Casey at the Bat
tt0017739,The Cat and the Canary
tt0017740,Catch-As-Catch-Can
tt0017741,Celle qui domine
tt0017742,Chain Lightning
tt0017743,Chang: A Drama of the Wilderness
tt0017744,Charleston Parade
tt0017745,Cheaters
tt0017746,Cheating Cheaters
tt0017747,The Cheerful Fraud
tt0017748,Man from the Restaurant
tt0017749,The Cherokee Kid
tt0017750,Chicago
tt0017751,Children of Divorce
tt0017752,The Chinese Parrot
tt0017753,Chorus Girls
tt0017754,The Circus Ace
tt0017755,The City Gone Wild
tt0017756,Clancy's Kosher Wedding
tt0017757,The Claw
tt0017758,The Climbers
tt0017760,Closed Gates
tt0017761,The Clown
tt0017763,Code of the Cow Country
tt0017764,Colleen
tt0017765,College
tt0017766,The College Hero
tt0017767,The College Widow
tt0017768,Combat
tt0017769,Come to My House
tt0017770,Compassion
tt0017771,El conde de Maravillas
tt0017772,La condesa María
tt0017773,Confetti
tt0017774,Convoy
tt0017775,The Seashell and the Clergyman
tt0017776,The Country Doctor
tt0017777,The Coward
tt0017778,The Cradle Snatchers
tt0017779,The Crimson Flash
tt0017780,Black Journey
tt0017781,Croquette
tt0017782,Cross Breed
tt0017783,The Cruel Truth
tt0017784,The Cruise of the Hellion
tt0017785,The Crystal Cup
tt0017786,Cured in the Excitement
tt0017787,The Cyclone Cowboy
tt0017788,Cyclone of the Range
tt0017789,Make Up
tt0017790,Daddy Boy
tt0017791,Die Dame mit dem Tigerfell
tt0017792,Dance Magic
tt0017793,Daring Deeds
tt0017794,Daze of the West
tt0017795,Dearie
tt0017796,Death Valley
tt0017797,Dekabristy
tt0017798,Del schottis al charlestón
tt0017800,The Demi-Bride
tt0017801,The Denver Dude
tt0017802,Desert Dust
tt0017803,The Desert Pirate
tt0017804,The Desert of the Lost
tt0017805,The Desired Woman
tt0017806,The Devil Dancer
tt0017807,The Devil's Saddle
tt0017808,The Devil's Twin
tt0017809,The Girl with the Hat Box
tt0017810,Devushka s dalyokoy reki
tt0017811,The Dice Woman
tt0017812,Dirnentragödie
tt0017813,Do Detectives Think?
tt0017814,Dochu sugoroku bune
tt0017815,Dochu sugoroku kago
tt0017816,Dog Gone It
tt0017817,A Dog of the Regiment
tt0017818,Don Mike
tt0017819,Don't Tell the Wife
tt0017821,El dos de Mayo
tt0017822,The Dove
tt0017823,The Down Grade
tt0017824,Down the Stretch
tt0017825,Downhill
tt0017826,Doña Juana
tt0017827,Dr. Bessels Verwandlung
tt0017828,Drama Deluxe
tt0017829,Dress Parade
tt0017830,Drifting On
tt0017831,Driven from Home
tt0017832,The Drop Kick
tt0017833,Drottningen av Pellagonien
tt0017834,Drums of the Desert
tt0017835,A Modern Du Barry
tt0017836,Duck Soup
tt0017837,Durchlaucht Radieschen
tt0017838,Duty's Reward
tt0017839,Two Days
tt0017840,Eager Lips
tt0017841,East Side  West Side
tt0017842,Easy Pickings
tt0017843,Easy Virtue
tt0017844,Seeds of Freedom
tt0017845,Eins + Eins = Drei
tt0017846,The Elegy
tt0017847,Empty Socks
tt0017848,En la tierra del sol
tt0017849,The Enchanted Island
tt0017850,The Enemy
tt0017851,Es mi hombre
tt0017852,Esperanza o La presa del diablo
tt0017853,Las estrellas
tt0017854,Estudiantes y modistillas
tt0017855,Eve's Love Letters
tt0017856,Evening Clothes
tt0017858,Eyes of the Totem
tt0017859,Face Value
tt0017860,The Fair Co-Ed
tt0017861,The Fake
tt0017862,False Morals
tt0017863,Fangs of Destiny
tt0017864,The Farm Hand
tt0017865,Fashions for Women
tt0017866,Fast and Furious
tt0017867,Fatal dominio
tt0017868,Felix the Cat Dines and Pines
tt0017869,Felix the Cat Switches Witches
tt0017870,Woos Whoopee
tt0017871,Felix in Hollywood
tt0017872,Feme
tt0017874,Festas da Curia
tt0017875,The Jolly Peasant
tt0017876,The Fightin' Comeback
tt0017877,The Fighting Eagle
tt0017878,Fighting Love
tt0017879,The Fighting Three
tt0017880,Fighting for Fame
tt0017881,Figures Don't Lie
tt0017882,The Final Extra
tt0017883,Finger Prints
tt0017884,Finnegan's Ball
tt0017885,Fireman  Save My Child
tt0017886,The First Auto
tt0017887,The First Night
tt0017888,Fjeldeventyret
tt0017889,Flaming Fathers
tt0017891,The Flight Commander
tt0017892,Flores silvestres
tt0017893,Flying Elephants
tt0017894,Flying Luck
tt0017895,The Flying U Ranch
tt0017896,A Ziegfeld Midnight Frolic
tt0017897,For Ladies Only
tt0017898,For the Love of Mike
tt0017899,For the Term of His Natural Life
tt0017900,Forbidden Love
tt0017901,The Forbidden Woman
tt0017902,Foreign Devils
tt0017903,The Fortune Hunter
tt0017904,Framed
tt0017905,Girls for Sale!
tt0017906,French Dressing
tt0017907,Frisco Sally Levy
tt0017908,The Frontiersman
tt0017909,Funkzauber
tt0017910,Further Adventures of a Flag Officer
tt0017911,Sealed Lips
tt0017912,The Masked Mannequin
tt0017913,Galloping Fury
tt0017914,Galloping Glory
tt0017915,The Galloping Gobs
tt0017916,Galloping Justice
tt0017917,The Garden of Allah
tt0017918,The Gaucho
tt0017919,The Gay Defender
tt0017920,The Gay Old Bird
tt0017921,The Gay Retreat
tt0017922,Die Gefangene von Shanghai
tt0017923,Das Geheimnis des Abbe X
tt0017924,Gekka no kyojin
tt0017925,The General
tt0017926,A Gentleman of Paris
tt0017927,Georginia
tt0017928,Get Your Man
tt0017929,Getting Gertie's Garter
tt0017930,Der Geisterzug
tt0017931,The Gingham Girl
tt0017932,Ginsberg the Great
tt0017933,The Girl from Gay Paree
tt0017934,The Girl from Chicago
tt0017935,The Girl from Everywhere
tt0017936,The Girl in the Pullman
tt0017937,Giuli
tt0017938,The Three-Sided Mirror
tt0017939,Den glade enke i Trangvik
tt0017940,God's Great Wilderness
tt0017941,Gold Digger of Weepah
tt0017942,Gold from Weepah
tt0017943,The Golden Stallion
tt0017944,The Golf Nut
tt0017945,Good as Gold
tt0017946,Good Time Charley
tt0017947,The Gorilla
tt0017948,Goyôsen
tt0017949,Great Guns
tt0017950,The Great Mail Robbery
tt0017951,Grinning Guns
tt0017952,Das Mädchen mit den fünf Nullen
tt0017953,Die große Pause
tt0017954,The Great Leap
tt0017955,Grænsefolket
tt0017956,Gun Gospel
tt0017957,Gun Justice
tt0017958,Ham and Eggs at the Front
tt0017959,Hands Off
tt0017960,Hans engelska fru
tt0017961,Happiness
tt0017962,Hard Fists
tt0017963,Hard-Boiled Haggerty
tt0017964,Harem Scarem
tt0017965,A Harp in Hock
tt0017966,The Harvester
tt0017967,Hats Off
tt0017968,The Haunted Homestead
tt0017969,The Haunted Ship
tt0017970,Hawk of the Hills
tt0017971,Intimate Dream
tt0017972,The Heart Thief
tt0017973,The Heart of Maryland
tt0017974,The Heart of Salome
tt0017976,The Heart of the Yukon
tt0017977,Heaven on Earth
tt0017978,Held by the Law
tt0017979,The Private Life of Helen of Troy
tt0017980,Her Father Said No
tt0017981,Her Indiscretion
tt0017983,Sister San Sulpicio
tt0017985,A Hero on Horseback
tt0017986,Heroes in Blue
tt0017987,Heroes of the Night
tt0017988,Heroes of the Wild
tt0017989,Hey! Hey! Cowboy
tt0017990,Hidden Aces
tt0017991,High Hat
tt0017992,High School Hero
tt0017993,Los hijos del trabajo
tt0017994,Hikuidori
tt0017995,Hills of Kentucky
tt0017996,Hills of Peril
tt0017997,Hin och smålänningen
tt0017998,Fanny Hawthorne
tt0017999,Hipnotismo ao Domicílio
tt0018000,His Dog
tt0018001,His Rise to Fame
tt0018002,La historia de un duro
tt0018003,Historia de un taxi
tt0018005,A Hollywood Hero
tt0018006,Home Made
tt0018007,The Home Trail
tt0018008,The Honorable Mr. Buggs
tt0018009,Hoof Marks
tt0018010,Hook and Ladder No. 9
tt0018011,Horse Shoes
tt0018012,The Horse Trader
tt0018013,Die Hose
tt0018014,Hotel Imperial
tt0018015,Hour of Reckoning
tt0018016,Hula
tt0018017,Huntingtower
tt0018018,Husband Hunters
tt0018019,Husbands for Rent
tt0018020,Los héroes de la legión
tt0018021,Die Hölle der Jungfrauen
tt0018022,If I Were Single
tt0018023,La ilustre fregona
tt0018024,In Old Kentucky
tt0018025,In Search of a Thrill
tt0018026,In a Moment of Temptation
tt0018027,In the First Degree
tt0018028,Irish Hearts
tt0018029,The Irresistible Lover
tt0018030,Is Zat So?
tt0018031,Isle of Forgotten Women
tt0018032,The Isle of Sunken Gold
tt0018033,It
tt0018034,Jacobito Castigador
tt0018035,Jake the Plumber
tt0018036,Jaws of Steel
tt0018037,The Jazz Singer
tt0018038,Jesse James
tt0018039,Jewels of Desire
tt0018040,Jihi shinchô
tt0018041,Jim the Conqueror
tt0018042,Jungle Belles
tt0018043,Johann the Coffinmaker
tt0018044,The Jolly Jilter
tt0018045,The Chess Player
tt0018046,The Joy Girl
tt0018047,Judgment of the Hills
tt0018048,Tricky Girl
tt0018049,Betrayal
tt0018050,Kelcy Gets His Man
tt0018051,The Kid Brother
tt0018052,The Kid Sister
tt0018053,Kinderseelen klagen euch an
tt0018054,The King of Kings
tt0018055,The King of the Jungle
tt0018056,The King's Highway
tt0018057,Kinnô jidai
tt0018058,A Kiss in a Taxi
tt0018059,Knockout Reilly
tt0018060,Kôon
tt0018061,Ko-Ko Back Tracks
tt0018062,Ko-Ko in 1999
tt0018063,Ko-Ko Makes 'Em Laugh
tt0018064,Koko Needles the Boss
tt0018065,Ko-Ko the Kavalier
tt0018066,The End of St. Petersburg
tt0018067,Kvick som Blixten
tt0018068,Königin Luise  1. Teil - Die Jugend der Königin Luise
tt0018069,La del Soto del Parral
tt0018070,Laddie Be Good
tt0018071,Ladies Beware
tt0018072,Ladies Must Dress
tt0018073,Ladies at Ease
tt0018074,The Lady in Ermine
tt0018075,The Ladybird
tt0018076,The Land Beyond the Law
tt0018077,Land of Hope and Glory
tt0018078,Las de Méndez
tt0018079,The Lash
tt0018080,The Last Outlaw
tt0018081,The Last Trail
tt0018082,Laster der Menschheit
tt0018083,From Soup to Nuts
tt0018084,Let It Rain
tt0018085,El león de Sierra Morena
tt0018086,Lia
tt0018087,The Love of Jeanne Ney
tt0018088,Pawns of Passion
tt0018090,The Life of Riley
tt0018091,A Light in the Window
tt0018092,Lightning
tt0018093,Lightning Lariats
tt0018094,Deprived of the Day
tt0018095,A Little Journey
tt0018096,Loco Luck
tt0018097,London After Midnight
tt0018098,The Lone Eagle
tt0018099,The Lone Star
tt0018100,Lonesome Ladies
tt0018101,The Long Loop on the Pecos
tt0018102,Long Pants
tt0018103,The Lost Limited
tt0018104,Lost at the Front
tt0018105,Love 'em and Feed 'em
tt0018106,Love 'Em and Weep
tt0018107,Love
tt0018108,Love Makes 'Em Wild
tt0018109,The Love Mart
tt0018110,The Love Thrill
tt0018111,The Love Wager
tt0018112,The Love of Paquita
tt0018113,The Love of Sunya
tt0018114,Love's Greatest Mistake
tt0018115,Love's Languid Lure
tt0018116,The Lovelorn
tt0018117,Lovers?
tt0018118,The Loves of Carmen
tt0018119,The Love of Zero
tt0018120,The Lucky Fool
tt0018121,Luis Pardo
tt0018122,The Lunatic at Large
tt0018123,The Lunatic
tt0018124,Lunch Hound
tt0018125,Lure of the Night Club
tt0018127,Madame Pompadour
tt0018128,Madame Visits Oslo
tt0018129,The Magic Flame
tt0018130,The Main Event
tt0018131,Man Bait
tt0018132,Man Crazy
tt0018133,The Man from Hard Pan
tt0018134,Man Power
tt0018135,The Man in Hobbles
tt0018137,A Man's Past
tt0018138,Man  Woman and Sin
tt0018139,Manege
tt0018140,The Mansion of Mystery
tt0018141,Maria Stuart  Teil 1 und 2
tt0018142,The Marriage of Mademoiselle Beulemans
tt0018143,Marquitta
tt0018144,Marriage
tt0018145,Married Alive
tt0018146,The Masked Menace
tt0018147,The Masked Woman
tt0018148,Matinee Ladies
tt0018149,McFadden's Flats
tt0018150,The Mechanical Cow
tt0018151,The Meddlin' Stranger
tt0018152,Das Meer
tt0018153,Meet the Folks
tt0018154,My Aunt  Your Aunt
tt0018155,The Master of Nuremberg
tt0018156,Melting Millions
tt0018157,Men of Daring
tt0018158,Meoto boshi
tt0018159,A Million Bid
tt0018160,Million Dollar Mystery
tt0018161,The Millionaire
tt0018162,Miss Helyett
tt0018163,Miss Portugal
tt0018164,The Missing Link
tt0018165,Mitya
tt0018166,Mockery
tt0018168,Modern Daughters
tt0018169,The Mojave Kid
tt0018170,The Monkey Talks
tt0018171,Morgane  the Enchantress
tt0018172,Moscow
tt0018173,Moskva v oktyabre
tt0018174,Mother
tt0018175,Moulders of Men
tt0018176,Mountains of Manhattan
tt0018177,Moving Guests
tt0018178,La moza del cántaro
tt0018179,Mr. Wu
tt0018180,Mumsie
tt0018181,The Music Master
tt0018182,La muñeca rota
tt0018183,My Best Girl
tt0018184,My Friend from India
tt0018185,The Mysterious Rider
tt0018186,The Mystery Brand
tt0018187,The Mystery of the Eiffel Tower
tt0018190,Walking from Munich to Berlin
tt0018191,Naftalin
tt0018192,Napoleon
tt0018193,Naughty
tt0018194,Naughty But Nice
tt0018195,Naughty Nanette
tt0018196,Neck 'n' Neck
tt0018197,El negro que tenía el alma blanca
tt0018198,The Nest
tt0018199,Nevada
tt0018200,New York
tt0018201,The Night Bride
tt0018202,Night Life
tt0018203,The Night of Love
tt0018204,No Man's Law
tt0018205,No Place to Go
tt0018206,Nobody's Widow
tt0018207,The Non-Stop Fright
tt0018208,The Young Eagles
tt0018209,Norges-filmen
tt0018210,The Notorious Lady
tt0018211,Now We're in the Air
tt0018212,The Ocean Hop
tt0018213,Oh Teacher
tt0018214,Oh  What a Man!
tt0018215,Ojô Kichiza
tt0018216,Okame
tt0018217,October (Ten Days that Shook the World)
tt0018218,Old San Francisco
tt0018219,On Guard
tt0018220,On Your Toes
tt0018221,On Ze Boulevard
tt0018222,On the Stroke of Twelve
tt0018223,Once and Forever
tt0018224,One Chance in a Million
tt0018225,One Glorious Scrap
tt0018226,One Hour Married
tt0018227,One Hour of Love
tt0018228,One Increasing Purpose
tt0018229,A One Man Game
tt0018230,One Woman to Another
tt0018231,One-Round Hogan
tt0018232,Oni azami
tt0018233,Open Range
tt0018234,The Opening Night
tt0018235,Orchids and Ermine
tt0018236,The Ore Raiders
tt0018237,Orgelstäbe
tt0018238,El orgullo de Albacete
tt0018239,Orient Express
tt0018240,Out All Night
tt0018241,Out of the Past
tt0018242,The Outlaw Dog
tt0018243,Outlaws of Red River
tt0018244,The Overland Stage
tt0018245,La p'tite Lili
tt0018246,The Fall of the Romanov Dynasty
tt0018247,Paid to Love
tt0018248,Painted Ponies
tt0018249,Painting the Town
tt0018250,Pajamas
tt0018251,Pals in Peril
tt0018252,Paradise for Two
tt0018253,The Patent Leather Kid
tt0018254,Paying the Price
tt0018255,Peaches and Plumbers
tt0018256,Perch of the Devil
tt0018257,The Perfect Sap
tt0018258,Husband by Proxy
tt0018259,Perils of the Jungle
tt0018260,Petering-Out
tt0018261,The Phantom Buster
tt0018262,The Phantom Outlaw
tt0018263,El pilluelo de Madrid
tt0018264,Pioneers of the West
tt0018265,Pitfalls of Passion
tt0018266,Play Safe
tt0018267,Pleasure Before Business
tt0018268,Potseluy Meri Pikford
tt0018269,Poet i tsar
tt0018270,Polly of the Movies
tt0018271,Poor Girls
tt0018272,The Poor Nut
tt0018273,Portugal na Califórnia
tt0018274,The Potters
tt0018275,The Prairie King
tt0018276,Pretty Clothes
tt0018277,The Price of Honor
tt0018278,The Pride of Pikeville
tt0018279,Students' Love
tt0018280,Primitive Love
tt0018281,Primo de Rivera en Zaragoza
tt0018282,The Prince of Headwaiters
tt0018284,Prince of the Plains
tt0018285,The Princess from Hoboken
tt0018286,The Princess on Broadway
tt0018287,Princesse Masha
tt0018288,Springtime of Love
tt0018290,Prostitutka
tt0018291,Publicity Madness
tt0018292,The Puppy Express
tt0018293,Putting It On
tt0018294,Putting Pants on Philip
tt0018295,El puño de hierro
tt0018296,På kryss med Blixten
tt0018297,Quality Street
tt0018298,Quarantined Rivals
tt0018299,R-1
tt0018300,The Racing Fool
tt0018301,A Racing Romeo
tt0018302,Ragtime
tt0018303,The Rambling Ranger
tt0018304,Range Courage
tt0018305,The Range Riders
tt0018306,Ranger of the North
tt0018308,Raza de hidalgos
tt0018309,The Reckless Mollycoddle
tt0018310,Red Clay
tt0018311,The Red Mill
tt0018312,The Red Raiders
tt0018313,Red Signals
tt0018314,The Rejuvenation of Aunt Mary
tt0018315,The Reliquary
tt0018316,Remember
tt0018317,A Reno Divorce
tt0018318,Resurrection
tt0018319,The Return of Boston Blackie
tt0018320,The Return of the Riddle Rider
tt0018321,El rey de copas
tt0018322,Rich But Honest
tt0018323,Rich Men's Sons
tt0018324,Rickety Gin
tt0018325,Ride 'em High
tt0018326,Riders of the West
tt0018327,The Ridin' Rowdy
tt0018328,The Ring
tt0018329,Rita ou Rito?...
tt0018330,Ritzy
tt0018332,The Road to Romance
tt0018333,Roaring Fires
tt0018334,Rocío Dalbaicín
tt0018335,Rolled Stockings
tt0018336,The Romantic Age
tt0018337,Romantic Rogue
tt0018338,Rookies
tt0018339,Rosa de Madrid
tt0018341,Rosas y espinas
tt0018342,The Rose of Kildare
tt0018343,Rose of the Golden West
tt0018344,Roses of Picardy
tt0018345,Rough House Rosie
tt0018346,The Rough Riders
tt0018347,Rough and Ready
tt0018348,The Royal American
tt0018349,Rubber Heels
tt0018350,Rubber Tires
tt0018351,Running Wild
tt0018352,S'matter Pete?
tt0018353,Sabishiki ranbomono
tt0018354,Sailor Izzy Murphy
tt0018355,A Sailor's Sweetheart
tt0018356,Sailors  Beware!
tt0018357,Sally in Our Alley
tt0018358,Salvation Jane
tt0018359,The Satin Woman
tt0018360,Savage Passions
tt0018361,Say It with Diamonds
tt0018362,The Scar of Shame
tt0018363,The Scarlet Brand
tt0018365,Die schönsten Beine von Berlin
tt0018366,The Scorcher
tt0018367,The Sea Tiger
tt0018368,The Second 100 Years
tt0018369,The Secret Studio
tt0018370,See You in Jail
tt0018371,Seelische Konstruktionen
tt0018372,His Greatest Bluff
tt0018373,Die selige Exzellenz
tt0018375,Sensation Seekers
tt0018376,Serenade
tt0018377,Service for Ladies
tt0018378,Set Free
tt0018379,7th Heaven
tt0018380,El señor Don Juan Tenorio
tt0018381,Señorita
tt0018382,The Shamrock and the Rose
tt0018383,Shanghai Bound
tt0018384,Shanghaied
tt0018385,She's My Baby
tt0018386,She's a Sheik
tt0018387,The Shepherd of the Hills
tt0018388,The Shield of Honor
tt0018389,A Ship Comes In
tt0018390,Shojo no shi
tt0018391,Shootin' Irons
tt0018392,Shooting Stars
tt0018393,Straight Shootin'
tt0018394,Should Men Walk Home?
tt0018395,Should Sleepwalkers Marry?
tt0018396,Should Tall Men Marry?
tt0018397,The Show
tt0018398,The Silent Avenger
tt0018399,The Silent Hero
tt0018400,The Silent Partner
tt0018401,The Silent Rider
tt0018402,Silk Legs
tt0018403,Silk Stockings
tt0018404,Silver Comes Through
tt0018405,The Silver Slave
tt0018406,Silver Valley
tt0018407,Simple Sis
tt0018408,Sindflut
tt0018409,Singed
tt0018410,Six et demi onze
tt0018411,Sky-High Saunders
tt0018412,Slaves of Beauty
tt0018413,Slide  Kelly  Slide
tt0018414,Slightly Used
tt0018416,The Small Bachelor
tt0018417,A Small Town Princess
tt0018418,Smile  Brother  Smile
tt0018419,Smith's Pony
tt0018420,The Snarl of Hate
tt0018421,Snowbound
tt0018422,The Soda Water Cowboy
tt0018423,Soft Cushions
tt0018424,Der Sohn der Hagar
tt0018425,Somewhere in Sonora
tt0018426,The Somme
tt0018427,The Sonora Kid
tt0018428,Den sørgmuntre barber
tt0018429,Sorrell and Son
tt0018430,Sortilegio
tt0018431,A South Sea Bubble
tt0018432,South Sea Love
tt0018433,Special Delivery
tt0018434,Speeding Hoofs
tt0018435,Speedy Smith
tt0018436,Spider Webs
tt0018437,Splitting the Breeze
tt0018438,Spoilers of the West
tt0018439,The Spotlight
tt0018440,Spring Fever
tt0018441,Spurs and Saddles
tt0018442,Spökbaronen
tt0018443,The Square Shooter
tt0018444,Stage Kisses
tt0018445,Stage Madness
tt0018446,Stark Love
tt0018447,The Stolen Bride
tt0018448,Stolen Pleasures
tt0018449,Storgårds-Annas friare
tt0018450,Stranded
tt0018451,The Student Prince in Old Heidelberg
tt0018452,Sugar Daddies
tt0018453,The Diplomatic Pouch
tt0018454,The Girl from Rio
tt0018455,Sunrise
tt0018456,The Sunset Derby
tt0018457,Surrender
tt0018458,The Swell-Head
tt0018459,Swim Girl  Swim
tt0018460,Syv dager for Elisabeth
tt0018461,Take in the Sun
tt0018463,Dancing Vienna
tt0018464,Tarzan and the Golden Lion
tt0018465,The Taxi Dancer
tt0018466,Taxi! Taxi!
tt0018467,Tea for Three
tt0018469,The Telephone Girl
tt0018470,Tell It to Sweeney
tt0018471,Tell It to the Marines
tt0018472,Temptations of a Shop Girl
tt0018473,Ten Modern Commandments
tt0018474,The Tender Hour
tt0018475,Tenderfoot Courage
tt0018476,Teresa de Jesús
tt0018477,La terrible lección
tt0018478,Lost Treasure
tt0018479,A Texas Steer
tt0018480,The Thirteenth Hour
tt0018481,The 13th Juror
tt0018482,Three Hours
tt0018483,Three Miles Up
tt0018484,Three's a Crowd
tt0018485,Through Thick and Thin
tt0018486,The Tigress
tt0018487,Tillie the Toiler
tt0018488,Time to Love
tt0018489,Tiptoes
tt0018490,The Tired Business Man
tt0018491,Fabulous Lola
tt0018492,Tom's Gang
tt0018493,Tongues of Scandal
tt0018494,Toni
tt0018495,El tonto de Lagartera
tt0018496,Too Many Crooks
tt0018498,Topsy and Eva
tt0018499,The Tout
tt0018500,The Town Rat and the Country Rat
tt0018501,Tracked by the Police
tt0018502,El tren - La pastora que supo amar
tt0018503,The Ghost Train
tt0018504,El tren
tt0018505,Bed and Sofa
tt0018506,Trevoga
tt0018507,The Triumph of the Rat
tt0018508,Troll-Elgen
tt0018509,Trolley Troubles
tt0018510,The Trunk Mystery
tt0018511,Tumbling River
tt0018512,Turkish Delight
tt0018513,Twelve Miles Out
tt0018514,Twin Flappers
tt0018515,Two Arabian Knights
tt0018516,The Two Fister
tt0018517,Two Flaming Youths
tt0018518,Two Girls Wanted
tt0018519,O Táxi 9297
tt0018520,La tía Ramona
tt0018521,U 9 Weddigen
tt0018522,Ukhaby
tt0018523,The Italian Straw Hat
tt0018524,Uncle Tom's Cabin
tt0018525,The Understanding Heart
tt0018526,Underworld
tt0018527,Youth
tt0018528,The Unknown
tt0018529,Unter Ausschluß der Öffentlichkeit
tt0018530,Upstream
tt0018531,The Valley of the Giants
tt0018532,Vanity
tt0018533,Vasha znakomaya
tt0018534,Los vencedores de la muerte
tt0018535,Venus of Venice
tt0018536,Very Confidential
tt0018537,At the North Sea
tt0018538,Il vetturale del Moncenisio
tt0018540,Vigário Sport Club
tt0018541,La virgen del mar
tt0018542,Vodovorot
tt0018543,Voyage au Congo
tt0018544,Wages of Conscience
tt0018545,A Wanderer of the West
tt0018546,Wandering Girls
tt0018547,Wanted: A Coward
tt0018548,The War Horse
tt0018549,The Warning
tt0018550,We're All Gamblers
tt0018551,Web of Fate
tt0018552,Die Weber
tt0018553,The White Spider
tt0018554,West Point
tt0018555,Western Courage
tt0018556,The Western Rover
tt0018557,The Western Whirlwind
tt0018558,What Every Girl Should Know
tt0018559,What Happened to Father
tt0018560,What Price Love?
tt0018561,What Women Did for Me
tt0018562,The Wheel of Destiny
tt0018563,When Danger Calls
tt0018564,When Seconds Count
tt0018565,When a Dog Loves
tt0018566,When a Man Loves
tt0018568,The Whirlwind of Youth
tt0018569,Whispering Sage
tt0018570,White Flannels
tt0018571,White Gold
tt0018572,White Pebbles
tt0018573,Why Girls Love Sailors
tt0018574,Wide Open
tt0018575,Wild Beauty
tt0018576,Wild Geese
tt0018577,Winds of the Pampas
tt0018578,Wings
tt0018579,Winners of the Wilderness
tt0018580,The Winning Oar
tt0018582,The Wise Wife
tt0018583,With Love and Hisses
tt0018584,The Wizard
tt0018585,Wolf's Clothing
tt0018586,Wolf's Trail
tt0018587,Wolves of the Air
tt0018588,Three Loves
tt0018589,The Woman on Trial
tt0018590,A Woman Redeemed
tt0018591,The Woman Who Did Not Care
tt0018592,The Woman from Moscow
tt0018593,Woman's Law
tt0018594,Women's Wares
tt0018595,Women Love Diamonds
tt0018596,The World at Her Feet
tt0018597,The Wreck of the Hesperus
tt0018598,The Wreck
tt0018599,The Wrong Mr. Wright
tt0018600,Xi xiang ji
tt0018601,The Yankee Clipper
tt0018602,A Yellow Streak
tt0018604,Yo soy tu padre
tt0018605,Yours to Command
tt0018606,Sword of Penitence
tt0018607,Yellow Pass
tt0018608,Águilas de acero o los misterios de Tánger
tt0018609,The Last Date
tt0018610,El único testigo
tt0018611,13 Washington Square
tt0018612,A.-B. gifta bort baron Olson
tt0018613,Abie's Irish Rose
tt0018614,Absent
tt0018615,The Devious Path
tt0018616,Across the Atlantic
tt0018617,Across the Plains
tt0018618,Across to Singapore
tt0018619,The Actress
tt0018620,Honeymoon Abroad
tt0018621,The Adorable Cheat
tt0018622,Adoration
tt0018624,The Adventurer
tt0018625,Adventurous Youth
tt0018627,O Afilhado de Sto. António
tt0018628,Africa Before Dark
tt0018629,After the Storm
tt0018630,After the Verdict
tt0018631,Afterwards
tt0018632,Agustina of Aragon
tt0018633,The Air Circus
tt0018634,The Air Mail Pilot
tt0018635,The Air Patrol
tt0018636,The Albany Night Boat
tt0018637,Alex the Great
tt0018638,Alias Jimmy Valentine
tt0018639,Alias the Deacon
tt0018640,Alice Through a Looking Glass
tt0018641,Almas errantes
tt0018642,The Old Fritz
tt0018643,Always a Gentleman
tt0018644,Anarkali
tt0018645,Angel Eyes
tt0018646,Annapolis
tt0018647,Anybody Here Seen Kelly?
tt0018648,The Apache Raider
tt0018649,The Apache
tt0018650,Apaches of Paris
tt0018651,The Ape
tt0018652,Arabiantics
tt0018653,The Arizona Cyclone
tt0018654,Arizona Days
tt0018655,Arizona Speed
tt0018656,The Art of Love
tt0018657,Artisten
tt0018660,Astronomeous
tt0018661,At It Again
tt0018662,Avalanche
tt0018663,The Avenging Rider
tt0018664,The Avenging Shadow
tt0018665,Una aventura de Hilario Martínez
tt0018666,The Awakening
tt0018667,The Baby Cyclone
tt0018668,Baby Mine
tt0018669,Bachelor's Paradise
tt0018670,Bailando ao Sol
tt0018671,Balaclava
tt0018672,The Ballyhoo Buster
tt0018673,Bare Knees
tt0018674,The Barker
tt0018675,The Barn Dance
tt0018677,Le bateau de verre
tt0018678,The Battle of the Sexes
tt0018679,The Beach Club
tt0018680,Beau Broadway
tt0018681,Beau Sabreur
tt0018682,Beautiful But Dumb
tt0018683,Beauty and Bullets
tt0018684,Beggars of Life
tt0018685,The Bellamy Trial
tt0018686,The White Eagle
tt0018687,Benten kozo
tt0018688,Schneeschuhbanditen
tt0018689,The Best Man
tt0018690,Bet naar de Olympiade
tt0018691,Beware of Bachelors
tt0018692,Beware of Blondes
tt0018693,Beware of Married Men
tt0018694,Beyond London Lights
tt0018695,Beyond the Sierras
tt0018696,The Bicycle Flirt
tt0018697,The Big City
tt0018698,The Big Hop
tt0018699,The Big Killing
tt0018700,The Big Noise
tt0018701,A Bit of Heaven
tt0018702,Bitter Sweets
tt0018703,The Black Ace
tt0018704,Black Butterflies
tt0018705,Black Feather
tt0018706,The Black Pearl
tt0018707,Die blaue Maus
tt0018708,Blindfold
tt0018709,Blockade
tt0018710,A Blonde for a Night
tt0018711,The Blue Danube
tt0018712,Blue Bottles
tt0018713,Boadicea
tt0018714,Physical Beauty
tt0018715,The Border Patrol
tt0018716,The Boss of Rustler's Roost
tt0018717,The Branded Man
tt0018718,The Branded Sombrero
tt0018719,Breed of the Sunsets
tt0018720,The Bride of the Colorado
tt0018721,Bright Lights
tt0018722,Bringing Up Father
tt0018723,Broadway Daddies
tt0018724,Broken Barriers
tt0018725,The Broken Mask
tt0018726,The Bronc Stomper
tt0018727,Brotherly Love
tt0018728,The Bridge
tt0018729,Buck Privates
tt0018730,Bull-Oney
tt0018731,The Bullet Mark
tt0018732,Burning Bridges
tt0018733,Burning Daylight
tt0018734,Burning Up Broadway
tt0018735,The Bushranger
tt0018736,The Butter and Egg Man
tt0018737,Pandora's Box
tt0018738,Cafe X
tt0018739,Cagliostro - Liebe und Leben eines großen Abenteurers
tt0018740,The Call of the Heart
tt0018741,La calumnia
tt0018742,The Cameraman
tt0018743,The Campus Carmen
tt0018744,The Campus Vamp
tt0018745,The Candy Kid
tt0018746,The Canyon of Adventure
tt0018747,Captain Careless
tt0018748,Captain Swagger
tt0018749,The Cardboard Lover
tt0018750,Carry on  Sergeant!
tt0018751,Caught in the Fog
tt0018752,The Cavalier
tt0018753,Celebrity
tt0018754,A Certain Young Man
tt0018756,Champagne
tt0018758,Una nueva y gloriosa nación
tt0018759,El Charlot español torero
tt0018760,Charlott etwas verrückt
tt0018761,The Chaser
tt0018762,The Cheer Leader
tt0018763,Chicago After Midnight
tt0018764,Chicken a La King
tt0018765,Children of Fate
tt0018766,Chinatown Charlie
tt0018767,The Chinatown Mystery
tt0018768,Chokun yasha
tt0018769,The Chorus Kid
tt0018770,The Fall of the House of Usher
tt0018771,The Circus Kid
tt0018772,Circus Rookies
tt0018773,The Circus
tt0018774,The City of Purple Dreams
tt0018775,Los claveles de la virgen
tt0018776,The Clean-Up Man
tt0018777,Clearing the Trail
tt0018778,Clothes Make the Woman
tt0018779,The Cloud Dodger
tt0018780,Code of the Air
tt0018781,The Code of the Scarlet
tt0018782,The Cohens and the Kellys in Paris
tt0018783,Colorín
tt0018784,Comemoração da Tomada de Lisboa
tt0018785,Companionate Marriage
tt0018786,Comrades
tt0018787,Coney Island
tt0018788,Confessions of a Wife
tt0018790,Conquest
tt0018791,The Constant Nymph
tt0018792,The Cop
tt0018793,La copla andaluza
tt0018794,Corazones sin rumbo
tt0018795,The Cossacks
tt0018796,The Count of Ten
tt0018797,Court-Martial
tt0018798,The Cowboy Cavalier
tt0018799,The Cowboy Kid
tt0018800,Craig's Wife
tt0018801,The Crash
tt0018802,Crashing Through
tt0018803,The Crimson Canyon
tt0018804,The Crimson City
tt0018805,Crooks Can't Win
tt0018806,The Crowd
tt0018807,Cuando fui león
tt0018809,Dame Care
tt0018810,The Lady with the Mask
tt0018811,The Dancing Town
tt0018812,Danger Patrol
tt0018813,The Danger Rider
tt0018814,Danger Street
tt0018815,Daredevil's Reward
tt0018816,Dawn
tt0018817,Day-Dreams
tt0018818,Dead Man's Curve
tt0018820,Dein Schicksal
tt0018821,Deliverance
tt0018822,The Desert Bride
tt0018823,Desperate Courage
tt0018824,El destino
tt0018825,Detectives
tt0018826,Two Timid Souls
tt0018827,Devil Dogs
tt0018828,The Devil's Cage
tt0018829,The Devil's Playground
tt0018830,The Devil's Skipper
tt0018831,The Devil's Tower
tt0018832,The Devil's Trademark
tt0018833,Diamond Handcuffs
tt0018834,Thieves
tt0018835,The Divine Sinner
tt0018836,The Divine Woman
tt0018838,Do Your Duty
tt0018839,The Docks of New York
tt0018840,Dog Law
tt0018841,Dom na Trubnoy
tt0018842,Domestic Meddlers
tt0018843,Domestic Troubles
tt0018844,Don Diego i Pelageya
tt0018845,Don't Marry
tt0018846,Doomsday
tt0018847,Doraku goshinan
tt0018848,Dornenweg einer Fürstin
tt0018849,The Dragnet
tt0018850,Dream of Love
tt0018851,Dressed to Kill
tt0018852,Driftin' Sands
tt0018853,Driftwood
tt0018854,Drums of Love
tt0018855,Dry Martini
tt0018856,Three Friends and an Invention
tt0018857,Dyckerpotts Erben
tt0018858,Dzikuska
tt0018859,Eagle of the Night
tt0018860,Early to Bed
tt0018861,Easy Come  Easy Go
tt0018862,Eliso
tt0018863,L'emprise
tt0018864,En confesionario
tt0018865,En la sierra bravía
tt0018866,La puntaire
tt0018867,Escape from Hong Kong
tt0018868,The Escape
tt0018869,Daughters of Eve
tt0018870,Excess Baggage
tt0018871,Fabricante de suicidios
tt0018872,Faithless Lover
tt0018873,The Fall of the House of Usher
tt0018874,Fangs of the Wild
tt0018875,The Farmer's Daughter
tt0018876,The Farmer's Wife
tt0018877,Farmyard Follies
tt0018878,Fashion Madness
tt0018879,Fazil
tt0018880,The Fearless Rider
tt0018881,Feed 'em and Weep
tt0018882,Feel My Pulse
tt0018883,Uma Ferra de Gado em Muge
tt0018884,The Bold Dragoon
tt0018885,Fiery Fireman
tt0018886,Fiesta de la Victoria en Jaca
tt0018887,The Fifty-Fifty Girl
tt0018888,Filmens helte
tt0018889,Finders Keepers
tt0018890,The Finishing Touch
tt0018891,The First Born
tt0018892,The First Kiss
tt0018893,The Five O'Clock Girl
tt0018894,Five and Ten Cent Annie
tt0018895,Flamenca la gitane
tt0018896,The Fleet's In
tt0018897,Fleetwing
tt0018898,The Floating College
tt0018899,Escape from Hell
tt0018900,Flyin' Buckaroo
tt0018901,The Flyin' Cowboy
tt0018902,Flying Romeos
tt0018903,Fools for Luck
tt0018904,Forbidden Hours
tt0018905,The Foreign Legion
tt0018906,Forgotten Faces
tt0018907,4 Devils
tt0018908,The Four Feathers
tt0018909,Four Sons
tt0018910,Four Walls
tt0018911,The Four-Footed Ranger
tt0018912,The Fourflusher
tt0018913,The Fox Chase
tt0018914,Frauenarzt Dr. Schäfer
tt0018915,Freckles
tt0018916,Free Lips
tt0018917,Freedom of the Press
tt0018918,Freiwild
tt0018920,Futuritzy
tt0018921,Fátima Milagrosa
tt0018922,Fünf bange Tage
tt0018923,Gaito no kishi
tt0018925,The Gallopin' Gaucho
tt0018926,Gang War
tt0018927,The Garden of Eden
tt0018928,The Gate Crasher
tt0018929,The Gateway of the Moon
tt0018930,The Secret Courier
tt0018931,Gentlemen Prefer Blondes
tt0018932,A Gentleman Preferred
tt0018933,George Washington Cohen
tt0018934,G'schichten aus dem Wienerwald
tt0018935,Sex in Chains
tt0018936,The Girl from Nowhere
tt0018937,A Girl in Every Port
tt0018938,Das Girl von der Revue
tt0018939,The Girl-Shy Cowboy
tt0018940,Giuditta e Oloferne
tt0018941,Give and Take
tt0018942,Motele the Weaver
tt0018943,Gloria
tt0018945,Glorious Betsy
tt0018946,The Glorious Trail
tt0018947,Going Places
tt0018948,Golden Shackles
tt0018949,Golf Widows
tt0018950,Good Morning  Judge
tt0018951,The Good-Bye Kiss
tt0018952,Goya que vuelve
tt0018953,The Grain of Dust
tt0018955,La grande passion
tt0018956,The Soul of France
tt0018957,Greased Lightning
tt0018958,The Great Arctic Seal Hunt
tt0018959,Green Grass Widows
tt0018960,The Grip of the Yukon
tt0018961,The Amateur Adventure
tt0018962,Der größte Gauner des Jahrhunderts
tt0018963,Guardians of the Wild
tt0018964,El guerrillero
tt0018965,The Gun Runner
tt0018966,Guns of Loos
tt0018967,Gustaf Wasa  Part One
tt0018968,Gustaf Wasa  Part Two
tt0018969,Gypsy of the North
tt0018970,Habeas Corpus
tt0018971,Half a Bride
tt0018972,Hangman's House
tt0018973,Majestät schneidet Bubiköpfe
tt0018974,Happiness Ahead
tt0018975,Hara-Kiri
tt0018976,Harold Teen
tt0018977,Hattmakarens bal
tt0018978,The Haunted House
tt0018979,Haunted Island
tt0018980,The Hawk's Nest
tt0018981,The Head Man
tt0018982,The Head of the Family
tt0018983,Headin' for Danger
tt0018984,Heart Trouble
tt0018985,The Heart of Broadway
tt0018986,The Heart of a Follies Girl
tt0018987,Heart to Heart
tt0018988,Hectic Days
tt0018989,Die Heilige und ihr Narr
tt0018990,Homecoming
tt0018991,Hello Cheyenne
tt0018992,Hellship Bronson
tt0018993,Her Wild Oat
tt0018994,Strauss  the Waltz King
tt0018995,Hey Rube!
tt0018996,High Treason
tt0018997,High Up
tt0018998,Couple on the Move
tt0018999,His House in Order
tt0019000,His Last Battle
tt0019001,His Last Haul
tt0019002,His New Stenographer
tt0019003,His Private Life
tt0019004,His Tiger Wife
tt0019005,His Unlucky Night
tt0019006,Hit of the Show
tt0019007,Hito no isshô - Jinsei banji kane no maki: Dai ippen
tt0019008,Man's Worldly Appearance
tt0019009,Hold 'Em Yale
tt0019010,Hollywood Bound
tt0019011,Hollywood Today No. 4
tt0019012,The Home Towners
tt0019013,Home  James
tt0019014,Homeless Homer
tt0019015,Homesick
tt0019016,Honeymoon
tt0019017,Honeymoon Flats
tt0019018,Honor Bound
tt0019019,Aftermath
tt0019020,A Horse Tale
tt0019021,Horseman of the Plains
tt0019022,Hot Dogs
tt0019023,Hot Heels
tt0019024,Hot News
tt0019025,The Hound of Silver Creek
tt0019026,Dom v sugrobakh
tt0019027,The House of Scandal
tt0019028,How to Handle Women
tt0019030,Hrích
tt0019031,Hubby's Latest Alibi
tt0019032,Hubby's Weekend Trip
tt0019033,Hungry Hoboes
tt0019034,Mati samepo
tt0019035,Interference
tt0019036,Into No Man's Land
tt0019037,Into the Night
tt0019038,The Warning
tt0019039,Isle of Lost Men
tt0019040,Janssons frestelse
tt0019041,Jazz Mad
tt0019042,Jazzland
tt0019043,Crossroads
tt0019044,Just Married
tt0019045,Pumpkin
tt0019046,Kaikokuki
tt0019047,Kaitô Samimaro
tt0019048,Kami eno michi
tt0019049,Fight of the Tertia
tt0019050,Fight for the Matterhorn
tt0019051,In Old Siberia
tt0019052,Kyôrakû hîcho
tt0019053,Kif Tebbi
tt0019054,Kinder der Straße
tt0019055,King Cowboy
tt0019056,Kit Carson
tt0019057,A Knight in London
tt0019058,Kraft og skønhed
tt0019060,Kruzheva
tt0019061,Kukla s millionami
tt0019062,Ladies of the Mob
tt0019063,Ladies of the Night Club
tt0019064,Ladies' Night in a Turkish Bath
tt0019065,Lady Be Good
tt0019066,Lady Raffles
tt0019067,A Lady of Chance
tt0019068,The Lady of Victories
tt0019069,Die Lampelgasse
tt0019070,Land of the Silver Fox
tt0019071,The Last Command
tt0019072,The Last Moment
tt0019073,The Latest from Paris
tt0019074,Laugh  Clown  Laugh
tt0019075,The Law and the Man
tt0019076,The Law of the Mounted
tt0019077,The Law of the Range
tt0019078,Leaping Luck
tt0019079,Leave 'em Laughing
tt0019080,The Legion of the Condemned
tt0019081,Die Leibeigenen
tt0019082,The Lemon
tt0019083,Leontines Ehemänner
tt0019084,The Leopard Lady
tt0019085,Let 'Er Go Gallegher
tt0019086,The Last Fort
tt0019087,Theatre
tt0019088,Love in Kuhstall
tt0019089,Liebe und Diebe
tt0019090,Liebensraum
tt0019091,Liebfraumilch
tt0019092,Life's Crossroads
tt0019093,Life's Mockery
tt0019094,Life's a Stage
tt0019095,Lightning Speed
tt0019096,Lights of New York
tt0019097,Lights of Paris
tt0019098,Lilac Time
tt0019099,Lingerie
tt0019100,The Lion and the Mouse
tt0019101,The Lion's Roar
tt0019102,Les lions
tt0019103,Skirts
tt0019104,The Little Shepherd of Kingdom Come
tt0019105,The Little Snob
tt0019106,The Little Wild Girl
tt0019107,The Little Yellow House
tt0019108,The Lone Patrol
tt0019109,Lonesome
tt0019110,Looping the Loop
tt0019111,Lotte
tt0019112,Love Hungry
tt0019113,Love Me and the World Is Mine
tt0019114,Love Over Night
tt0019115,Love and Learn
tt0019116,Love at First Flight
tt0019117,Love in Black and White
tt0019119,Loves of an Actress
tt0019120,Luna sleva
tt0019121,Mad Hour
tt0019122,Madame Récamier
tt0019123,A Made-to-Order Hero
tt0019124,Mademoiselle Parley Voo
tt0019125,The Magnificent Flirt
tt0019127,Misdeal
tt0019128,Man Crazy
tt0019129,Midnight Life
tt0019130,The Man Who Laughs
tt0019131,The Man Without a Face
tt0019132,The Man from Headquarters
tt0019133,Man in the Rough
tt0019134,Man  Woman and Wife
tt0019135,Man-Made Women
tt0019136,Manhattan Cocktail
tt0019137,The Manhattan Cowboy
tt0019138,Manhattan Knights
tt0019139,Man Against Man
tt0019140,The Man with the Frog
tt0019141,Wedding March
tt0019142,Maria Marten
tt0019143,Mark of the Frog
tt0019144,Marked Money
tt0019145,Marlie the Killer
tt0019146,Marquis d'Eon  der Spion der Pompadour
tt0019147,Marriage by Contract
tt0019148,Marry the Girl
tt0019149,The Masked Angel
tt0019150,The Masks of the Devil
tt0019151,The Matinee Idol
tt0019152,The Mating Call
tt0019153,El mayorazgo de Basterretxe
tt0019154,Me  Gangster
tt0019155,The Melancholy Dame
tt0019156,Melody of Love
tt0019158,Der Mann im Feuer
tt0019159,The Michigan Kid
tt0019160,The Midnight Ace
tt0019161,The Midnight Adventure
tt0019163,Midnight Madness
tt0019164,Midnight Rose
tt0019165,The Midnight Taxi
tt0019166,A Million for Love
tt0019167,Minuit... place Pigalle
tt0019168,Miss Edith  Duchess
tt0019169,Miss Information
tt0019170,Mississippi Mud
tt0019171,Los misterios de la imperial Toledo
tt0019172,The Model from Montmartre
tt0019173,Modern Mothers
tt0019174,A Modern Casanova
tt0019175,Moy syn
tt0019176,Change of Heart
tt0019177,Mooi Bandoeng
tt0019178,Moral
tt0019179,Moran of the Marines
tt0019181,Mother Knows Best
tt0019182,Mother Machree
tt0019183,Motherhood: Life's Greatest Miracle
tt0019184,Motorboat Mamas
tt0019186,Moulin Rouge
tt0019188,The Villiage Bride
tt0019190,Must We Marry?
tt0019191,Musume kawaiya
tt0019192,My Home Town
tt0019193,My Man
tt0019194,The Mysterious Airman
tt0019195,The Mysterious Lady
tt0019196,The Mystery Rider
tt0019197,Mystery Valley
tt0019198,Der geheimnisvolle Spiegel
tt0019200,The Naggers at Breakfast
tt0019201,Name the Woman
tt0019202,Nameless Men
tt0019203,Napoleon's Barber
tt0019204,The Naughty Duchess
tt0019205,Ned McCobb's Daughter
tt0019207,News Parade
tt0019209,The Night Bird
tt0019210,Night Club
tt0019211,The Night Flyer
tt0019212,Night Watch
tt0019213,A Night of Mystery
tt0019214,No Other Woman
tt0019215,No hay quien la mate
tt0019216,None But the Brave
tt0019217,The Noose
tt0019218,Nothing to Wear
tt0019219,Number 17
tt0019220,Nuori luotsi
tt0019221,Wife Lost
tt0019223,Obey Your Husband
tt0019224,Object: Alimony
tt0019225,The Eleventh Year
tt0019226,Oh Kay!
tt0019227,Oh What a Knight
tt0019228,Ohé! Les valises
tt0019229,The Oily Bird
tt0019230,The Old Code
tt0019231,The Ol' Swimmin' Hole
tt0019232,The Olympic Hero
tt0019233,On Trial
tt0019234,On the Links
tt0019236,On to Reno
tt0019237,Our Dancing Daughters
tt0019238,Out of the Ruins
tt0019239,Outcast
tt0019240,Outcast Souls
tt0019241,Ozzie of the Mounted
tt0019242,The Pace That Kills
tt0019243,Painted Post
tt0019244,Painted Trail
tt0019245,Palais de danse
tt0019246,Panicky Pancakes
tt0019247,Paradise
tt0019248,Favorite Melodies
tt0019249,The Doctors' Women
tt0019250,Parizhskiy sapozhnik
tt0019252,Partners in Crime
tt0019253,Pass the Gravy
tt0019254,The Passion of Joan of Arc
tt0019255,La pata del muñeco
tt0019257,The Patriot
tt0019258,The Patsy
tt0019259,Pay as You Enter
tt0019260,Peace on Earth
tt0019262,La pente
tt0019263,Pepe-Hillo
tt0019264,The Perfect Crime
tt0019265,A Perfect Gentleman
tt0019266,Petite fille
tt0019267,The Little Match Girl
tt0019268,The Phantom City
tt0019269,The Phantom Flyer
tt0019270,Phantom of the Range
tt0019271,The Phantom of the Turf
tt0019272,Phyllis of the Follies
tt0019273,The Physician
tt0019275,The Pinto Kid
tt0019276,Pioneer Scout
tt0019277,Pirates of the Pines
tt0019278,Plane Crazy
tt0019279,Plastered in Paris
tt0019280,The Play Girl
tt0019281,Plenniki morya
tt0019282,Police Reporter
tt0019283,Poor Papa
tt0019284,Por un milagro de amor
tt0019285,The Port of Missing Girls
tt0019286,Storm Over Asia
tt0019287,Powder My Back
tt0019288,Power
tt0019289,The Power of Silence
tt0019290,The Power of the Press
tt0019292,Prep and Pep
tt0019293,The Price of Divorce
tt0019294,The Price of Fear
tt0019296,Prowlers of the Sea
tt0019297,Put 'Em Up
tt0019298,Q-Ships
tt0019299,Queen of the Chorus
tt0019300,The Question of Today
tt0019301,Quick Triggers
tt0019302,A Race for Life
tt0019303,Racing Through
tt0019304,The Racket
tt0019305,Ramona
tt0019306,Ranger's Oath
tt0019307,Ransom
tt0019308,Rasputins Liebesabenteuer
tt0019309,The Rawhide Kid
tt0019310,A Reckless Gamble
tt0019312,The Red Dance
tt0019313,Red Hair
tt0019315,Red Lips
tt0019316,The Red Mark
tt0019317,Red Riders of Canada
tt0019318,Teenagers' Republic
tt0019319,Restless Youth
tt0019320,Revenge
tt0019321,Ride 'Em Plowboy
tt0019322,Riders of the Dark
tt0019323,The Riding Renegade
tt0019324,Riding for Fame
tt0019325,Riley the Cop
tt0019326,The Ringer
tt0019327,Rinty of the Desert
tt0019328,Rival Romeos
tt0019329,The River Pirate
tt0019330,The River Woman
tt0019331,Road House
tt0019332,The Road to Ruin
tt0019333,Rocks and Socks
tt0019334,Romance of a Rogue
tt0019335,Rose-Marie
tt0019336,Lev Tolstoy and the Russia of Nicolai II
tt0019337,Run  Girl  Run
tt0019338,Runaway Girls
tt0019339,The Rush Hour
tt0019340,Ruth Etting
tt0019341,Whirl of Youth
tt0019342,Die Räuberbande
tt0019343,Saddle Mates
tt0019344,Sadie Thompson
tt0019345,Sagebrush Sadie
tt0019346,Sailors Don't Care
tt0019347,Sailors' Wives
tt0019348,Sal of Singapore
tt0019349,Sally of the Scandals
tt0019350,Sally's Shoulders
tt0019351,San Francisco Nights
tt0019352,Satan and the Woman
tt0019353,The Sawdust Paradise
tt0019354,Suzy Saxophone
tt0019355,Say It with Sables
tt0019356,The Scarlet Daredevil
tt0019357,The Scarlet Dove
tt0019358,The Scarlet Lady
tt0019359,Scarlet Youth
tt0019360,The Prince of Rogues
tt0019361,Wasted Love
tt0019362,Six Girls and a Room for the Night
tt0019363,The Secret Hour
tt0019364,Secrets of the Range
tt0019365,See You Later
tt0019367,The Sex Life of the Polyp
tt0019368,Shadows of the Night
tt0019369,Shanhkayskiy dokument
tt0019370,Sharp Shooters
tt0019371,Sharp Tools
tt0019373,The Whip
tt0019374,Shiraz
tt0019375,The Shopworn Angel
tt0019376,Should Married Men Go Home?
tt0019377,Show Folks
tt0019378,Show Girl
tt0019379,Show People
tt0019380,The Showdown
tt0019381,The Sideshow
tt0019382,La sierra de Aracena
tt0019383,Silent Sentinel
tt0019384,Silent Trail
tt0019385,Simba: The King of the Beasts
tt0019386,Sin Town
tt0019387,The Gorno Marionettes
tt0019388,The Singing Fool
tt0019389,Sinner's Parade
tt0019390,Sinners in Love
tt0019391,Sins of the Fathers
tt0019392,The Siren
tt0019393,Sisters of Eve
tt0019394,Skinner's Big Idea
tt0019395,Skvoz slyozy
tt0019396,The Sky Rider
tt0019397,Sky Scrappers
tt0019398,Skyscraper
tt0019399,Sleigh Bells
tt0019400,The Smart Set
tt0019401,So This Is Love
tt0019402,Soft Living
tt0019403,Salt for Svanetia
tt0019404,Sole!
tt0019405,Someone to Love
tt0019406,Something Always Happens
tt0019407,Son of the Golden West
tt0019409,The South Pole Flight
tt0019410,Spangles
tt0019411,The Speed Classic
tt0019412,Speedy
tt0019413,The Spellbinder
tt0019414,The Spieler
tt0019415,Spies
tt0019416,The Sporting Age
tt0019417,Sporting Goods
tt0019418,Square Crooks
tt0019419,Stand and Deliver
tt0019421,Steamboat Bill  Jr.
tt0019422,Steamboat Willie
tt0019423,Stocks and Blondes
tt0019424,Stolen Love
tt0019425,Stool Pigeon
tt0019426,Stop That Man!
tt0019427,Stormens barn
tt0019428,Stormy Waters
tt0019429,Street Angel
tt0019430,The Street of Illusion
tt0019431,Street of Sin
tt0019432,Streets of Shanghai
tt0019433,The Stronger Will
tt0019434,Submarine
tt0019435,Suki nareba koso
tt0019436,The Sunset Legion
tt0019437,Sure-Locked Homes
tt0019438,Svarte Rudolf
tt0019439,The Swim Princess
tt0019440,Pathetic Symphony
tt0019441,Synd
tt0019442,Tabakscultuur
tt0019443,Ein Tag Film
tt0019444,Take Me Home
tt0019445,Tall Timber
tt0019446,Der Tanzstudent
tt0019447,Tarzan the Mighty
tt0019448,Taxi 13
tt0019449,Tearin' Into Trouble
tt0019450,Telling the World
tt0019451,Tempest
tt0019452,Tenderfeet
tt0019453,Tenderloin
tt0019454,Tenth Avenue
tt0019455,Terror Mountain
tt0019456,The Terror
tt0019457,A Woman in the Night
tt0019458,Texas Tommy
tt0019459,The Texas Tornado
tt0019460,Thanks for the Buggy Ride
tt0019461,That Brute Simmons
tt0019462,That Certain Thing
tt0019463,That's My Daddy
tt0019464,Their Hour
tt0019465,Their Purple Moment
tt0019466,There It Is
tt0019467,Thief in the Dark
tt0019469,The Three Passions
tt0019470,Three Sinners
tt0019471,Three Week Ends
tt0019472,3-Ring Marriage
tt0019473,Through the Breakers
tt0019474,Thunder Riders
tt0019475,Thundergod
tt0019476,Thérèse Raquin
tt0019477,The Tiger's Shadow
tt0019478,Tillie's Punctured Romance
tt0019479,Times Square
tt0019480,The Sad Sack
tt0019481,The Toilers
tt0019482,The Crazy Countess
tt0019483,Tommy Atkins
tt0019484,Top Sergeant Mulligan
tt0019485,Le tourbillon de Paris
tt0019486,The Tournament
tt0019487,The Tragedy of Youth
tt0019488,Trail Riders
tt0019489,The Trail of '98
tt0019490,Trail of Courage
tt0019491,The Treasurer's Report
tt0019492,A Trick of Hearts
tt0019494,Tropic Madness
tt0019495,Tropical Nights
tt0019496,Boshuri siskhli
tt0019497,Turn Back the Hours
tt0019498,Tusalava
tt0019499,Two-Gun O'Brien
tt0019500,Two Little Drummer Boys
tt0019501,Two Lovers
tt0019502,Dreary House
tt0019503,Two Outlaws
tt0019504,Two Tars
tt0019505,Tyrant of Red Gulch
tt0019506,Gli ultimi zar
tt0019507,Under the Black Eagle
tt0019508,Under the Tonto Rim
tt0019509,Underground
tt0019510,Undressed
tt0019511,Ungarische Rhapsodie
tt0019512,United States Smith
tt0019514,Under the Lantern
tt0019515,Der Unüberwindliche
tt0019516,V bolshom gorode
tt0019517,Va usted en punto con el banco
tt0019518,Vad kvinnan vill
tt0019519,The Valley of Hunted Men
tt0019520,Vamping Venus
tt0019521,The Vanishing Pioneer
tt0019522,The Vanishing Rider
tt0019523,The Vanishing West
tt0019524,Varsity
tt0019525,The Veiled Woman
tt0019526,The Great Road
tt0019527,La venenosa
tt0019528,Veraneo en Jaca
tt0019529,Demon of the Steppes
tt0019530,Victory
tt0019531,Viddenes folk
tt0019532,The Viking
tt0019533,Vila Viçosa
tt0019534,Virgin Lips
tt0019536,Vivre
tt0019537,Voluntad
tt0019538,The Vortex
tt0019539,Vorwärts
tt0019540,Vultures of the Sea
tt0019541,The Wagon Show
tt0019542,Wait and See
tt0019543,Dreams of Youth
tt0019544,Walking Back
tt0019545,Wallflowers
tt0019546,Hôrô zanmai
tt0019548,The Ware Case
tt0019549,Warming Up
tt0019550,The Water Hole
tt0019551,Waterfront
tt0019552,Waterloo
tt0019553,The Way of All Flesh
tt0019554,The Way of the Strong
tt0019555,We Americans
tt0019556,We Faw Down
tt0019557,Weary River
tt0019558,The Wedding March
tt0019559,Weib in Flammen
tt0019560,Die weiße Sonate
tt0019562,West of Santa Fe
tt0019563,West of Zanzibar
tt0019565,What Money Can Buy
tt0019566,What Next?
tt0019567,What Price Beauty?
tt0019568,What a Night!
tt0019569,Wheel of Chance
tt0019570,When the Law Rides
tt0019571,While the City Sleeps
tt0019572,The Whip Woman
tt0019574,White Shadows in the South Seas
tt0019575,King's Mate
tt0019576,Who's Lyin?
tt0019577,Why Sailors Go Wrong
tt0019578,Wickedness Preferred
tt0019579,Wife Savers
tt0019580,The Wife's Relations
tt0019581,Wild West Romance
tt0019582,The Wild West Show
tt0019583,The Wilderness
tt0019584,Win That Girl
tt0019585,The Wind
tt0019586,Die Wochenendbraut
tt0019587,Volga Volga
tt0019588,A Woman Against the World
tt0019589,The Woman Disputed
tt0019590,Woman Wise
tt0019591,A Woman of Affairs
tt0019592,A Woman's Way
tt0019593,Women Men Like
tt0019594,Women They Talk About
tt0019595,Women Who Dare
tt0019596,Won in the Clouds
tt0019597,The Wright Idea
tt0019598,Wyoming
tt0019599,Die Yacht der sieben Sünden
tt0019600,Yanky Clippers
tt0019601,The Yellow Cameo
tt0019602,Yellow Contraband
tt0019603,Yellow Lily
tt0019604,Yellow Stockings
tt0019605,You Can't Beat the Law
tt0019606,You Know What Sailors Are
tt0019607,You're Darn Tootin'
tt0019608,Yvette
tt0019609,The Living Corpse
tt0019610,Refuge
tt0019611,Zvenigora
tt0019612,¡Viva Madrid  que es mi pueblo!
tt0019613,Ådalens poesi
tt0019614,Last Flight
tt0019615,Óbidos
tt0019616,Überfall
tt0019617,'Neath Western Skies
tt0019618,48 pesetas de taxi
tt0019619,Acci-Dental Treatment
tt0019620,The Ace of Scotland Yard
tt0019621,Acquitted
tt0019622,Adam's Eve
tt0019623,Adieu  Mascotte
tt0019624,Der Adjutant des Zaren
tt0019625,After the Fog
tt0019626,Ain't It the Truth
tt0019627,The Air Derby
tt0019628,The Air Legion
tt0019629,The Cursed Village
tt0019630,Alibi
tt0019631,All Steamed Up
tt0019632,All at Sea
tt0019633,Alpine Tale
tt0019634,Always Faithful
tt0019635,Amature Nite
tt0019636,The Amazing Vagabond
tt0019637,Amendoeiras em Flor
tt0019638,The American Prisoner
tt0019639,Andreas Hofer
tt0019640,Angora Love
tt0019641,Anne Against the World
tt0019642,Call at Midnight
tt0019643,L'appassionata
tt0019644,Applause
tt0019645,Una apuesta original
tt0019646,L'Argent
tt0019647,The Argyle Case
tt0019648,The Arizona Kid
tt0019649,Arsenal
tt0019650,As You Mike It
tt0019651,Asahi wa kagayaku
tt0019655,Asphalt
tt0019656,At a Talkie Studio
tt0019657,Atlantic
tt0019658,Atlantic
tt0019659,L'auca del senyor Esteve
tt0019660,Call of the Blood
tt0019661,Aufruhr im Junggesellenheim
tt0019662,Auntie's Antics
tt0019664,The Aviator
tt0019665,Avila y América
tt0019666,The Awful Truth
tt0019667,The Bachelor Girl
tt0019668,Bachelor's Club
tt0019669,Back from Shanghai
tt0019670,Bacon Grabbers
tt0019672,Bad Men's Money
tt0019673,Le baiser qui tue
tt0019674,Ball Park
tt0019675,The Barber's Daughter
tt0019676,Barnum Was Right
tt0019677,The Barnyard Battle
tt0019678,Uma Batida em Malpique
tt0019679,Battle of Paris
tt0019680,Be My King
tt0019682,The Bees' Buzz
tt0019683,Behind Closed Doors
tt0019684,Behind That Curtain
tt0019685,Below the Deadline
tt0019686,Berth Marks
tt0019687,Betrayal
tt0019688,Big Business
tt0019689,The Big Diamond Robbery
tt0019690,Big News
tt0019691,The Big Palooka
tt0019692,The Big Squawk
tt0019693,Big Time
tt0019694,A Bird in the Hand
tt0019695,Birtija
tt0019696,The Black Book
tt0019697,Black Hills
tt0019698,Black Magic
tt0019699,The Black Watch
tt0019700,Black Waters
tt0019701,Black and Tan
tt0019702,Blackmail
tt0019703,Blaze o' Glory
tt0019704,Le Bled
tt0019705,Blue Skies
tt0019706,Wine Cellars
tt0019707,The Body Punch
tt0019708,Tetri mkhedari
tt0019709,The Bondman
tt0019710,Booklovers
tt0019711,Border Romance
tt0019712,The Border Wildcat
tt0019713,Born to the Saddle
tt0019714,Bosko the Talk-Ink Kid
tt0019715,Bouncing Babies
tt0019716,Boxing Gloves
tt0019717,Branding
tt0019718,The Burning Heart
tt0019719,Bride of the Desert
tt0019720,The Bride's Relations
tt0019721,The Bride
tt0019722,The Bridge of San Luis Rey
tt0019723,The Bridge
tt0019724,The Vagabond Queen
tt0019725,Broadway
tt0019726,Broadway Babies
tt0019727,Broadway Fever
tt0019728,The Broadway Hoofer
tt0019729,The Broadway Melody
tt0019730,Broadway Scandals
tt0019731,Broken Hearted
tt0019732,Brothers
tt0019733,Bruder Bernhard
tt0019734,Brothers
tt0019735,Bulldog Drummond
tt0019736,Bullets and Justice
tt0019737,Bulls and Bears
tt0019738,Burning the Wind
tt0019739,Button My Back
tt0019740,Bye  Bye  Buddy
tt0019741,The California Mail
tt0019742,Calling Hubby's Bluff
tt0019743,Campus Knights
tt0019744,Campus Sweethearts
tt0019745,The Canary Murder Case
tt0019746,Le capitaine Fracasse
tt0019747,Captain Cowboy
tt0019748,Captain Lash
tt0019749,The Captain of His Roll
tt0019750,Caramellas
tt0019751,Careers
tt0019752,The Careless Age
tt0019753,The Carnation Kid
tt0019754,The Case of Lena Smith
tt0019755,Cavalaria Portuguesa
tt0019756,Ces dames aux chapeaux verts
tt0019757,The Charlatan
tt0019758,Charming Sinners
tt0019759,Chasing Through Europe
tt0019760,Man with a Movie Camera
tt0019761,Cheyenne
tt0019762,Children of the Ritz
tt0019763,China Bound
tt0019764,China Slaver
tt0019765,Chinatown Nights
tt0019766,An Hour with Chekhov
tt0019767,Christina
tt0019768,Chyornyy parus
tt0019769,Circumstantial Evidence
tt0019770,City of Play
tt0019771,Clancy at the Bat
tt0019772,The Clean-Up
tt0019773,Clear the Decks
tt0019774,Close Harmony
tt0019775,The Clue of the New Pin
tt0019776,The Cock-Eyed World
tt0019777,The Cocoanuts
tt0019778,Code of the West
tt0019779,The Cohens and Kellys in Atlantic City
tt0019781,The College Coquette
tt0019782,College Love
tt0019783,Come Across
tt0019784,Come and Get It!
tt0019785,Condemned!
tt0019786,The Constabule
tt0019787,Construire un feu
tt0019788,Coquette
tt0019789,Courtin' Wildcats
tt0019790,The Cowboy and the Outlaw
tt0019791,Crazy Feet
tt0019792,The Crooked Billet
tt0019793,Crossed Swords
tt0019794,Crossroads
tt0019796,I Graduated  But...
tt0019797,Dance Hall
tt0019798,The Dance of Life
tt0019800,Dangerous Curves
tt0019801,A Dangerous Woman
tt0019802,A dança dos paroxismos
tt0019803,Dark Red Roses
tt0019804,Dark Skies
tt0019805,Dark Streets
tt0019806,Darkened Rooms
tt0019807,Daughters of Desire
tt0019808,A Day of a Man of Affairs
tt0019809,Dear Vivian
tt0019810,The Delightful Rogue
tt0019811,Desert Nights
tt0019812,The Desert Rider
tt0019813,The Desert Song
tt0019814,Detectives Wanted
tt0019815,Devil-May-Care
tt0019816,The Devil's Apple Tree
tt0019817,The Devil's Chaplain
tt0019818,The Devil's Pit
tt0019819,The Diamond Master
tt0019820,Diane - Die Geschichte einer Pariserin
tt0019821,Dios y ley
tt0019822,The Diplomats
tt0019823,Disraeli
tt0019824,The Divine Lady
tt0019825,The Divine Voyage
tt0019826,Divorce Made Easy
tt0019827,The Doctor's Secret
tt0019830,Don't Get Jealous
tt0019831,The Donovan Affair
tt0019832,Double Whoopee
tt0019833,Drag
tt0019834,The Drake Case
tt0019835,Drei machen ihr Glück
tt0019836,Die Drei um Edith
tt0019837,The Drifter
tt0019838,Drifters
tt0019839,The Duke Steps Out
tt0019840,The Dummy
tt0019841,The Brandenburg Arch
tt0019842,Two-Buldi-Two
tt0019843,Dynamite
tt0019844,Déjate de amigos
tt0019845,East Side Sadie
tt0019846,Ehe in Not
tt0019847,Marriage
tt0019848,Elegy of Hell
tt0019849,En rade
tt0019850,Seduction
tt0019851,Hungarian Nights
tt0019852,Eternal Love
tt0019853,The Eternal Prayer
tt0019854,The Eternal Woman
tt0019855,L'évadée
tt0019856,Evangeline
tt0019858,Eventually  But Not Now
tt0019859,Evidence
tt0019860,The Exalted Flapper
tt0019862,Eyes of the Underworld
tt0019863,The Faker
tt0019864,The Far Call
tt0019865,The Fall of Eve
tt0019866,False Fathers
tt0019867,Fancy Baggage
tt0019868,Fancy That
tt0019870,Fashions in Love
tt0019871,Fast Company
tt0019872,Fast Life
tt0019873,The Fatal Warning
tt0019874,Father and Son
tt0019877,Figaro
tt0019878,Fighters of the Saddle
tt0019879,The Fighting Terror
tt0019880,Fighting the White Slave Traffic
tt0019881,Finding His Voice
tt0019882,Finurliga Fridolf
tt0019883,The Fire Detective
tt0019884,Flight
tt0019885,Die Flucht vor der Liebe
tt0019886,The Flying Fleet
tt0019887,The Flying Fool
tt0019888,The Flying Marine
tt0019889,The Flying Scotsman
tt0019890,The Flying Squad
tt0019891,Foolish Husbands
tt0019892,Footlights and Fools
tt0019893,The Foreigner
tt0019894,.45 Calibre War
tt0019895,The Forward Pass
tt0019896,Fox Movietone Follies of 1929
tt0019898,A Foz dos Rios do Minho
tt0019900,Fragments of Life
tt0019901,Woman in the Moon
tt0019902,Die Frau  die jeder liebt  bist du!
tt0019904,Frauen am Abgrund
tt0019905,The Freckled Rascal
tt0019906,From Headquarters
tt0019907,Frozen Justice
tt0019908,Frozen River
tt0019909,Miss Else
tt0019910,Fräulein Lausbub
tt0019911,Frühlingsrauschen - Tränen  die ich dir geweint
tt0019912,Fugitives
tt0019913,Furnace Trouble
tt0019914,Fury of the Wild
tt0019915,Fecundity
tt0019916,Fútbol  amor y toros
tt0019917,The Gamblers
tt0019918,Nights of Love
tt0019919,General Ginsberg
tt0019920,Gentlemen of the Press
tt0019921,Geraldine
tt0019923,The Ghost Talks
tt0019924,Giftgas
tt0019925,Girl Crazy
tt0019926,The Girl from Havana
tt0019927,The Girl from Woolworth's
tt0019928,The Girl in the Glass Cage
tt0019929,The Girl in the Show
tt0019930,The Girl on the Barge
tt0019931,Girls Gone Wild
tt0019932,Glad Rag Doll
tt0019933,Glorifying the American Girl
tt0019934,Ruth Etting  the Sweetheart of Columbia Records  Glorifying the Popular Song
tt0019935,The Godless Girl
tt0019936,Gold Diggers of Broadway
tt0019937,Golden Bridle
tt0019938,The Golfers
tt0019939,China Express
tt0019940,Good Medicine
tt0019941,Good Morning Sheriff
tt0019942,El gordo de navidad
tt0019943,Gore i radost zhenshchiny
tt0019945,The Great Divide
tt0019946,The Great Gabbo
tt0019947,Great Gobs
tt0019948,The Great Power
tt0019949,The Greene Murder Case
tt0019950,The Greyhound Limited
tt0019951,Grit Wins
tt0019952,City Butterfly
tt0019953,Das grüne Monokel
tt0019954,Gun Law
tt0019955,Gunboat Ginsberg
tt0019956,Hail the Princess
tt0019957,Half Marriage
tt0019958,Half Way to Heaven
tt0019959,Hallelujah
tt0019960,Clever Cannibals
tt0019961,Handcuffed
tt0019962,Happy Birthday
tt0019963,Hard to Get
tt0019964,Hardboiled Rose
tt0019965,Harry Fox and His Six American Beauties
tt0019966,The Harvest of Hate
tt0019967,The Hate Ship
tt0019968,The Haunted House
tt0019969,He Loved the Ladies
tt0019970,Headin' Westward
tt0019971,Hearts in Dixie
tt0019972,Hearts in Exile
tt0019973,Heilige oder Dirne
tt0019974,Der Held aller Mädchensträume
tt0019975,Hell's Bells
tt0019976,Hell's Heroes
tt0019977,Hellgate of Soissons
tt0019978,Her Husband's Women
tt0019979,Her Private Affair
tt0019980,Her Private Life
tt0019981,Die Herrin und ihr Knecht
tt0019982,High Seas
tt0019983,High Voltage
tt0019984,Hired and Fired
tt0019985,His Baby Daze
tt0019986,His Captive Woman
tt0019987,His First Command
tt0019988,His Glorious Night
tt0019989,His Lucky Day
tt0019990,The Triumph of the Heart
tt0019991,Hold Your Man
tt0019992,The Hole in the Wall
tt0019993,The Hollywood Revue of 1929
tt0019994,A Hollywood Star
tt0019996,Hongxia
tt0019997,Honky Tonk
tt0019998,Hoofbeats of Vengeance
tt0019999,The Hoose-Gow
tt0020000,Hot Stuff
tt0020001,Hot for Paris
tt0020002,The Hottentot
tt0020003,Hotter Than Hot
tt0020004,Seven Footprints to Satan
tt0020005,Howdy Broadway
tt0020006,Hríchy lásky
tt0020007,The Hound of the Baskervilles
tt0020008,Hunger in Waldenburg
tt0020009,Hurdy Gurdy
tt0020010,El héroe de Cascorro
tt0020011,I Kiss Your Hand Madame
tt0020012,Triumph of Love
tt0020013,Idaho Red
tt0020014,The Idle Rich
tt0020015,Her Skeleton in the Closet
tt0020016,Illusion
tt0020017,In Holland
tt0020018,In Old Arizona
tt0020019,In Old California
tt0020020,In Spain
tt0020021,In the Headlines
tt0020022,Indira
tt0020023,Indizienbeweis
tt0020025,The Informer
tt0020026,Innocents of Paris
tt0020027,Inspiration
tt0020028,L'instinct
tt0020029,The Invaders
tt0020030,The Iron Mask
tt0020031,Is Everybody Happy?
tt0020032,The Isle of Lost Ships
tt0020033,It Can Be Done
tt0020034,It's a Great Life
tt0020035,Iuda
tt0020036,Ja  ja  die Frauen sind meine schwache Seite
tt0020037,La jalousie du barbouillé
tt0020038,James J. Corbett & Neil O'Brien
tt0020040,The Jazz Age
tt0020041,The Jazz Fool
tt0020042,Jazz Heaven
tt0020043,Jealousy
tt0020044,Harbor Drift
tt0020046,Jonetsu no ichiya
tt0020047,José do Telhado
tt0020048,Joy Street
tt0020049,Jungle Rhythm
tt0020050,Just for a Song
tt0020051,Just Off Broadway
tt0020052,The Life of an Office Worker
tt0020053,The Karnival Kid
tt0020054,Katharina Knie
tt0020055,Khromoy barin
tt0020056,The Kibitzer
tt0020057,Kid Gloves
tt0020058,The Kid's Clever
tt0020059,The King of the Kongo
tt0020060,King of the Mountain
tt0020061,King of the Rodeo
tt0020062,The Kiss
tt0020063,Kitty
tt0020064,Knee High
tt0020065,Knights Out
tt0020066,Kolonne X
tt0020067,Die Konkurrenz platzt
tt0020068,Konstgjorda Svensson
tt0020069,Krigets verkliga ansikte
tt0020070,Detectives
tt0020071,Die Königsloge
tt0020072,The Lady Lies
tt0020073,The Lady from the Sea
tt0020074,Lady of the Pavements
tt0020075,Laila
tt0020076,Bride 68
tt0020077,The Lariat Kid
tt0020078,The Last Performance
tt0020079,The Last Round-Up
tt0020080,The Last Warning
tt0020081,The Last of Mrs. Cheyney
tt0020082,The Laughing Lady
tt0020083,Laughing at Death
tt0020084,The Law of the Plains
tt0020085,The Lawless Legion
tt0020086,Lazy Days
tt0020087,Leaping Love
tt0020088,The Leatherneck
tt0020089,Leave It to Gerry
tt0020090,Lesson No. 1
tt0020091,Red Wine
tt0020092,The Letter
tt0020093,Lieutenant of His Majesty
tt0020094,Liberty
tt0020095,Die Liebe der Brüder Rott
tt0020096,Light Fingers
tt0020098,Lillian Roth and Her Piano Boys
tt0020099,Linda
tt0020100,A Little Girl with Big Ideas
tt0020101,Little Johnny Jones
tt0020102,The Little Wildcat
tt0020103,The Locked Door
tt0020104,Lockendes Gift
tt0020105,The Lone Horseman
tt0020106,The Lone Wolf's Daughter
tt0020107,The Long  Long Trail
tt0020108,Lost Patrol
tt0020109,The Lost Zeppelin
tt0020110,Lost in the Arctic
tt0020111,The Love Doctor
tt0020112,The Love Parade
tt0020113,The Love Racket
tt0020114,The Love Trap
tt0020115,Love and the Devil
tt0020116,Love in the Desert
tt0020117,Love's Labor Found
tt0020118,Love  Live and Laugh
tt0020119,Lovers' Delight
tt0020120,Gli amori di Casanova
tt0020121,Lucky Boy
tt0020122,Lucky Star
tt0020123,Lucky in Love
tt0020124,Ludwig der Zweite  König von Bayern
tt0020125,The Lunkhead
tt0020126,Madame X
tt0020127,The Madhouse
tt0020128,Madonna of Avenue A
tt0020129,Madonna of the Sleeping Cars
tt0020131,Karina the Dancer
tt0020132,Making the Grade
tt0020133,Mal estudiante
tt0020134,Mother Hummingbird
tt0020135,The Man I Love
tt0020136,The Man and the Moment
tt0020137,The Man from Nevada
tt0020138,A Man's Man
tt0020139,Der Mann  der nicht liebt
tt0020140,Manolescu - Der König der Hochstapler
tt0020142,The Manxman
tt0020143,Marianne
tt0020144,Marianne
tt0020145,Marquis Preferred
tt0020146,The Marriage Playground
tt0020147,Married in Hollywood
tt0020148,Mascottchen
tt0020149,Masked Emotions
tt0020150,Masquerade
tt0020151,Master and Man
tt0020152,Matchmaking Mamma
tt0020153,The Medicine Men
tt0020154,Meet the Quince
tt0020155,Mein Herz ist eine Jazzband
tt0020156,Meine Frau
tt0020157,Perjury
tt0020158,Melody of the World
tt0020159,Melody of the Heart
tt0020160,Melody Lane
tt0020161,Men O'War
tt0020162,A Menina Endiabrada
tt0020163,People on Sunday
tt0020165,Saint Joan the Maid
tt0020166,Mexicali Rose
tt0020167,Mickey's Choo-Choo
tt0020168,Mickey's Follies
tt0020169,Midnight Daddies
tt0020170,Midnight on the Barbary Coast
tt0020171,Midstream
tt0020172,The Million Dollar Collar
tt0020174,The Mississippi Gambler
tt0020175,Mister Antonio
tt0020176,El misterio de la Costa Brava
tt0020177,El misterio de la Puerta del Sol
tt0020178,Midnight Taxi
tt0020179,Moan & Groan  Inc.
tt0020180,Modern Love
tt0020181,A Modern Sappho
tt0020182,Monte Cristo
tt0020183,Montmartre Rose
tt0020184,Morgan's Last Raid
tt0020186,A Most Immoral Lady
tt0020187,Mother's Boy
tt0020189,The Naggers' Day of Rest
tt0020190,Mr. Smith Wakes Up
tt0020191,Music Hath Charms
tt0020193,Mother Krause's Journey to Happiness
tt0020194,Mother Love
tt0020196,My Lady's Past
tt0020197,The Mysterious Dr. Fu Manchu
tt0020198,The Mysterious Island
tt0020199,Männer ohne Beruf
tt0020200,Möblierte Zimmer
tt0020201,Die Nacht des Schreckens
tt0020202,Die Nacht gehört uns
tt0020203,Nachtgestalten
tt0020204,Nad ranem
tt0020205,Napoleon at St. Helena
tt0020206,Anesthesia
tt0020207,Der Narr seiner Liebe
tt0020209,Naughty Baby
tt0020210,Navy Blues
tt0020211,Nazaré  Praia de Pescadores
tt0020212,Nearly Divorced
tt0020213,Bolnye nervy
tt0020214,The New Half Back
tt0020215,New Orleans
tt0020216,New Year's Eve
tt0020217,New York Nights
tt0020218,Night Parade
tt0020219,A Night in a Dormitory
tt0020220,Nihonbashi
tt0020221,Nix on Dames
tt0020222,No Defense
tt0020223,Noah's Ark
tt0020224,Nobleza de almas
tt0020225,Noisy Neighbors
tt0020226,Not Quite Decent
tt0020227,Nothing But the Truth
tt0020228,The New Gentlemen
tt0020230,The New Babylon
tt0020231,Nuri  der Elefant
tt0020232,Fragment of an Empire
tt0020233,The Office Scandal
tt0020234,Oh  Yeah?
tt0020235,An Oklahoma Cowboy
tt0020236,The Oklahoma Kid
tt0020237,The Old Barn
tt0020238,On with the Show!
tt0020239,One Good Turn
tt0020240,One Gun Ginsburg
tt0020241,One Hysterical Night
tt0020242,One Splendid Hour
tt0020243,One Stolen Night
tt0020244,The One Woman Idea
tt0020246,The Opry House
tt0020247,Our Modern Maidens
tt0020248,Outdoor Indore
tt0020249,Outlawed
tt0020250,Overland Bound
tt0020251,The Overland Telegraph
tt0020252,Oyaji to sono ko
tt0020253,The Pagan
tt0020254,The Painted Angel
tt0020255,Painted Faces
tt0020256,Pals of the Prairie
tt0020257,Paris
tt0020258,Paris Bound
tt0020259,Paris' Girls
tt0020260,Parivartan
tt0020261,Passion Song
tt0020262,The Peacock Fan
tt0020263,Peach Skin
tt0020264,Perfect Day
tt0020265,Peter der Matrose
tt0020266,The Phantom Rider
tt0020267,The Phantom in the House
tt0020268,The Phantom of the North
tt0020269,Piccadilly
tt0020270,Pink Pajamas
tt0020271,Pioneers of the West
tt0020272,The Pirate of Panama
tt0020273,The Plaything
tt0020274,The Pleasant Sin
tt0020275,Pleasure Crazed
tt0020276,The Plowboy
tt0020277,Plunging Hoofs
tt0020278,Pointed Heels
tt0020279,Points West
tt0020280,Ponto e Vírgula a Pão e Água
tt0020281,Poor Aubrey
tt0020282,Pori
tt0020283,Port of Dreams
tt0020284,La Possession
tt0020285,The Power of Evil
tt0020286,A Throw of Dice
tt0020288,The Pride of Pawnee
tt0020290,The Prince of Hearts
tt0020291,Prisoners
tt0020293,The Ghost That Never Returns
tt0020295,Protection
tt0020296,Quand nous étions deux
tt0020297,Latin Quarter
tt0020298,Queen Kelly
tt0020299,Queen of the Night Clubs
tt0020300,Queen of the Northwoods
tt0020301,The Queen's Secret
tt0020304,The Quitter
tt0020305,The Racketeer
tt0020306,Radio Rhythm
tt0020307,Railroadin'
tt0020308,The Rainbow Man
tt0020309,Rainbow Range
tt0020310,The Rainbow
tt0020311,Raising the Roof
tt0020312,Rasputin
tt0020314,Red Aces
tt0020315,Red Hot Rhythm
tt0020316,Red Hot Speed
tt0020317,The Red Sword
tt0020319,The Redeeming Sin
tt0020320,Redskin
tt0020321,Rain
tt0020322,Die Regimentstochter
tt0020323,The Rescue
tt0020324,The Return of Sherlock Holmes
tt0020325,The Return of the Rat
tt0020326,Revolte im Erziehungshaus
tt0020327,El rey que rabió
tt0020328,Rich People
tt0020329,Riders of the Rio Grande
tt0020330,Riders of the Storm
tt0020331,The Ridin' Demon
tt0020332,Rio Rita
tt0020333,Rivalen im Weltrekord
tt0020334,The River of Romance
tt0020335,The River
tt0020336,Chasing Rainbows
tt0020337,The Rocket Bus
tt0020338,Rodnoy brat
tt0020339,Romance De Luxe
tt0020340,Romance of the Rio Grande
tt0020341,Romance of the Underworld
tt0020342,Samurai Town Story Part I
tt0020343,Rosen blühen auf dem Heidegrab
tt0020344,Rails
tt0020345,Der rote Kreis
tt0020347,The Royal Rider
tt0020348,Rubeville
tt0020349,Der Ruf des Nordens
tt0020350,The Runaway Princess
tt0020352,Rågens rike
tt0020353,S.V.D. - Soyuz velikogo dela
tt0020354,Saba
tt0020355,The Sacred Flame
tt0020356,Sailor's Holiday
tt0020357,Salamander
tt0020358,Sally
tt0020359,Salute
tt0020360,Samba
tt0020361,Ehon mushashugyô
tt0020362,San Ignacio de Loyola
tt0020363,The Sap
tt0020364,The Saturday Night Kid
tt0020365,Saturday's Children
tt0020366,Say It with Songs
tt0020367,Scandal
tt0020368,Scandal in Paris
tt0020369,Scandal
tt0020370,Scarlet Seas
tt0020371,The Ship of Lost Men
tt0020372,S.O.S. Schiff in Not
tt0020373,Die Schmugglerbraut von Mallorca
tt0020376,Das Schweigen im Walde
tt0020377,Sculptor's Dream
tt0020378,See Norway
tt0020379,Sea Fury
tt0020380,The Second Mate
tt0020382,His Best Friend
tt0020383,The Unusual Past of Thea Carter
tt0020384,Selvigs Norgesfilm
tt0020385,Sensation im Wintergarten
tt0020387,Seven Faces
tt0020388,Seven Keys to Baldpate
tt0020389,The Sixth Sense
tt0020390,Señor Americano
tt0020391,The Shady Lady
tt0020392,The Shakedown
tt0020393,Shanghai Lady
tt0020394,Shanghai Rose
tt0020395,The Shannons of Broadway
tt0020396,She Goes to War
tt0020398,Shin joseikan
tt0020399,Ship Ahoy
tt0020400,Ships of the Night
tt0020401,Should a Girl Marry?
tt0020402,Show Boat
tt0020403,Show of Shows
tt0020404,Side Street
